transaction_amount,buyer_account_age_days,seller_trust_score,num_previous_disputes,velocity_1h,seller_rating,is_new_seller,payment_method,category,is_fraud
469.64,34.0,65.39,0.0,2.0,3.4,0.0,upi,Beauty,0
1941.07,64.0,75.05,0.0,2.0,3.87,0.0,card,Books,0
1009.58,65.0,52.29,0.0,0.0,2.36,1.0,card,Grocery,0
1885.42,106.0,72.43,0.0,1.0,3.82,0.0,upi,Fashion,0
2441.26,396.0,82.6,0.0,1.0,4.05,0.0,cod,Home & Kitchen,0
961.82,13.0,86.99,0.0,1.0,4.91,0.0,cod,Fashion,0
308.93,26.0,72.37,0.0,1.0,3.62,0.0,upi,Home & Kitchen,0
945.98,237.0,58.41,0.0,2.0,2.87,0.0,cod,Electronics,0
714.76,63.0,84.48,0.0,1.0,4.61,0.0,card,Home & Kitchen,0
2931.28,148.0,91.95,0.0,2.0,4.62,0.0,upi,Grocery,0
972.98,32.0,52.15,0.0,0.0,2.35,1.0,cod,Electronics,0
1226.53,215.0,71.58,0.0,3.0,3.12,0.0,card,Grocery,0
1343.27,694.0,92.93,0.0,0.0,4.38,0.0,upi,Beauty,0
1410.16,46.0,73.59,1.0,0.0,3.13,0.0,upi,Electronics,0
361.73,264.0,90.97,0.0,1.0,4.52,0.0,cod,Food & Beverage,0
420.34,112.0,64.53,0.0,0.0,3.48,0.0,upi,Home & Kitchen,0
372.84,438.0,56.55,0.0,0.0,2.66,0.0,upi,Fashion,0
617.88,176.0,76.59,0.0,1.0,4.59,0.0,cod,Beauty,0
1445.27,105.0,80.93,1.0,0.0,3.62,0.0,upi,Grocery,0
481.42,85.0,72.54,0.0,1.0,3.79,0.0,wallet,Beauty,0
325.82,438.0,87.7,1.0,2.0,4.52,0.0,upi,Beauty,0
825.11,87.0,61.14,0.0,2.0,2.93,0.0,upi,Home & Kitchen,0
1173.96,19.0,51.77,0.0,2.0,2.54,1.0,card,Pharmacy,0
893.3,11.0,39.08,1.0,1.0,2.45,1.0,upi,Food & Beverage,1
577.97,184.0,82.02,1.0,0.0,4.42,0.0,upi,Pharmacy,0
1989.3,47.0,84.39,1.0,2.0,4.5,0.0,upi,Food & Beverage,0
695.93,57.0,49.12,0.0,0.0,2.18,0.0,upi,Home & Kitchen,0
458.55,172.0,43.76,0.0,1.0,2.34,1.0,wallet,Home & Kitchen,0
1273.3,919.0,70.84,0.0,1.0,3.79,0.0,upi,Grocery,0
870.29,415.0,93.17,0.0,1.0,4.92,0.0,wallet,Beauty,0
607.17,344.0,63.27,0.0,0.0,2.74,0.0,card,Books,0
1212.86,82.0,89.86,0.0,2.0,4.6,0.0,card,Books,0
4830.65,632.0,59.58,0.0,1.0,3.08,0.0,cod,Grocery,0
115.04,38.0,34.09,0.0,2.0,2.04,1.0,upi,Electronics,0
991.88,106.0,82.21,1.0,1.0,4.03,0.0,wallet,Books,0
704.46,2.0,63.17,0.0,0.0,2.81,0.0,cod,Fashion,0
430.35,107.0,50.06,0.0,0.0,2.22,0.0,cod,Beauty,0
1936.69,15.0,93.43,0.0,1.0,4.78,0.0,upi,Beauty,0
2289.33,946.0,71.21,0.0,0.0,3.91,0.0,card,Home & Kitchen,0
788.34,135.0,83.87,0.0,0.0,4.08,0.0,card,Home & Kitchen,0
1199.15,346.0,78.48,0.0,1.0,4.01,0.0,upi,Food & Beverage,0
676.41,54.0,82.58,0.0,3.0,3.51,0.0,upi,Beauty,0
858.62,4.0,74.74,0.0,1.0,3.1,0.0,cod,Books,0
1066.6,52.0,34.18,1.0,2.0,1.85,0.0,card,Grocery,0
1270.03,3.0,52.56,1.0,2.0,2.77,0.0,upi,Grocery,0
273.61,2.0,62.67,0.0,3.0,3.35,0.0,cod,Home & Kitchen,0
742.08,78.0,91.84,0.0,1.0,3.96,0.0,upi,Pharmacy,0
1331.98,166.0,88.59,0.0,2.0,4.87,0.0,wallet,Books,0
506.07,199.0,50.17,0.0,2.0,2.34,0.0,cod,Books,0
237.85,215.0,68.49,0.0,0.0,3.24,0.0,cod,Books,0
392.43,69.0,39.64,0.0,2.0,2.18,1.0,card,Home & Kitchen,1
835.45,329.0,79.94,0.0,0.0,4.02,0.0,card,Pharmacy,0
1350.32,194.0,80.26,0.0,1.0,4.52,0.0,upi,Fashion,0
669.22,41.0,81.95,0.0,0.0,4.31,0.0,wallet,Books,0
180.38,6.0,80.08,0.0,4.0,4.47,0.0,upi,Food & Beverage,0
1370.44,29.0,68.79,0.0,1.0,3.31,0.0,card,Food & Beverage,0
1202.9,75.0,39.39,0.0,3.0,2.34,0.0,upi,Pharmacy,0
1352.81,381.0,88.39,1.0,2.0,3.75,0.0,upi,Electronics,0
430.09,35.0,85.79,0.0,1.0,4.26,0.0,cod,Pharmacy,0
640.81,308.0,68.66,0.0,2.0,3.03,0.0,upi,Pharmacy,0
1676.55,61.0,93.59,0.0,0.0,4.72,0.0,upi,Fashion,0
95.93,289.0,41.64,0.0,2.0,2.14,1.0,upi,Books,0
635.2,523.0,23.05,0.0,0.0,1.44,0.0,wallet,Fashion,0
233.56,155.0,45.6,0.0,0.0,2.36,1.0,card,Pharmacy,0
388.74,207.0,64.44,0.0,1.0,3.0,0.0,card,Books,0
1510.03,271.0,76.09,0.0,0.0,3.67,0.0,wallet,Food & Beverage,0
730.03,70.0,68.79,1.0,1.0,3.5,0.0,card,Food & Beverage,0
331.87,19.0,40.4,0.0,4.0,1.83,1.0,wallet,Pharmacy,1
1135.5,14.0,67.96,0.0,1.0,3.76,0.0,upi,Grocery,0
517.81,153.0,91.21,2.0,1.0,4.45,0.0,upi,Grocery,0
708.42,329.0,58.51,0.0,2.0,3.23,0.0,card,Pharmacy,0
927.24,3.0,64.57,0.0,2.0,3.03,0.0,upi,Grocery,0
1930.53,15.0,56.66,0.0,1.0,3.02,0.0,card,Pharmacy,0
927.25,34.0,74.9,0.0,0.0,3.68,0.0,cod,Pharmacy,0
602.72,812.0,48.92,0.0,2.0,2.8,1.0,upi,Electronics,0
1091.64,197.0,95.15,0.0,3.0,5.0,0.0,upi,Fashion,0
1143.01,92.0,75.67,0.0,2.0,3.85,0.0,wallet,Food & Beverage,0
560.51,266.0,78.11,0.0,2.0,4.48,0.0,card,Home & Kitchen,0
729.75,80.0,62.05,0.0,4.0,3.06,0.0,card,Pharmacy,0
791.21,75.0,76.19,0.0,2.0,3.87,0.0,cod,Fashion,0
1717.0,106.0,59.33,0.0,2.0,2.93,0.0,upi,Electronics,0
101.9,166.0,78.88,1.0,0.0,3.64,0.0,cod,Electronics,0
1049.66,2.0,69.85,2.0,1.0,3.93,0.0,cod,Electronics,0
1434.73,1.0,80.68,1.0,2.0,4.08,0.0,wallet,Fashion,0
1681.59,516.0,90.22,0.0,0.0,4.39,0.0,upi,Pharmacy,0
218.6,15.0,54.33,0.0,1.0,2.5,0.0,upi,Home & Kitchen,0
212.6,160.0,74.5,0.0,0.0,4.29,0.0,upi,Home & Kitchen,0
498.54,121.0,68.77,0.0,1.0,3.4,0.0,upi,Fashion,0
1283.6,106.0,74.12,2.0,1.0,3.66,0.0,upi,Beauty,0
1547.82,631.0,77.02,0.0,2.0,4.16,0.0,card,Books,0
187.46,812.0,24.56,0.0,1.0,1.69,1.0,upi,Food & Beverage,0
944.19,34.0,25.28,0.0,1.0,1.11,1.0,cod,Books,1
1490.9,154.0,91.4,0.0,4.0,4.76,0.0,wallet,Home & Kitchen,0
581.48,741.0,62.53,0.0,1.0,3.31,0.0,upi,Grocery,0
998.98,22.0,49.6,0.0,3.0,2.43,0.0,upi,Fashion,0
290.63,320.0,57.38,1.0,1.0,2.75,0.0,upi,Electronics,0
1195.26,4.0,32.19,0.0,0.0,1.43,1.0,wallet,Beauty,0
698.99,113.0,56.38,0.0,0.0,3.13,0.0,card,Grocery,0
645.33,18.0,67.23,0.0,0.0,3.44,0.0,upi,Home & Kitchen,0
968.21,154.0,71.51,1.0,1.0,3.6,0.0,upi,Beauty,0
163.67,96.0,63.08,0.0,2.0,2.94,0.0,cod,Home & Kitchen,0
512.33,1.0,74.17,0.0,1.0,4.02,0.0,cod,Beauty,0
1491.7,257.0,93.17,0.0,2.0,4.75,0.0,upi,Beauty,0
185.7,235.0,52.17,1.0,1.0,2.35,1.0,upi,Electronics,0
205.23,85.0,55.86,0.0,0.0,2.69,0.0,wallet,Electronics,0
556.48,61.0,67.42,0.0,3.0,3.6,0.0,cod,Pharmacy,0
785.62,181.0,82.8,0.0,1.0,3.61,0.0,upi,Home & Kitchen,0
928.43,177.0,30.83,1.0,1.0,1.53,1.0,card,Fashion,1
2494.98,164.0,77.71,0.0,4.0,4.14,0.0,upi,Beauty,0
952.96,23.0,58.02,0.0,0.0,2.98,0.0,card,Home & Kitchen,0
1043.76,30.0,79.03,0.0,3.0,4.17,0.0,wallet,Pharmacy,0
1686.22,118.0,66.21,0.0,1.0,2.68,0.0,upi,Pharmacy,0
408.89,19.0,53.41,0.0,1.0,2.28,0.0,upi,Grocery,0
1071.16,9.0,83.33,0.0,2.0,4.44,0.0,card,Grocery,0
1273.23,11.0,85.39,0.0,0.0,4.39,0.0,upi,Pharmacy,0
1153.07,307.0,77.61,0.0,2.0,3.8,0.0,upi,Books,0
929.89,6.0,94.03,1.0,1.0,4.78,0.0,upi,Pharmacy,0
882.56,209.0,66.78,0.0,0.0,3.52,0.0,upi,Grocery,0
332.71,6.0,77.63,0.0,4.0,3.74,0.0,upi,Food & Beverage,0
605.55,29.0,61.07,0.0,0.0,2.85,0.0,wallet,Beauty,0
2110.04,257.0,81.47,0.0,2.0,3.67,0.0,wallet,Grocery,0
502.61,144.0,74.29,0.0,1.0,4.15,0.0,card,Books,0
822.87,81.0,84.26,1.0,0.0,4.23,0.0,upi,Grocery,0
783.63,19.0,54.15,0.0,1.0,3.16,0.0,upi,Books,0
1072.02,30.0,84.87,0.0,0.0,3.84,0.0,card,Food & Beverage,0
778.79,67.0,94.29,1.0,1.0,4.75,0.0,card,Pharmacy,0
686.96,529.0,27.36,0.0,1.0,1.01,0.0,upi,Books,0
1458.49,159.0,31.44,0.0,2.0,2.1,0.0,cod,Pharmacy,0
951.7,364.0,90.94,1.0,1.0,5.0,0.0,cod,Grocery,0
883.67,118.0,62.67,0.0,0.0,3.51,0.0,upi,Beauty,0
529.98,52.0,23.59,1.0,0.0,1.0,1.0,wallet,Electronics,1
618.48,288.0,41.44,1.0,0.0,1.73,0.0,cod,Electronics,0
979.33,193.0,65.95,0.0,0.0,3.27,0.0,wallet,Grocery,0
1556.49,130.0,80.86,0.0,3.0,4.08,0.0,cod,Home & Kitchen,0
1917.43,603.0,91.44,0.0,1.0,4.73,0.0,upi,Pharmacy,0
1036.67,32.0,43.52,0.0,1.0,2.32,1.0,card,Fashion,0
2791.58,888.0,48.49,0.0,1.0,2.43,0.0,upi,Pharmacy,0
658.77,16.0,68.06,0.0,1.0,3.33,0.0,upi,Books,0
655.45,8.0,74.19,0.0,1.0,3.46,0.0,upi,Fashion,0
1764.6,123.0,23.22,0.0,2.0,1.36,1.0,card,Grocery,0
912.23,117.0,86.08,2.0,1.0,3.59,0.0,cod,Pharmacy,0
543.18,14.0,69.79,0.0,1.0,3.52,0.0,upi,Beauty,0
804.42,6.0,60.5,1.0,0.0,3.09,0.0,card,Grocery,0
369.41,31.0,63.59,0.0,1.0,3.11,0.0,cod,Food & Beverage,0
717.9,499.0,30.25,0.0,0.0,1.76,1.0,card,Beauty,1
335.88,144.0,55.65,0.0,2.0,3.08,0.0,upi,Grocery,0
368.95,184.0,75.9,0.0,0.0,3.86,0.0,card,Pharmacy,0
971.84,10.0,34.78,0.0,0.0,2.43,1.0,upi,Beauty,0
126.26,96.0,90.67,0.0,0.0,4.32,0.0,card,Grocery,0
339.14,7.0,37.43,0.0,1.0,1.73,1.0,card,Beauty,1
450.9,271.0,69.04,1.0,0.0,3.33,0.0,upi,Beauty,0
600.43,87.0,68.24,0.0,2.0,3.75,0.0,upi,Grocery,0
1201.61,24.0,20.71,2.0,2.0,1.14,1.0,upi,Fashion,1
584.62,118.0,24.49,0.0,1.0,1.0,1.0,cod,Pharmacy,1
2060.15,134.0,86.79,1.0,1.0,4.24,0.0,upi,Beauty,0
497.86,213.0,53.08,0.0,1.0,2.47,0.0,cod,Home & Kitchen,0
135.18,297.0,74.9,0.0,0.0,4.25,0.0,wallet,Beauty,0
356.3,215.0,69.15,0.0,0.0,3.22,0.0,card,Home & Kitchen,0
961.97,27.0,27.82,1.0,2.0,1.39,1.0,cod,Grocery,1
367.92,195.0,88.36,0.0,2.0,3.95,0.0,card,Grocery,0
487.56,221.0,27.92,0.0,1.0,1.44,1.0,upi,Pharmacy,0
1755.01,303.0,93.99,0.0,1.0,5.0,0.0,upi,Home & Kitchen,0
2117.43,149.0,89.36,0.0,2.0,4.22,0.0,wallet,Food & Beverage,0
254.65,54.0,92.38,0.0,1.0,4.9,0.0,cod,Grocery,0
681.83,113.0,48.36,0.0,0.0,2.36,0.0,wallet,Food & Beverage,0
945.95,112.0,78.47,0.0,2.0,3.92,0.0,upi,Pharmacy,0
1503.58,9.0,44.54,0.0,0.0,2.41,0.0,upi,Food & Beverage,0
579.7,52.0,26.82,1.0,1.0,1.0,1.0,upi,Food & Beverage,1
940.52,7.0,93.16,2.0,2.0,4.43,0.0,cod,Grocery,0
1684.79,134.0,51.9,0.0,0.0,2.32,1.0,upi,Electronics,0
822.44,70.0,22.73,0.0,2.0,1.64,1.0,card,Electronics,0
87.15,319.0,46.29,0.0,2.0,2.63,1.0,cod,Grocery,0
676.8,356.0,63.31,2.0,3.0,3.46,0.0,cod,Pharmacy,0
424.23,128.0,56.55,0.0,2.0,3.13,0.0,upi,Books,0
447.86,36.0,64.0,0.0,2.0,3.44,0.0,upi,Food & Beverage,0
476.44,46.0,89.67,0.0,0.0,4.0,0.0,card,Home & Kitchen,0
123.72,582.0,62.45,0.0,0.0,2.94,0.0,upi,Books,0
2022.87,35.0,91.93,1.0,1.0,4.53,0.0,upi,Pharmacy,0
1568.76,143.0,90.75,0.0,1.0,4.58,0.0,upi,Pharmacy,0
2228.37,87.0,71.83,0.0,0.0,3.29,0.0,upi,Electronics,0
2931.77,359.0,66.27,0.0,5.0,2.9,0.0,upi,Food & Beverage,0
916.74,35.0,61.92,0.0,1.0,2.78,0.0,upi,Electronics,0
537.21,403.0,97.47,1.0,0.0,4.65,0.0,cod,Beauty,0
1106.21,105.0,58.84,0.0,3.0,2.83,0.0,card,Fashion,0
1139.94,611.0,53.02,0.0,2.0,2.78,0.0,wallet,Pharmacy,0
535.63,188.0,50.02,0.0,3.0,2.45,1.0,cod,Pharmacy,1
524.07,188.0,95.23,1.0,1.0,5.0,0.0,cod,Beauty,0
753.34,127.0,91.52,0.0,2.0,4.76,0.0,card,Beauty,0
494.72,178.0,48.28,0.0,0.0,2.32,0.0,card,Grocery,0
1148.25,173.0,69.92,1.0,0.0,3.63,0.0,upi,Food & Beverage,0
297.16,316.0,35.01,0.0,0.0,1.72,0.0,card,Pharmacy,0
1327.98,119.0,52.78,0.0,1.0,2.46,0.0,card,Grocery,0
1883.51,137.0,73.77,0.0,1.0,3.71,0.0,card,Beauty,0
2141.62,162.0,75.39,1.0,0.0,3.89,0.0,card,Beauty,0
3227.69,143.0,32.35,0.0,1.0,1.92,0.0,cod,Grocery,0
1161.01,218.0,75.7,0.0,1.0,4.45,0.0,upi,Home & Kitchen,0
256.01,36.0,60.56,0.0,1.0,3.41,0.0,upi,Grocery,0
869.23,271.0,49.96,0.0,2.0,2.2,1.0,upi,Electronics,0
2777.01,621.0,73.12,0.0,3.0,3.18,0.0,cod,Food & Beverage,0
2097.77,1.0,75.46,0.0,0.0,4.16,0.0,wallet,Fashion,0
649.05,275.0,95.74,0.0,1.0,4.75,0.0,cod,Electronics,0
150.39,18.0,67.99,1.0,6.0,3.19,0.0,card,Home & Kitchen,1
1119.65,338.0,37.02,0.0,0.0,2.34,1.0,cod,Beauty,0
242.78,384.0,84.26,0.0,0.0,4.16,0.0,cod,Home & Kitchen,0
1097.79,95.0,73.86,0.0,1.0,3.66,0.0,upi,Grocery,0
1191.33,362.0,84.23,1.0,3.0,4.02,0.0,upi,Books,0
2030.14,80.0,65.32,1.0,2.0,2.66,0.0,cod,Grocery,0
164.23,928.0,39.41,0.0,3.0,1.69,1.0,cod,Fashion,1
1513.87,135.0,49.74,0.0,1.0,2.3,0.0,upi,Pharmacy,0
758.56,4.0,77.78,1.0,3.0,3.4,0.0,upi,Food & Beverage,0
2391.15,1.0,75.11,0.0,2.0,3.78,0.0,wallet,Pharmacy,0
1446.06,67.0,42.8,1.0,1.0,2.22,0.0,card,Beauty,0
921.93,101.0,66.42,1.0,1.0,3.59,0.0,cod,Home & Kitchen,0
413.26,344.0,48.62,1.0,1.0,2.2,1.0,upi,Food & Beverage,1
815.9,258.0,72.65,1.0,1.0,3.07,0.0,card,Home & Kitchen,0
1768.13,345.0,77.12,0.0,1.0,3.76,0.0,upi,Beauty,0
819.85,530.0,88.68,1.0,1.0,4.06,0.0,upi,Home & Kitchen,0
800.13,752.0,83.12,0.0,2.0,4.15,0.0,upi,Food & Beverage,0
831.15,31.0,69.52,0.0,3.0,3.74,0.0,cod,Grocery,0
537.92,135.0,65.51,0.0,0.0,3.12,0.0,upi,Electronics,0
378.2,231.0,50.09,0.0,1.0,2.48,0.0,card,Food & Beverage,0
427.19,449.0,45.58,0.0,0.0,1.66,1.0,card,Grocery,0
886.77,544.0,81.16,1.0,0.0,3.94,0.0,upi,Beauty,0
1563.21,49.0,90.75,0.0,1.0,5.0,0.0,cod,Beauty,0
976.55,1051.0,74.76,0.0,0.0,3.91,0.0,cod,Electronics,0
1791.54,100.0,58.65,1.0,1.0,2.7,0.0,card,Fashion,0
2122.52,506.0,78.94,0.0,0.0,3.61,0.0,upi,Fashion,0
2895.81,106.0,71.23,1.0,2.0,3.55,0.0,wallet,Home & Kitchen,0
2728.37,5.0,84.67,0.0,1.0,4.39,0.0,wallet,Beauty,0
270.56,275.0,24.48,1.0,1.0,1.0,1.0,cod,Electronics,1
1252.78,231.0,67.38,0.0,1.0,3.31,0.0,upi,Fashion,0
609.46,83.0,68.74,0.0,1.0,2.86,0.0,wallet,Pharmacy,0
443.12,70.0,47.29,0.0,1.0,2.61,1.0,upi,Books,0
716.08,146.0,71.41,0.0,1.0,3.31,0.0,cod,Pharmacy,0
2277.04,339.0,39.37,1.0,0.0,2.16,1.0,upi,Books,0
1774.02,111.0,44.79,0.0,1.0,2.34,0.0,card,Beauty,0
893.6,206.0,68.31,1.0,4.0,3.55,0.0,upi,Grocery,0
1396.63,926.0,71.32,0.0,2.0,3.49,0.0,card,Fashion,0
1136.49,47.0,95.11,0.0,1.0,5.0,0.0,upi,Books,0
717.3,99.0,86.44,0.0,1.0,4.13,0.0,upi,Beauty,0
492.53,31.0,68.96,0.0,1.0,3.95,0.0,card,Fashion,0
815.24,125.0,93.06,1.0,0.0,4.73,0.0,wallet,Food & Beverage,0
1460.38,455.0,77.17,0.0,1.0,3.9,0.0,upi,Home & Kitchen,0
2452.81,890.0,83.98,1.0,0.0,4.13,0.0,upi,Fashion,0
1262.28,162.0,88.36,0.0,2.0,4.45,0.0,upi,Grocery,0
566.76,335.0,26.35,0.0,0.0,1.32,1.0,card,Electronics,0
396.52,270.0,74.35,2.0,3.0,4.24,0.0,upi,Home & Kitchen,0
1108.19,277.0,92.75,0.0,0.0,4.27,0.0,upi,Beauty,0
168.78,171.0,56.9,0.0,1.0,2.79,0.0,card,Electronics,0
3996.4,200.0,86.4,1.0,1.0,4.04,0.0,upi,Home & Kitchen,0
1245.13,30.0,50.79,0.0,2.0,2.37,1.0,card,Home & Kitchen,0
2018.78,46.0,79.28,2.0,0.0,3.97,0.0,upi,Beauty,0
1699.54,3.0,63.47,0.0,0.0,3.62,0.0,cod,Books,0
1230.09,29.0,92.5,0.0,0.0,4.77,0.0,upi,Home & Kitchen,0
1175.73,187.0,84.96,1.0,0.0,3.96,0.0,card,Pharmacy,0
1515.77,51.0,79.03,0.0,0.0,3.86,0.0,upi,Beauty,0
669.64,155.0,70.71,0.0,0.0,3.88,0.0,cod,Food & Beverage,0
905.0,11.0,45.09,0.0,0.0,2.08,0.0,upi,Books,1
1576.16,93.0,87.54,0.0,3.0,4.42,0.0,upi,Food & Beverage,0
269.95,385.0,52.35,1.0,1.0,2.74,0.0,cod,Electronics,0
882.65,251.0,90.29,1.0,1.0,4.45,0.0,card,Fashion,0
806.24,330.0,88.02,0.0,1.0,4.13,0.0,upi,Electronics,0
159.92,148.0,83.48,0.0,1.0,4.25,0.0,card,Food & Beverage,0
1317.36,168.0,57.63,0.0,0.0,3.57,0.0,upi,Books,0
1034.24,234.0,54.96,0.0,1.0,2.61,0.0,upi,Grocery,0
881.45,110.0,76.95,0.0,3.0,3.69,0.0,card,Books,0
1785.59,12.0,79.52,0.0,1.0,4.2,0.0,wallet,Pharmacy,0
1593.33,416.0,38.6,0.0,1.0,2.65,0.0,card,Home & Kitchen,0
1678.26,308.0,75.4,1.0,0.0,3.52,0.0,upi,Food & Beverage,0
814.31,362.0,42.43,1.0,3.0,1.77,0.0,card,Home & Kitchen,0
654.65,20.0,63.69,1.0,0.0,3.42,0.0,cod,Fashion,0
1017.12,132.0,75.75,0.0,2.0,4.03,0.0,upi,Beauty,0
1222.12,431.0,45.83,0.0,1.0,2.0,0.0,upi,Home & Kitchen,0
1435.72,361.0,54.49,1.0,0.0,2.64,0.0,upi,Beauty,0
442.31,53.0,46.49,0.0,2.0,1.98,1.0,card,Food & Beverage,1
1165.99,95.0,60.25,0.0,0.0,2.9,0.0,wallet,Pharmacy,0
1926.96,113.0,71.58,1.0,0.0,3.49,0.0,upi,Food & Beverage,0
489.62,54.0,88.35,0.0,1.0,4.7,0.0,upi,Beauty,0
152.9,35.0,83.39,0.0,1.0,4.54,0.0,upi,Books,0
95.87,63.0,70.17,0.0,1.0,3.48,0.0,upi,Pharmacy,0
649.16,90.0,85.09,0.0,1.0,4.71,0.0,card,Fashion,0
378.54,51.0,77.2,0.0,2.0,4.15,0.0,cod,Food & Beverage,0
1278.62,3.0,72.69,0.0,3.0,3.24,0.0,card,Fashion,0
1133.81,68.0,51.69,1.0,2.0,2.92,0.0,card,Fashion,0
185.97,267.0,67.87,0.0,3.0,3.64,0.0,upi,Home & Kitchen,0
1867.51,150.0,73.96,0.0,0.0,4.27,0.0,upi,Pharmacy,0
524.02,121.0,53.84,1.0,3.0,2.77,0.0,cod,Fashion,1
420.96,135.0,45.39,1.0,0.0,2.8,1.0,cod,Beauty,1
1093.02,259.0,69.13,0.0,1.0,2.94,0.0,upi,Food & Beverage,0
612.23,35.0,66.22,0.0,0.0,3.18,0.0,cod,Books,0
1024.26,146.0,95.31,0.0,1.0,4.17,0.0,wallet,Fashion,0
785.89,171.0,91.18,1.0,2.0,4.47,0.0,cod,Beauty,0
2013.1,16.0,36.73,0.0,2.0,1.89,0.0,card,Books,0
1040.89,30.0,94.75,0.0,1.0,4.73,0.0,upi,Food & Beverage,0
718.15,13.0,27.91,0.0,2.0,1.68,1.0,cod,Pharmacy,1
859.81,364.0,68.79,0.0,2.0,4.18,0.0,upi,Grocery,0
1734.86,810.0,72.06,1.0,1.0,3.5,0.0,upi,Food & Beverage,0
446.4,53.0,51.07,1.0,0.0,2.94,0.0,card,Pharmacy,0
1327.4,90.0,56.71,0.0,2.0,3.05,0.0,wallet,Home & Kitchen,0
895.83,64.0,46.16,0.0,2.0,2.42,1.0,cod,Grocery,1
916.77,62.0,51.23,1.0,1.0,2.82,1.0,cod,Pharmacy,1
380.41,41.0,70.6,0.0,2.0,3.43,0.0,upi,Pharmacy,0
652.36,18.0,81.35,1.0,2.0,4.38,0.0,cod,Fashion,0
556.29,128.0,82.77,0.0,0.0,3.71,0.0,cod,Fashion,0
892.4,256.0,88.07,1.0,0.0,4.45,0.0,cod,Books,0
280.05,23.0,24.37,0.0,1.0,1.13,0.0,card,Pharmacy,0
141.42,55.0,73.54,0.0,0.0,4.42,0.0,card,Beauty,0
608.93,278.0,32.68,0.0,2.0,1.31,1.0,cod,Home & Kitchen,0
1758.54,93.0,90.95,1.0,0.0,4.7,0.0,card,Beauty,0
1245.36,100.0,85.27,1.0,1.0,4.64,0.0,upi,Food & Beverage,0
826.71,117.0,56.75,1.0,0.0,2.67,0.0,card,Grocery,0
402.48,371.0,72.48,2.0,4.0,3.64,0.0,cod,Grocery,1
89.89,31.0,95.01,1.0,1.0,4.6,0.0,upi,Electronics,0
520.97,14.0,31.27,0.0,0.0,1.43,0.0,upi,Electronics,0
744.52,95.0,84.52,0.0,0.0,4.73,0.0,cod,Electronics,0
339.93,76.0,33.89,0.0,3.0,1.13,1.0,card,Home & Kitchen,1
1180.99,273.0,80.88,0.0,0.0,4.13,0.0,upi,Grocery,0
1160.29,131.0,52.75,0.0,1.0,2.01,1.0,cod,Fashion,0
601.03,58.0,33.76,2.0,0.0,1.97,1.0,card,Grocery,0
778.4,13.0,22.09,0.0,1.0,1.0,1.0,card,Grocery,0
766.32,643.0,86.68,1.0,2.0,3.82,0.0,upi,Pharmacy,0
1105.31,16.0,42.88,0.0,2.0,2.1,1.0,wallet,Home & Kitchen,1
435.6,139.0,76.16,0.0,1.0,3.45,0.0,upi,Books,0
3788.83,23.0,85.19,0.0,2.0,4.56,0.0,card,Beauty,0
278.53,330.0,48.65,0.0,0.0,2.75,1.0,card,Home & Kitchen,0
440.61,61.0,82.73,1.0,2.0,3.79,0.0,upi,Pharmacy,0
993.35,19.0,36.46,2.0,1.0,1.99,1.0,upi,Food & Beverage,1
2477.88,15.0,45.94,0.0,1.0,2.1,1.0,upi,Electronics,0
565.18,38.0,57.4,0.0,1.0,2.78,0.0,upi,Beauty,0
391.03,397.0,51.17,1.0,0.0,3.16,0.0,wallet,Fashion,0
694.65,385.0,42.83,0.0,2.0,2.03,1.0,cod,Books,1
1353.87,56.0,90.96,1.0,1.0,4.99,0.0,wallet,Home & Kitchen,0
1401.66,115.0,95.4,0.0,2.0,5.0,0.0,wallet,Grocery,0
1240.98,90.0,91.13,1.0,0.0,4.46,0.0,upi,Food & Beverage,0
2656.27,260.0,49.39,1.0,1.0,2.56,0.0,cod,Books,0
1406.66,92.0,81.61,0.0,0.0,3.94,0.0,card,Home & Kitchen,0
1602.81,185.0,84.02,1.0,0.0,4.21,0.0,upi,Home & Kitchen,0
1711.65,87.0,92.91,0.0,1.0,4.85,0.0,card,Pharmacy,0
354.77,3.0,63.92,0.0,0.0,3.18,0.0,upi,Grocery,0
757.41,47.0,70.01,1.0,0.0,3.62,0.0,wallet,Books,0
447.0,91.0,72.88,0.0,3.0,3.44,0.0,cod,Grocery,0
480.09,144.0,26.74,0.0,0.0,1.07,1.0,cod,Electronics,1
644.75,73.0,57.8,0.0,0.0,2.78,0.0,upi,Fashion,0
1086.5,99.0,21.32,0.0,1.0,1.11,1.0,upi,Pharmacy,0
2398.78,96.0,41.25,0.0,2.0,2.46,1.0,upi,Food & Beverage,0
1315.06,4.0,53.58,0.0,1.0,2.63,0.0,cod,Electronics,0
1156.26,118.0,35.61,0.0,1.0,1.91,0.0,card,Fashion,0
655.91,336.0,38.42,0.0,0.0,1.64,1.0,card,Food & Beverage,0
2561.78,20.0,40.21,0.0,0.0,2.27,0.0,upi,Fashion,0
261.84,352.0,51.46,0.0,3.0,2.46,0.0,card,Fashion,0
1432.0,40.0,90.9,1.0,1.0,4.48,0.0,card,Home & Kitchen,0
152.45,741.0,78.3,0.0,1.0,3.94,0.0,wallet,Beauty,0
941.65,424.0,70.44,0.0,2.0,3.36,0.0,cod,Food & Beverage,0
1723.57,39.0,47.36,2.0,1.0,2.04,0.0,upi,Books,0
866.88,161.0,90.96,0.0,1.0,4.69,0.0,card,Food & Beverage,0
2043.72,118.0,80.79,0.0,3.0,4.32,0.0,cod,Electronics,0
401.48,302.0,50.12,1.0,4.0,2.11,0.0,cod,Home & Kitchen,1
86.49,151.0,43.72,0.0,2.0,2.27,1.0,card,Pharmacy,0
279.45,235.0,89.84,0.0,3.0,4.57,0.0,cod,Home & Kitchen,0
668.69,251.0,55.54,0.0,2.0,2.67,0.0,card,Beauty,0
1090.31,574.0,17.37,0.0,5.0,1.0,0.0,upi,Fashion,1
513.97,153.0,56.08,0.0,0.0,3.13,0.0,cod,Pharmacy,0
945.59,2.0,54.23,0.0,1.0,3.37,0.0,wallet,Beauty,0
1250.57,252.0,59.16,0.0,1.0,3.35,0.0,upi,Grocery,0
423.71,65.0,27.27,0.0,4.0,1.53,1.0,card,Books,1
434.01,82.0,69.14,0.0,2.0,3.82,0.0,upi,Grocery,0
232.87,31.0,58.36,0.0,1.0,3.06,0.0,upi,Home & Kitchen,0
2044.12,103.0,91.26,1.0,1.0,4.36,0.0,wallet,Food & Beverage,0
2077.1,122.0,33.38,0.0,0.0,1.78,0.0,wallet,Grocery,0
938.6,11.0,46.8,0.0,1.0,1.94,0.0,upi,Fashion,0
300.99,298.0,30.38,0.0,1.0,1.3,0.0,cod,Pharmacy,0
2321.67,17.0,73.78,1.0,1.0,3.97,0.0,upi,Pharmacy,0
434.62,73.0,87.46,0.0,3.0,4.32,0.0,card,Books,0
243.0,199.0,75.56,0.0,1.0,3.53,0.0,cod,Pharmacy,0
425.16,87.0,81.67,0.0,2.0,3.9,0.0,upi,Beauty,0
383.24,125.0,22.12,1.0,0.0,1.0,1.0,upi,Electronics,1
313.48,1156.0,61.78,0.0,0.0,3.19,0.0,wallet,Books,0
508.26,94.0,78.34,0.0,1.0,3.79,0.0,upi,Home & Kitchen,0
885.41,235.0,66.67,0.0,1.0,3.26,0.0,upi,Electronics,0
1420.03,317.0,44.17,0.0,3.0,2.33,0.0,upi,Grocery,0
703.97,134.0,84.97,0.0,2.0,4.35,0.0,card,Books,0
707.77,423.0,83.57,0.0,1.0,3.82,0.0,cod,Grocery,0
690.88,498.0,74.5,1.0,1.0,3.38,0.0,upi,Electronics,0
243.05,126.0,78.4,0.0,4.0,3.9,0.0,upi,Books,0
1394.42,238.0,74.49,2.0,1.0,3.92,0.0,cod,Pharmacy,0
1732.49,34.0,76.31,1.0,0.0,3.62,0.0,upi,Pharmacy,0
2248.02,445.0,37.46,1.0,3.0,1.71,1.0,upi,Grocery,1
625.42,191.0,46.16,2.0,0.0,2.35,1.0,cod,Fashion,1
2158.59,91.0,54.45,0.0,1.0,2.76,0.0,wallet,Food & Beverage,0
1518.93,106.0,70.16,0.0,1.0,3.49,0.0,wallet,Beauty,0
329.01,116.0,72.76,0.0,1.0,3.75,0.0,card,Grocery,0
435.57,95.0,31.98,0.0,0.0,1.33,1.0,upi,Beauty,0
899.3,106.0,71.83,0.0,2.0,4.05,0.0,cod,Grocery,0
707.5,53.0,36.49,0.0,2.0,1.73,1.0,upi,Grocery,0
281.78,154.0,78.69,0.0,2.0,4.44,0.0,cod,Electronics,0
894.22,38.0,90.98,0.0,0.0,3.9,0.0,cod,Fashion,0
910.76,484.0,85.97,0.0,0.0,3.79,0.0,wallet,Beauty,0
1506.22,249.0,71.5,0.0,1.0,3.55,0.0,card,Beauty,0
547.75,165.0,74.13,0.0,3.0,4.01,0.0,wallet,Books,0
446.15,530.0,43.04,0.0,0.0,2.22,0.0,upi,Fashion,0
229.52,12.0,35.09,0.0,0.0,1.72,0.0,upi,Fashion,0
1018.11,115.0,80.72,0.0,1.0,4.12,0.0,cod,Fashion,0
933.49,499.0,70.06,0.0,1.0,3.5,0.0,wallet,Home & Kitchen,0
2451.73,134.0,95.72,0.0,1.0,5.0,0.0,upi,Home & Kitchen,0
1436.35,175.0,65.01,2.0,1.0,3.1,0.0,upi,Electronics,0
550.77,14.0,68.14,0.0,7.0,3.79,0.0,wallet,Pharmacy,1
851.45,87.0,72.14,0.0,1.0,3.38,0.0,cod,Beauty,0
276.53,19.0,65.28,0.0,2.0,3.18,0.0,upi,Pharmacy,0
621.57,669.0,69.44,1.0,1.0,3.18,0.0,cod,Grocery,0
963.24,261.0,63.82,0.0,3.0,3.45,0.0,card,Beauty,0
2529.96,167.0,90.62,1.0,0.0,4.89,0.0,upi,Books,0
380.6,582.0,75.32,0.0,2.0,3.71,0.0,card,Food & Beverage,0
2000.1,93.0,39.54,1.0,1.0,2.14,1.0,upi,Fashion,0
1009.45,282.0,65.28,1.0,0.0,3.3,0.0,card,Electronics,0
1413.82,50.0,47.96,0.0,1.0,2.58,0.0,upi,Books,0
828.54,68.0,33.09,0.0,2.0,2.01,1.0,card,Electronics,0
478.89,41.0,71.52,0.0,0.0,3.23,0.0,cod,Home & Kitchen,0
1928.28,454.0,70.79,0.0,1.0,3.22,0.0,cod,Food & Beverage,0
587.09,422.0,55.98,0.0,1.0,2.63,0.0,upi,Beauty,0
1358.68,15.0,89.51,0.0,0.0,4.34,0.0,cod,Fashion,0
296.65,325.0,78.77,0.0,0.0,4.0,0.0,cod,Food & Beverage,0
361.66,178.0,70.7,2.0,0.0,3.54,0.0,cod,Electronics,0
154.31,96.0,70.97,0.0,0.0,3.49,0.0,upi,Books,0
761.02,122.0,61.55,0.0,3.0,3.06,0.0,cod,Grocery,0
1010.44,488.0,85.97,0.0,0.0,4.36,0.0,cod,Grocery,0
850.32,233.0,97.19,0.0,1.0,4.63,0.0,upi,Home & Kitchen,0
226.78,96.0,83.3,0.0,3.0,3.53,0.0,wallet,Home & Kitchen,0
367.24,96.0,38.5,0.0,0.0,1.65,1.0,upi,Beauty,0
1397.89,44.0,70.69,0.0,0.0,3.87,0.0,wallet,Beauty,0
540.2,170.0,48.77,0.0,1.0,1.66,1.0,card,Fashion,0
881.11,51.0,28.73,0.0,1.0,1.78,0.0,upi,Fashion,0
509.92,387.0,81.98,0.0,0.0,3.93,0.0,cod,Fashion,0
1287.52,110.0,44.96,0.0,4.0,2.5,1.0,card,Books,1
514.27,249.0,41.06,0.0,2.0,1.75,0.0,cod,Books,1
714.13,649.0,70.17,0.0,2.0,2.76,0.0,upi,Beauty,0
1654.01,165.0,94.72,1.0,3.0,4.48,0.0,upi,Fashion,0
863.45,12.0,60.2,0.0,2.0,2.97,0.0,upi,Beauty,0
402.95,115.0,22.15,1.0,1.0,1.22,1.0,card,Home & Kitchen,1
1147.1,274.0,35.87,0.0,0.0,1.37,1.0,upi,Grocery,1
226.43,1016.0,86.71,0.0,1.0,4.45,0.0,card,Fashion,0
389.47,254.0,83.24,1.0,2.0,4.17,0.0,card,Fashion,0
243.64,160.0,59.19,0.0,0.0,2.77,0.0,upi,Beauty,0
1310.9,804.0,52.39,0.0,1.0,2.65,1.0,cod,Food & Beverage,0
1089.28,77.0,49.19,0.0,3.0,2.49,0.0,card,Food & Beverage,0
1214.93,68.0,20.75,0.0,2.0,1.2,1.0,card,Books,1
975.37,87.0,82.74,1.0,4.0,4.2,0.0,cod,Books,1
1902.46,71.0,43.01,0.0,3.0,2.18,0.0,card,Electronics,0
958.77,119.0,37.41,0.0,4.0,2.46,0.0,upi,Home & Kitchen,1
534.37,152.0,78.05,1.0,1.0,3.32,0.0,card,Electronics,0
416.57,31.0,72.95,0.0,1.0,3.26,0.0,upi,Home & Kitchen,0
948.78,353.0,62.07,0.0,0.0,3.43,0.0,cod,Food & Beverage,0
1797.43,246.0,29.49,1.0,1.0,1.03,1.0,card,Beauty,1
288.93,256.0,42.87,0.0,0.0,2.41,1.0,card,Pharmacy,1
1193.29,337.0,54.0,0.0,0.0,2.8,0.0,card,Books,0
713.94,348.0,58.97,0.0,0.0,2.56,0.0,upi,Books,0
1617.6,142.0,69.7,2.0,1.0,3.78,0.0,card,Grocery,0
201.92,357.0,27.81,0.0,0.0,1.75,1.0,cod,Fashion,0
2458.19,57.0,49.42,0.0,1.0,2.48,1.0,upi,Books,0
706.99,1065.0,78.2,0.0,0.0,3.88,0.0,upi,Home & Kitchen,0
171.0,354.0,63.93,0.0,0.0,3.59,0.0,wallet,Food & Beverage,0
283.85,28.0,44.9,0.0,0.0,1.74,1.0,cod,Home & Kitchen,0
2689.5,43.0,49.71,0.0,2.0,2.69,0.0,upi,Home & Kitchen,1
1189.54,213.0,65.81,0.0,1.0,2.86,0.0,upi,Fashion,0
648.41,56.0,49.38,0.0,2.0,2.64,0.0,cod,Beauty,0
3097.78,186.0,78.36,0.0,1.0,3.88,0.0,cod,Grocery,0
930.09,171.0,79.42,1.0,0.0,3.96,0.0,upi,Books,0
1551.28,74.0,75.97,0.0,1.0,4.29,0.0,card,Food & Beverage,0
362.97,4.0,86.57,0.0,3.0,3.86,0.0,upi,Electronics,0
628.93,15.0,24.7,1.0,0.0,1.45,0.0,card,Beauty,0
918.96,86.0,31.53,0.0,3.0,1.56,0.0,upi,Books,0
571.56,39.0,22.44,1.0,0.0,1.15,1.0,upi,Grocery,1
1887.06,147.0,67.42,0.0,1.0,3.63,0.0,upi,Electronics,0
1164.92,330.0,95.62,0.0,1.0,5.0,0.0,wallet,Beauty,0
282.45,40.0,60.24,0.0,0.0,3.2,0.0,upi,Books,0
680.12,175.0,43.84,1.0,1.0,1.93,0.0,card,Grocery,0
425.11,67.0,45.76,0.0,0.0,2.47,1.0,upi,Grocery,0
1184.96,106.0,68.51,0.0,0.0,3.65,0.0,upi,Home & Kitchen,0
569.03,79.0,63.46,0.0,1.0,3.32,0.0,upi,Pharmacy,0
171.06,408.0,39.05,1.0,2.0,2.14,0.0,upi,Pharmacy,0
1049.73,125.0,38.69,0.0,0.0,1.96,1.0,card,Grocery,0
544.82,47.0,49.94,0.0,1.0,2.15,0.0,card,Home & Kitchen,0
2074.39,592.0,49.31,0.0,3.0,2.34,0.0,upi,Home & Kitchen,0
320.23,5.0,94.07,0.0,0.0,4.56,0.0,wallet,Home & Kitchen,0
447.34,72.0,63.67,0.0,0.0,3.19,0.0,upi,Grocery,0
656.25,357.0,84.27,1.0,1.0,4.09,0.0,cod,Home & Kitchen,0
1092.09,259.0,33.78,0.0,2.0,2.23,0.0,card,Grocery,0
1651.19,409.0,84.5,1.0,3.0,4.36,0.0,upi,Home & Kitchen,0
628.96,264.0,83.6,1.0,1.0,4.16,0.0,upi,Food & Beverage,0
939.51,115.0,78.37,0.0,2.0,4.0,0.0,upi,Grocery,0
214.7,538.0,44.65,0.0,3.0,2.36,1.0,card,Books,0
451.92,66.0,60.52,2.0,1.0,3.68,0.0,cod,Beauty,0
581.06,224.0,44.88,1.0,1.0,2.38,0.0,upi,Pharmacy,0
654.75,413.0,76.9,0.0,0.0,3.72,0.0,wallet,Home & Kitchen,0
1280.55,58.0,84.77,1.0,1.0,3.93,0.0,wallet,Food & Beverage,0
2793.35,78.0,75.84,0.0,1.0,3.86,0.0,upi,Fashion,0
473.05,226.0,87.54,0.0,1.0,4.99,0.0,upi,Electronics,0
1180.98,38.0,64.67,1.0,2.0,3.19,0.0,wallet,Home & Kitchen,0
1880.42,127.0,78.2,0.0,0.0,3.63,0.0,wallet,Beauty,0
1817.14,7.0,92.25,0.0,3.0,4.91,0.0,upi,Food & Beverage,0
380.09,244.0,59.4,0.0,3.0,3.01,0.0,cod,Home & Kitchen,0
1746.19,257.0,29.46,0.0,4.0,1.0,1.0,wallet,Grocery,1
293.24,563.0,85.38,0.0,0.0,4.33,0.0,cod,Food & Beverage,0
287.73,5.0,84.07,0.0,0.0,4.55,0.0,card,Food & Beverage,0
845.9,506.0,87.29,0.0,1.0,3.73,0.0,upi,Beauty,0
577.67,192.0,91.92,1.0,2.0,4.81,0.0,card,Grocery,0
2187.12,44.0,47.13,0.0,2.0,1.98,0.0,cod,Books,0
165.85,304.0,75.33,0.0,0.0,3.71,0.0,upi,Pharmacy,0
854.54,615.0,66.06,1.0,2.0,3.16,0.0,cod,Books,0
1570.6,165.0,66.62,0.0,1.0,3.66,0.0,card,Electronics,0
153.95,85.0,82.4,0.0,2.0,4.42,0.0,card,Fashion,0
606.8,256.0,90.71,0.0,0.0,4.13,0.0,cod,Electronics,0
1541.24,209.0,22.16,0.0,1.0,1.0,0.0,wallet,Pharmacy,0
793.88,68.0,81.2,0.0,1.0,3.61,0.0,upi,Fashion,0
793.46,20.0,89.47,1.0,2.0,4.6,0.0,cod,Books,0
1654.72,240.0,80.26,1.0,5.0,3.33,0.0,card,Home & Kitchen,1
1119.33,216.0,74.28,1.0,1.0,3.52,0.0,upi,Fashion,0
457.18,218.0,95.31,1.0,0.0,5.0,0.0,card,Beauty,0
2447.57,298.0,74.7,0.0,1.0,3.91,0.0,card,Food & Beverage,0
706.28,306.0,23.52,0.0,1.0,1.0,1.0,cod,Home & Kitchen,0
277.65,90.0,43.5,0.0,0.0,2.23,0.0,upi,Grocery,0
824.85,150.0,82.01,0.0,0.0,3.81,0.0,cod,Books,0
754.3,77.0,73.46,1.0,5.0,3.48,0.0,upi,Home & Kitchen,0
1091.1,127.0,61.41,1.0,2.0,2.9,0.0,card,Grocery,0
1227.0,118.0,37.42,0.0,0.0,1.73,1.0,card,Pharmacy,0
225.53,8.0,28.37,0.0,0.0,1.39,1.0,card,Pharmacy,0
661.59,921.0,58.59,0.0,1.0,2.71,0.0,upi,Fashion,0
1125.06,312.0,74.41,0.0,0.0,3.51,0.0,upi,Electronics,0
803.64,113.0,71.02,0.0,1.0,3.82,0.0,upi,Books,0
539.72,62.0,87.86,1.0,1.0,4.39,0.0,wallet,Food & Beverage,0
1374.23,175.0,41.68,0.0,1.0,1.76,0.0,wallet,Pharmacy,0
1366.8,206.0,75.84,0.0,1.0,3.82,0.0,upi,Fashion,0
51.59,240.0,82.38,1.0,3.0,3.67,0.0,cod,Beauty,0
944.29,348.0,71.2,0.0,2.0,3.59,0.0,card,Beauty,0
1086.66,36.0,35.36,1.0,0.0,1.94,0.0,upi,Food & Beverage,0
664.69,45.0,81.96,2.0,2.0,4.34,0.0,cod,Books,0
886.01,93.0,71.21,0.0,0.0,3.69,0.0,wallet,Pharmacy,0
705.27,1.0,60.84,1.0,2.0,2.72,0.0,upi,Pharmacy,0
1060.47,34.0,66.73,0.0,3.0,3.17,0.0,upi,Electronics,0
550.58,5.0,47.73,0.0,2.0,2.73,0.0,wallet,Grocery,0
567.0,160.0,87.35,1.0,0.0,4.27,0.0,cod,Food & Beverage,0
707.46,238.0,70.04,1.0,0.0,3.48,0.0,upi,Grocery,0
1079.23,21.0,69.63,0.0,0.0,3.68,0.0,upi,Beauty,0
1175.71,173.0,49.66,0.0,1.0,2.94,0.0,card,Beauty,0
1991.92,71.0,85.86,0.0,2.0,4.27,0.0,card,Electronics,0
306.32,88.0,43.0,1.0,1.0,2.03,0.0,upi,Fashion,0
134.34,54.0,90.41,0.0,1.0,5.0,0.0,card,Books,0
1367.89,142.0,77.76,0.0,2.0,4.48,0.0,upi,Pharmacy,0
838.18,8.0,79.87,1.0,0.0,4.0,0.0,upi,Home & Kitchen,0
157.7,381.0,58.25,1.0,2.0,2.92,0.0,upi,Pharmacy,0
698.42,603.0,23.36,1.0,4.0,1.44,1.0,cod,Grocery,1
1644.5,35.0,62.51,2.0,2.0,3.26,0.0,upi,Electronics,0
550.29,173.0,64.34,0.0,2.0,3.23,0.0,upi,Books,0
937.87,29.0,65.52,1.0,0.0,3.5,0.0,cod,Food & Beverage,0
461.27,71.0,21.9,1.0,2.0,1.0,1.0,upi,Electronics,1
337.14,183.0,43.93,0.0,1.0,2.53,0.0,cod,Electronics,0
1477.73,387.0,35.31,0.0,0.0,1.96,1.0,upi,Home & Kitchen,0
503.04,48.0,35.59,0.0,1.0,1.92,1.0,upi,Home & Kitchen,1
644.17,71.0,43.85,0.0,0.0,2.16,0.0,card,Beauty,0
824.38,41.0,48.61,1.0,2.0,2.24,0.0,wallet,Food & Beverage,0
454.6,385.0,55.79,0.0,0.0,2.26,0.0,upi,Food & Beverage,0
3560.03,225.0,50.62,0.0,0.0,2.0,0.0,upi,Pharmacy,0
1349.29,13.0,21.59,0.0,1.0,1.0,1.0,card,Grocery,1
254.26,386.0,98.72,0.0,0.0,5.0,0.0,cod,Home & Kitchen,0
1564.47,598.0,67.79,1.0,2.0,3.19,0.0,card,Pharmacy,0
958.04,20.0,72.96,0.0,2.0,3.29,0.0,card,Pharmacy,0
1039.87,101.0,77.06,0.0,0.0,3.83,0.0,upi,Pharmacy,0
716.69,74.0,69.57,0.0,0.0,3.19,0.0,upi,Food & Beverage,0
634.21,66.0,69.0,1.0,3.0,3.33,0.0,upi,Fashion,0
1565.71,173.0,41.55,1.0,1.0,2.24,1.0,upi,Food & Beverage,0
331.12,509.0,75.42,1.0,1.0,3.67,0.0,cod,Food & Beverage,0
1806.7,399.0,67.95,0.0,1.0,3.3,0.0,card,Electronics,0
872.14,65.0,92.08,0.0,2.0,4.6,0.0,cod,Electronics,0
237.72,413.0,46.63,0.0,1.0,1.91,1.0,card,Fashion,0
190.91,26.0,72.12,0.0,2.0,3.69,0.0,upi,Books,0
466.71,612.0,61.82,1.0,1.0,3.52,0.0,card,Beauty,0
527.78,154.0,52.62,0.0,1.0,2.52,1.0,card,Books,1
198.59,447.0,83.34,0.0,2.0,4.2,0.0,upi,Home & Kitchen,0
1123.75,232.0,98.77,0.0,1.0,4.69,0.0,wallet,Pharmacy,0
1248.66,187.0,41.18,0.0,1.0,1.84,0.0,cod,Books,0
1202.15,591.0,59.5,0.0,0.0,3.27,0.0,cod,Fashion,0
1460.53,124.0,47.37,0.0,0.0,2.42,1.0,card,Pharmacy,0
562.43,360.0,62.46,0.0,0.0,3.32,0.0,cod,Home & Kitchen,0
1009.97,79.0,33.51,0.0,4.0,1.76,0.0,upi,Books,0
1450.54,233.0,49.09,0.0,2.0,2.41,0.0,cod,Food & Beverage,0
1133.6,184.0,79.35,0.0,2.0,4.33,0.0,wallet,Pharmacy,0
943.75,12.0,57.68,0.0,1.0,2.35,0.0,upi,Electronics,0
1852.83,120.0,62.76,0.0,1.0,2.9,0.0,card,Books,0
606.48,103.0,34.36,0.0,1.0,1.6,0.0,upi,Fashion,0
603.31,88.0,40.42,1.0,1.0,2.03,1.0,card,Home & Kitchen,0
871.65,286.0,34.33,0.0,0.0,1.63,1.0,cod,Home & Kitchen,0
868.85,108.0,62.09,1.0,2.0,3.17,0.0,upi,Pharmacy,0
844.24,11.0,78.06,0.0,1.0,4.31,0.0,card,Food & Beverage,0
211.82,207.0,43.34,0.0,1.0,1.82,0.0,upi,Books,0
1584.48,402.0,35.66,0.0,1.0,2.24,0.0,card,Electronics,0
1007.91,44.0,83.58,0.0,0.0,4.11,0.0,upi,Food & Beverage,0
88.1,130.0,72.14,1.0,0.0,3.66,0.0,wallet,Grocery,0
149.55,139.0,74.7,0.0,1.0,3.74,0.0,upi,Beauty,0
1841.49,48.0,38.8,0.0,1.0,2.02,1.0,upi,Books,1
520.0,325.0,47.99,1.0,0.0,2.76,1.0,wallet,Food & Beverage,0
826.0,57.0,91.04,0.0,2.0,4.21,0.0,card,Books,0
350.07,230.0,89.52,0.0,0.0,4.26,0.0,card,Grocery,0
3720.13,52.0,96.33,0.0,2.0,5.0,0.0,cod,Beauty,0
737.56,205.0,83.14,1.0,1.0,3.92,0.0,cod,Grocery,0
539.46,292.0,20.36,0.0,2.0,1.0,1.0,cod,Pharmacy,1
1505.7,318.0,75.8,2.0,1.0,3.98,0.0,upi,Electronics,0
305.08,127.0,85.74,0.0,3.0,4.06,0.0,upi,Electronics,0
1648.41,39.0,80.29,0.0,1.0,4.28,0.0,card,Fashion,0
683.7,134.0,49.17,1.0,0.0,2.32,0.0,card,Food & Beverage,0
1304.47,537.0,53.61,0.0,1.0,3.02,1.0,upi,Fashion,0
957.6,344.0,59.36,0.0,1.0,3.04,0.0,upi,Food & Beverage,0
649.95,122.0,53.66,0.0,0.0,2.47,0.0,upi,Beauty,0
210.45,171.0,76.96,0.0,0.0,3.48,0.0,cod,Electronics,0
864.63,116.0,41.68,0.0,2.0,2.01,1.0,upi,Electronics,0
414.17,5.0,50.83,0.0,3.0,2.56,1.0,upi,Pharmacy,0
846.62,738.0,63.75,0.0,0.0,3.0,0.0,upi,Food & Beverage,0
1411.63,196.0,94.31,1.0,1.0,4.33,0.0,card,Electronics,0
1132.96,172.0,55.22,1.0,0.0,2.69,0.0,wallet,Home & Kitchen,0
75.82,153.0,76.98,2.0,0.0,4.31,0.0,upi,Home & Kitchen,0
602.59,185.0,54.13,0.0,0.0,2.78,0.0,cod,Home & Kitchen,0
477.67,256.0,63.67,0.0,1.0,2.99,0.0,card,Fashion,0
525.16,79.0,65.03,0.0,0.0,3.3,0.0,wallet,Books,0
907.06,62.0,80.7,0.0,2.0,4.22,0.0,upi,Food & Beverage,0
547.01,209.0,64.13,0.0,1.0,2.93,0.0,wallet,Fashion,0
409.06,304.0,63.46,1.0,1.0,3.1,0.0,cod,Home & Kitchen,0
266.33,11.0,87.3,0.0,1.0,4.32,0.0,wallet,Books,0
579.93,107.0,73.76,1.0,0.0,3.57,0.0,cod,Food & Beverage,0
1339.51,132.0,65.31,1.0,2.0,2.9,0.0,upi,Beauty,0
1386.22,582.0,49.72,0.0,0.0,2.68,1.0,upi,Beauty,0
970.54,232.0,86.45,0.0,3.0,3.69,0.0,upi,Food & Beverage,0
126.19,123.0,67.13,0.0,3.0,3.16,0.0,upi,Home & Kitchen,0
903.66,470.0,78.24,0.0,0.0,3.69,0.0,wallet,Food & Beverage,0
1989.54,617.0,90.25,0.0,1.0,4.34,0.0,cod,Pharmacy,0
286.4,46.0,73.27,0.0,1.0,4.1,0.0,upi,Home & Kitchen,0
561.42,93.0,85.53,1.0,0.0,4.18,0.0,card,Grocery,0
1348.56,81.0,81.45,0.0,1.0,4.39,0.0,upi,Food & Beverage,0
140.49,15.0,28.89,0.0,3.0,1.48,1.0,upi,Beauty,1
570.91,189.0,56.46,0.0,1.0,2.96,0.0,cod,Beauty,0
2292.14,168.0,83.41,0.0,2.0,4.08,0.0,wallet,Electronics,0
2123.09,26.0,92.81,0.0,3.0,4.86,0.0,upi,Food & Beverage,0
2133.77,1310.0,70.75,1.0,4.0,3.35,0.0,cod,Food & Beverage,0
577.78,290.0,76.38,0.0,3.0,3.69,0.0,upi,Grocery,0
1829.08,14.0,88.69,0.0,1.0,4.28,0.0,cod,Food & Beverage,0
928.25,76.0,71.84,0.0,0.0,3.28,0.0,upi,Home & Kitchen,0
396.22,472.0,62.18,1.0,1.0,3.1,0.0,upi,Pharmacy,0
491.06,103.0,76.35,0.0,1.0,4.08,0.0,card,Books,0
1070.46,8.0,79.98,0.0,3.0,3.9,0.0,upi,Books,0
129.59,42.0,42.5,0.0,0.0,1.89,1.0,upi,Food & Beverage,0
701.51,329.0,63.26,1.0,0.0,3.75,0.0,upi,Electronics,0
856.54,77.0,87.14,0.0,2.0,4.24,0.0,card,Beauty,0
1213.92,179.0,90.03,0.0,3.0,4.72,0.0,upi,Electronics,0
166.58,57.0,84.67,1.0,2.0,4.23,0.0,upi,Food & Beverage,0
708.23,108.0,51.29,0.0,0.0,2.89,0.0,upi,Pharmacy,0
1468.38,216.0,90.85,0.0,2.0,4.53,0.0,upi,Fashion,0
2700.18,293.0,77.71,0.0,1.0,3.87,0.0,upi,Electronics,0
396.48,324.0,41.75,0.0,0.0,2.07,1.0,upi,Books,0
1821.4,63.0,44.8,1.0,2.0,2.16,1.0,card,Beauty,0
1412.2,252.0,84.72,0.0,2.0,4.25,0.0,upi,Pharmacy,0
2024.74,314.0,69.31,0.0,1.0,3.23,0.0,upi,Pharmacy,0
136.67,62.0,32.56,0.0,2.0,1.78,1.0,upi,Pharmacy,1
1267.56,91.0,33.05,0.0,0.0,2.47,1.0,upi,Electronics,1
1792.5,474.0,67.05,0.0,3.0,3.07,0.0,upi,Electronics,0
778.45,42.0,83.06,0.0,0.0,4.25,0.0,cod,Home & Kitchen,0
620.47,387.0,86.17,0.0,0.0,4.31,0.0,upi,Books,0
863.69,433.0,54.78,0.0,0.0,2.4,0.0,card,Food & Beverage,0
1696.1,376.0,81.12,0.0,1.0,4.29,0.0,upi,Books,0
413.66,470.0,78.18,0.0,1.0,3.78,0.0,upi,Fashion,0
388.97,389.0,69.51,0.0,0.0,3.27,0.0,upi,Fashion,0
101.7,41.0,80.37,1.0,1.0,4.43,0.0,upi,Pharmacy,0
720.55,136.0,64.21,0.0,0.0,3.11,0.0,card,Grocery,0
240.41,225.0,95.05,0.0,1.0,5.0,0.0,card,Books,0
731.55,208.0,69.14,0.0,1.0,3.62,0.0,upi,Food & Beverage,0
350.1,378.0,79.1,0.0,2.0,3.98,0.0,upi,Food & Beverage,0
508.4,85.0,83.44,0.0,1.0,4.36,0.0,upi,Food & Beverage,0
575.49,233.0,84.2,1.0,0.0,4.45,0.0,upi,Food & Beverage,0
891.7,389.0,34.77,0.0,1.0,1.69,0.0,card,Beauty,0
944.82,442.0,91.58,0.0,1.0,4.47,0.0,cod,Fashion,0
652.45,56.0,71.87,0.0,1.0,3.85,0.0,card,Books,0
550.52,118.0,40.54,0.0,1.0,2.86,0.0,upi,Electronics,0
503.05,81.0,80.43,1.0,2.0,3.54,0.0,upi,Books,0
188.57,241.0,89.43,0.0,1.0,4.14,0.0,card,Pharmacy,0
1697.81,156.0,67.66,0.0,3.0,3.09,0.0,wallet,Food & Beverage,0
397.0,420.0,31.09,1.0,3.0,1.46,1.0,upi,Home & Kitchen,1
798.52,183.0,75.94,0.0,1.0,3.5,0.0,upi,Pharmacy,0
275.27,150.0,32.8,1.0,0.0,1.82,0.0,card,Pharmacy,0
1246.86,226.0,56.78,0.0,3.0,2.4,0.0,card,Food & Beverage,0
815.51,107.0,68.02,0.0,5.0,3.27,0.0,wallet,Fashion,0
997.98,77.0,44.87,1.0,0.0,2.09,1.0,card,Pharmacy,0
266.53,331.0,95.39,0.0,0.0,5.0,0.0,upi,Electronics,0
1033.65,463.0,88.16,0.0,1.0,4.39,0.0,card,Books,0
140.3,47.0,76.92,0.0,3.0,3.44,0.0,upi,Beauty,0
459.73,55.0,80.45,0.0,0.0,4.11,0.0,cod,Books,0
297.12,8.0,91.95,0.0,4.0,4.32,0.0,upi,Grocery,0
806.2,508.0,74.69,1.0,1.0,3.38,0.0,cod,Fashion,0
1777.78,73.0,80.44,0.0,0.0,4.35,0.0,upi,Beauty,0
1157.4,53.0,79.79,0.0,2.0,3.86,0.0,card,Books,0
2033.99,97.0,45.49,0.0,0.0,2.42,1.0,cod,Electronics,0
832.1,105.0,28.47,0.0,1.0,1.28,1.0,upi,Home & Kitchen,1
1264.87,12.0,51.14,1.0,2.0,2.63,0.0,card,Electronics,0
1545.47,7.0,61.15,0.0,1.0,3.48,0.0,card,Food & Beverage,0
1533.35,57.0,78.51,1.0,2.0,3.98,0.0,card,Home & Kitchen,0
255.53,490.0,78.6,0.0,1.0,3.82,0.0,upi,Electronics,0
389.77,82.0,31.94,0.0,3.0,1.2,1.0,upi,Beauty,0
1424.87,163.0,52.84,0.0,1.0,2.91,1.0,upi,Pharmacy,0
2049.78,302.0,64.59,0.0,1.0,3.37,0.0,upi,Food & Beverage,0
368.16,322.0,57.89,0.0,1.0,2.99,0.0,card,Fashion,0
412.45,235.0,91.24,0.0,1.0,4.54,0.0,upi,Fashion,0
1148.28,26.0,69.12,0.0,1.0,3.79,0.0,upi,Pharmacy,0
550.39,390.0,57.85,0.0,1.0,2.76,0.0,upi,Beauty,0
1486.57,219.0,90.84,0.0,2.0,4.71,0.0,cod,Electronics,0
1219.43,151.0,51.33,2.0,0.0,3.11,0.0,upi,Beauty,0
1629.39,37.0,80.93,0.0,3.0,4.07,0.0,cod,Beauty,0
615.59,116.0,40.2,0.0,2.0,1.91,1.0,cod,Electronics,1
526.86,413.0,53.31,0.0,0.0,2.5,0.0,cod,Books,0
418.43,36.0,96.67,0.0,3.0,4.66,0.0,upi,Grocery,0
2016.14,22.0,48.87,0.0,1.0,2.45,1.0,cod,Pharmacy,1
266.24,169.0,93.79,0.0,1.0,5.0,0.0,cod,Beauty,0
239.93,295.0,55.06,0.0,2.0,2.88,0.0,upi,Fashion,0
850.38,377.0,24.65,1.0,3.0,1.29,1.0,cod,Beauty,1
519.5,206.0,78.41,0.0,0.0,3.96,0.0,card,Fashion,0
1554.13,64.0,79.64,0.0,0.0,3.52,0.0,cod,Books,0
223.8,5.0,85.6,0.0,1.0,4.25,0.0,card,Home & Kitchen,0
666.05,11.0,54.23,0.0,2.0,2.43,1.0,upi,Beauty,0
159.46,455.0,93.91,1.0,0.0,5.0,0.0,upi,Fashion,0
587.11,546.0,67.66,0.0,1.0,3.12,0.0,cod,Electronics,0
836.08,21.0,65.58,0.0,0.0,2.88,0.0,cod,Electronics,0
740.1,397.0,98.76,0.0,1.0,4.42,0.0,upi,Pharmacy,0
702.87,244.0,45.92,0.0,0.0,2.06,1.0,card,Books,0
1227.59,225.0,77.83,1.0,1.0,3.02,0.0,cod,Grocery,0
351.45,291.0,52.24,2.0,2.0,2.67,0.0,upi,Electronics,1
1013.22,135.0,80.33,0.0,2.0,4.09,0.0,card,Pharmacy,0
683.25,2.0,66.46,0.0,3.0,3.0,0.0,upi,Electronics,0
594.63,430.0,17.41,0.0,1.0,1.13,0.0,upi,Food & Beverage,0
1093.49,38.0,45.32,0.0,0.0,2.22,0.0,upi,Food & Beverage,0
884.59,270.0,67.25,1.0,3.0,3.32,0.0,upi,Electronics,0
1058.89,135.0,27.64,1.0,0.0,1.64,1.0,card,Grocery,1
2601.57,53.0,83.56,0.0,0.0,4.52,0.0,upi,Fashion,0
677.97,109.0,36.58,0.0,1.0,1.52,0.0,cod,Electronics,0
247.37,135.0,90.93,0.0,2.0,4.11,0.0,cod,Grocery,0
359.84,288.0,75.87,0.0,2.0,3.68,0.0,cod,Books,0
2004.37,333.0,58.79,0.0,0.0,3.4,0.0,card,Electronics,0
577.03,74.0,31.98,1.0,0.0,1.37,1.0,card,Beauty,1
1222.13,491.0,85.36,0.0,3.0,4.56,0.0,cod,Fashion,0
738.32,107.0,69.07,0.0,2.0,3.16,0.0,card,Electronics,0
310.27,232.0,25.18,1.0,0.0,1.21,1.0,upi,Fashion,0
877.0,232.0,64.45,0.0,4.0,3.05,0.0,upi,Electronics,0
437.96,172.0,63.59,0.0,1.0,3.3,0.0,upi,Home & Kitchen,0
483.44,493.0,93.3,3.0,1.0,4.71,0.0,wallet,Beauty,0
741.75,112.0,90.22,1.0,2.0,4.24,0.0,cod,Books,0
183.8,858.0,94.6,0.0,1.0,4.58,0.0,upi,Pharmacy,0
1202.32,235.0,40.91,1.0,1.0,1.73,1.0,upi,Grocery,1
528.49,106.0,83.76,1.0,0.0,4.26,0.0,wallet,Electronics,0
1319.31,490.0,82.62,1.0,4.0,3.83,0.0,cod,Fashion,0
1284.99,426.0,62.25,0.0,2.0,3.14,0.0,upi,Beauty,0
658.47,344.0,65.57,1.0,1.0,3.4,0.0,card,Electronics,0
836.51,24.0,52.99,0.0,3.0,2.85,0.0,upi,Beauty,0
1020.88,53.0,73.47,0.0,1.0,3.88,0.0,wallet,Food & Beverage,0
574.47,282.0,78.95,1.0,0.0,4.05,0.0,card,Grocery,0
150.7,682.0,25.22,0.0,3.0,1.0,1.0,upi,Books,1
871.94,240.0,74.97,0.0,4.0,3.49,0.0,upi,Pharmacy,0
1539.97,116.0,58.01,0.0,1.0,2.64,0.0,card,Home & Kitchen,0
425.49,339.0,65.06,0.0,1.0,3.23,0.0,card,Electronics,0
1370.12,11.0,69.89,0.0,1.0,3.82,0.0,upi,Books,0
278.26,208.0,67.46,1.0,2.0,3.16,0.0,card,Fashion,0
624.72,31.0,75.11,0.0,2.0,3.66,0.0,upi,Food & Beverage,0
698.73,76.0,87.69,0.0,0.0,4.74,0.0,wallet,Books,0
753.73,81.0,64.1,1.0,1.0,2.79,0.0,cod,Fashion,0
375.67,47.0,91.47,0.0,0.0,5.0,0.0,upi,Grocery,0
281.43,566.0,92.35,0.0,2.0,4.8,0.0,upi,Grocery,0
643.24,173.0,56.3,0.0,0.0,2.6,0.0,upi,Beauty,0
1115.69,658.0,39.91,1.0,3.0,1.89,1.0,upi,Books,1
420.37,491.0,42.55,0.0,0.0,2.64,1.0,cod,Food & Beverage,0
684.64,286.0,73.3,0.0,3.0,3.51,0.0,cod,Food & Beverage,0
2602.85,470.0,27.96,1.0,1.0,1.61,1.0,card,Books,0
923.2,115.0,80.95,1.0,0.0,4.66,0.0,cod,Pharmacy,0
641.08,24.0,85.78,0.0,0.0,4.28,0.0,wallet,Electronics,0
732.6,160.0,73.01,0.0,2.0,3.65,0.0,card,Home & Kitchen,0
2277.29,104.0,81.44,0.0,2.0,4.73,0.0,upi,Fashion,0
1142.1,533.0,56.15,0.0,1.0,2.48,0.0,cod,Electronics,0
439.0,193.0,70.46,0.0,0.0,3.52,0.0,upi,Beauty,0
1213.66,183.0,71.94,0.0,1.0,3.72,0.0,wallet,Fashion,0
329.91,241.0,27.3,3.0,2.0,1.0,1.0,upi,Food & Beverage,1
816.72,14.0,43.44,0.0,2.0,1.82,1.0,upi,Home & Kitchen,1
1721.16,161.0,52.3,0.0,1.0,2.44,0.0,upi,Beauty,0
822.82,142.0,70.48,1.0,1.0,3.65,0.0,upi,Pharmacy,0
310.05,8.0,68.93,0.0,1.0,3.3,0.0,card,Electronics,0
767.52,84.0,66.42,0.0,1.0,3.29,0.0,upi,Grocery,0
1712.43,314.0,70.23,0.0,1.0,3.75,0.0,card,Home & Kitchen,0
414.51,108.0,57.24,0.0,0.0,3.04,0.0,upi,Pharmacy,0
1201.08,136.0,74.55,0.0,0.0,3.11,0.0,card,Pharmacy,0
1775.52,44.0,86.15,0.0,1.0,4.36,0.0,card,Pharmacy,0
1005.43,9.0,37.47,1.0,3.0,2.04,1.0,wallet,Food & Beverage,1
790.18,14.0,48.6,0.0,3.0,2.41,0.0,cod,Books,0
442.51,187.0,93.51,0.0,0.0,4.83,0.0,upi,Food & Beverage,0
486.82,27.0,93.01,0.0,1.0,4.88,0.0,card,Food & Beverage,0
636.62,295.0,87.81,0.0,0.0,4.49,0.0,upi,Beauty,0
1221.59,453.0,84.73,0.0,0.0,4.21,0.0,upi,Books,0
3018.72,155.0,83.86,0.0,1.0,4.27,0.0,upi,Food & Beverage,0
418.18,149.0,51.04,0.0,1.0,1.85,0.0,wallet,Grocery,0
1113.81,19.0,85.57,1.0,0.0,4.7,0.0,cod,Grocery,0
1504.84,332.0,83.65,1.0,4.0,4.58,0.0,cod,Books,0
781.01,42.0,87.25,0.0,0.0,4.74,0.0,upi,Books,0
757.49,121.0,60.43,0.0,2.0,3.06,0.0,cod,Food & Beverage,0
222.24,53.0,80.15,0.0,1.0,4.18,0.0,cod,Food & Beverage,0
871.88,25.0,62.78,0.0,0.0,3.18,0.0,upi,Beauty,0
732.41,492.0,90.25,0.0,1.0,4.61,0.0,upi,Pharmacy,0
588.77,321.0,32.75,0.0,0.0,2.05,0.0,cod,Fashion,0
974.94,16.0,73.34,0.0,1.0,3.14,0.0,upi,Beauty,0
352.49,171.0,91.78,0.0,1.0,4.72,0.0,upi,Electronics,0
408.99,40.0,60.17,1.0,2.0,2.76,0.0,wallet,Beauty,0
885.23,19.0,92.18,0.0,2.0,4.26,0.0,card,Grocery,0
2002.05,9.0,75.94,0.0,1.0,3.76,0.0,upi,Electronics,0
674.39,89.0,76.72,0.0,4.0,3.46,0.0,upi,Fashion,1
782.82,364.0,87.88,1.0,1.0,4.02,0.0,card,Pharmacy,0
764.11,423.0,36.17,0.0,0.0,1.31,0.0,card,Home & Kitchen,0
340.62,450.0,77.51,0.0,1.0,3.73,0.0,cod,Home & Kitchen,0
614.07,161.0,70.86,0.0,0.0,3.7,0.0,card,Food & Beverage,0
855.92,236.0,86.84,0.0,3.0,4.59,0.0,wallet,Pharmacy,0
842.74,21.0,54.36,0.0,2.0,3.31,0.0,card,Fashion,0
1029.28,119.0,62.13,1.0,1.0,2.98,0.0,card,Electronics,0
328.88,182.0,67.48,2.0,2.0,3.61,0.0,cod,Fashion,0
471.56,17.0,57.53,0.0,3.0,2.93,0.0,upi,Electronics,0
183.8,148.0,69.63,0.0,4.0,3.53,0.0,card,Electronics,0
1810.53,655.0,46.33,1.0,1.0,2.43,1.0,upi,Books,0
552.9,174.0,76.57,0.0,3.0,4.07,0.0,upi,Books,0
917.13,358.0,68.1,1.0,1.0,3.55,0.0,upi,Beauty,0
750.77,47.0,58.73,2.0,4.0,2.82,0.0,card,Electronics,1
102.13,133.0,50.4,1.0,0.0,2.7,1.0,wallet,Books,0
281.43,153.0,53.89,0.0,2.0,2.51,0.0,card,Beauty,0
727.54,24.0,58.21,1.0,0.0,3.09,0.0,upi,Electronics,0
1103.57,256.0,75.19,1.0,3.0,3.79,0.0,cod,Fashion,0
1044.47,351.0,71.77,1.0,3.0,3.03,0.0,upi,Home & Kitchen,0
250.57,139.0,74.38,1.0,2.0,3.68,0.0,upi,Beauty,0
339.21,28.0,94.7,0.0,5.0,5.0,0.0,upi,Fashion,0
981.78,71.0,69.26,0.0,2.0,3.42,0.0,upi,Grocery,0
1038.19,79.0,31.9,0.0,1.0,1.66,1.0,upi,Fashion,0
238.69,207.0,56.53,1.0,0.0,2.68,0.0,upi,Food & Beverage,0
978.06,21.0,46.2,0.0,2.0,2.23,1.0,upi,Books,1
723.8,86.0,92.27,0.0,2.0,4.9,0.0,upi,Home & Kitchen,0
629.22,88.0,38.82,1.0,2.0,1.81,1.0,upi,Food & Beverage,0
2042.1,30.0,77.26,1.0,1.0,3.52,0.0,card,Fashion,0
675.19,5.0,79.76,0.0,1.0,3.33,0.0,upi,Fashion,0
502.37,371.0,56.46,0.0,1.0,2.59,0.0,card,Fashion,0
1274.53,47.0,89.71,1.0,0.0,4.16,0.0,cod,Food & Beverage,0
1238.82,57.0,48.65,0.0,0.0,1.99,0.0,cod,Books,0
1746.05,83.0,73.37,0.0,0.0,3.35,0.0,card,Books,0
1183.93,17.0,76.57,0.0,2.0,3.53,0.0,card,Fashion,0
1152.43,286.0,55.37,0.0,1.0,2.45,0.0,card,Pharmacy,0
766.7,26.0,57.07,0.0,1.0,3.27,0.0,upi,Home & Kitchen,0
2846.26,144.0,42.38,0.0,2.0,1.62,1.0,upi,Food & Beverage,0
353.82,78.0,42.02,0.0,0.0,2.27,1.0,card,Food & Beverage,0
1058.58,90.0,94.15,0.0,1.0,4.87,0.0,cod,Food & Beverage,0
324.1,76.0,42.32,0.0,2.0,2.3,0.0,card,Books,0
765.62,20.0,44.99,1.0,1.0,2.24,1.0,upi,Electronics,1
749.77,164.0,74.76,1.0,3.0,4.12,0.0,upi,Books,0
764.32,116.0,76.93,0.0,1.0,3.85,0.0,upi,Electronics,0
171.46,362.0,50.09,0.0,2.0,2.44,1.0,wallet,Electronics,0
551.19,86.0,71.55,0.0,2.0,3.93,0.0,upi,Food & Beverage,0
3187.89,405.0,41.46,0.0,3.0,2.02,0.0,cod,Beauty,0
826.77,55.0,57.58,0.0,1.0,2.4,0.0,wallet,Food & Beverage,0
1457.71,95.0,78.19,0.0,0.0,4.06,0.0,upi,Beauty,0
976.8,36.0,26.34,0.0,1.0,1.64,0.0,upi,Home & Kitchen,0
2638.4,37.0,81.19,0.0,1.0,4.15,0.0,upi,Food & Beverage,0
984.33,218.0,40.36,0.0,1.0,1.91,1.0,card,Pharmacy,0
830.09,118.0,49.77,0.0,2.0,2.57,0.0,upi,Home & Kitchen,0
268.05,64.0,66.02,0.0,1.0,3.51,0.0,upi,Beauty,0
277.82,569.0,36.94,0.0,3.0,1.54,0.0,upi,Home & Kitchen,0
484.81,164.0,94.05,0.0,0.0,4.09,0.0,upi,Electronics,0
660.21,449.0,87.31,0.0,0.0,4.32,0.0,upi,Fashion,0
300.84,602.0,69.83,0.0,2.0,3.8,0.0,card,Grocery,0
824.13,189.0,78.29,0.0,3.0,3.57,0.0,upi,Pharmacy,0
802.66,11.0,65.36,0.0,0.0,2.88,0.0,cod,Pharmacy,0
2212.53,303.0,71.92,0.0,1.0,3.66,0.0,upi,Pharmacy,0
2423.67,560.0,75.31,0.0,2.0,3.7,0.0,cod,Fashion,0
1276.11,205.0,76.64,0.0,2.0,3.62,0.0,upi,Books,0
1300.65,16.0,63.39,1.0,4.0,3.52,0.0,card,Pharmacy,0
1621.55,305.0,45.82,0.0,2.0,2.09,1.0,upi,Beauty,0
989.27,257.0,51.48,0.0,1.0,2.68,1.0,card,Beauty,0
1680.34,38.0,84.02,0.0,2.0,4.45,0.0,upi,Books,0
248.54,53.0,84.5,0.0,1.0,4.16,0.0,card,Grocery,0
1397.13,120.0,30.14,2.0,0.0,1.76,1.0,upi,Books,1
314.32,15.0,54.14,0.0,0.0,2.91,1.0,wallet,Home & Kitchen,0
350.09,72.0,34.27,0.0,0.0,1.77,1.0,card,Grocery,0
1608.3,366.0,51.95,0.0,2.0,2.49,1.0,card,Fashion,0
447.39,243.0,76.34,0.0,0.0,4.25,0.0,upi,Grocery,0
359.71,354.0,91.29,0.0,1.0,4.84,0.0,cod,Beauty,0
1037.73,175.0,32.01,0.0,1.0,1.82,1.0,wallet,Books,0
412.58,6.0,83.19,0.0,1.0,4.18,0.0,wallet,Pharmacy,0
360.1,93.0,68.51,0.0,0.0,3.26,0.0,cod,Beauty,0
225.43,103.0,37.01,0.0,0.0,1.27,0.0,upi,Grocery,0
535.99,420.0,72.84,1.0,3.0,3.8,0.0,upi,Fashion,0
1267.23,44.0,74.63,1.0,2.0,3.63,0.0,upi,Fashion,0
1397.31,105.0,70.43,0.0,2.0,3.59,0.0,cod,Home & Kitchen,0
635.87,6.0,38.85,1.0,0.0,2.68,1.0,upi,Food & Beverage,0
2182.44,134.0,41.32,0.0,0.0,2.44,1.0,upi,Home & Kitchen,0
1078.78,742.0,27.6,0.0,4.0,1.51,1.0,upi,Electronics,1
1629.19,49.0,78.04,0.0,2.0,3.87,0.0,upi,Grocery,0
490.17,113.0,92.31,2.0,2.0,4.85,0.0,card,Grocery,0
597.74,4.0,65.84,0.0,1.0,3.56,0.0,card,Books,0
664.6,212.0,60.28,0.0,0.0,2.9,0.0,upi,Electronics,0
591.86,90.0,84.19,1.0,2.0,4.13,0.0,upi,Fashion,0
111.37,161.0,66.95,0.0,2.0,3.42,0.0,cod,Beauty,0
793.89,113.0,88.12,0.0,0.0,4.18,0.0,upi,Beauty,0
978.32,179.0,80.76,1.0,1.0,3.83,0.0,card,Food & Beverage,0
934.58,60.0,48.29,0.0,1.0,2.08,1.0,card,Food & Beverage,0
2343.97,81.0,52.86,1.0,2.0,3.17,0.0,card,Electronics,0
2466.17,30.0,83.7,0.0,0.0,3.78,0.0,wallet,Books,0
173.34,128.0,37.15,0.0,0.0,1.46,0.0,upi,Home & Kitchen,0
1912.01,1149.0,32.27,0.0,1.0,1.0,0.0,cod,Electronics,1
2256.04,340.0,89.61,1.0,2.0,4.67,0.0,upi,Beauty,0
130.45,81.0,69.04,0.0,0.0,3.17,0.0,cod,Electronics,0
1233.07,157.0,65.37,0.0,0.0,3.5,0.0,card,Fashion,0
809.6,53.0,49.53,0.0,3.0,2.46,0.0,upi,Electronics,0
2179.87,436.0,67.59,0.0,2.0,3.76,0.0,card,Food & Beverage,0
2085.93,22.0,93.97,0.0,1.0,4.44,0.0,wallet,Electronics,0
4011.5,157.0,59.08,0.0,0.0,2.97,0.0,upi,Books,0
1264.73,73.0,96.57,0.0,0.0,5.0,0.0,cod,Fashion,0
1111.0,215.0,80.02,0.0,2.0,4.37,0.0,card,Electronics,0
410.96,82.0,65.93,0.0,0.0,3.62,0.0,cod,Pharmacy,0
525.75,148.0,40.58,0.0,0.0,2.2,1.0,cod,Home & Kitchen,1
1148.85,36.0,58.03,0.0,0.0,2.89,0.0,upi,Electronics,0
506.59,91.0,90.4,0.0,3.0,4.7,0.0,upi,Home & Kitchen,0
805.54,379.0,68.37,0.0,0.0,3.03,0.0,card,Electronics,0
194.68,56.0,49.12,0.0,0.0,2.34,1.0,cod,Pharmacy,1
847.75,206.0,39.51,0.0,1.0,2.4,1.0,upi,Home & Kitchen,0
145.11,276.0,82.02,0.0,0.0,4.38,0.0,wallet,Grocery,0
1591.18,1147.0,77.94,0.0,1.0,3.53,0.0,upi,Grocery,0
880.77,164.0,56.85,0.0,0.0,2.95,0.0,card,Books,0
475.43,385.0,65.94,0.0,4.0,3.03,0.0,card,Fashion,0
693.26,76.0,62.39,1.0,0.0,3.03,0.0,card,Food & Beverage,0
511.32,309.0,23.65,0.0,1.0,1.63,1.0,upi,Home & Kitchen,1
391.05,130.0,34.75,0.0,4.0,1.19,1.0,card,Pharmacy,1
566.57,29.0,45.24,0.0,2.0,1.88,0.0,upi,Beauty,0
569.81,314.0,81.07,0.0,0.0,4.1,0.0,card,Home & Kitchen,0
641.59,17.0,83.3,1.0,0.0,4.31,0.0,upi,Pharmacy,0
104.33,391.0,63.46,1.0,0.0,3.08,0.0,cod,Grocery,0
1675.68,49.0,54.63,0.0,1.0,3.08,0.0,upi,Home & Kitchen,0
1698.54,441.0,71.19,0.0,1.0,3.49,0.0,upi,Grocery,0
756.89,547.0,82.83,0.0,1.0,4.22,0.0,cod,Beauty,0
2545.01,69.0,77.16,0.0,1.0,3.88,0.0,card,Beauty,0
599.06,125.0,68.69,0.0,1.0,3.36,0.0,upi,Food & Beverage,0
832.18,5.0,62.48,1.0,2.0,3.35,0.0,cod,Grocery,0
1099.93,63.0,90.85,0.0,5.0,4.3,0.0,upi,Pharmacy,0
815.14,149.0,22.1,0.0,4.0,1.49,1.0,card,Pharmacy,1
477.41,48.0,69.49,1.0,1.0,3.76,0.0,card,Beauty,0
788.3,90.0,89.59,0.0,2.0,4.77,0.0,upi,Books,0
247.12,301.0,60.0,1.0,3.0,3.68,0.0,card,Food & Beverage,0
392.54,23.0,24.24,0.0,1.0,1.34,1.0,card,Fashion,1
1458.05,742.0,60.75,0.0,1.0,3.07,0.0,card,Fashion,0
3547.17,401.0,48.57,1.0,4.0,2.57,1.0,card,Pharmacy,1
464.06,5.0,81.1,1.0,5.0,3.93,0.0,upi,Books,0
670.47,467.0,77.93,0.0,2.0,3.87,0.0,upi,Fashion,0
640.75,68.0,51.89,0.0,1.0,2.35,1.0,upi,Pharmacy,0
921.29,169.0,81.66,1.0,1.0,4.49,0.0,upi,Electronics,0
1582.63,321.0,56.84,0.0,0.0,2.54,0.0,upi,Pharmacy,0
858.09,59.0,88.07,0.0,4.0,4.16,0.0,upi,Fashion,0
257.67,149.0,50.07,0.0,1.0,2.44,0.0,wallet,Food & Beverage,0
494.5,295.0,39.66,0.0,0.0,1.65,1.0,upi,Pharmacy,0
1013.53,36.0,24.08,0.0,1.0,1.01,1.0,cod,Grocery,1
586.57,266.0,75.82,1.0,0.0,3.68,0.0,upi,Pharmacy,0
604.3,50.0,72.71,0.0,1.0,3.87,0.0,card,Electronics,0
617.09,17.0,56.38,1.0,1.0,2.38,0.0,upi,Electronics,0
743.9,446.0,68.53,1.0,1.0,3.27,0.0,wallet,Beauty,0
369.07,50.0,81.78,0.0,1.0,4.18,0.0,upi,Beauty,0
1439.63,25.0,72.76,0.0,3.0,3.79,0.0,upi,Beauty,0
256.03,7.0,22.36,0.0,2.0,1.9,1.0,wallet,Fashion,1
997.88,849.0,66.83,1.0,0.0,3.78,0.0,upi,Books,0
518.11,51.0,72.17,0.0,2.0,4.1,0.0,upi,Pharmacy,0
811.76,195.0,68.74,0.0,0.0,2.98,0.0,upi,Beauty,0
1867.64,252.0,80.13,0.0,1.0,4.11,0.0,upi,Pharmacy,0
1839.67,192.0,88.45,0.0,1.0,4.61,0.0,upi,Fashion,0
1555.99,56.0,56.39,0.0,1.0,2.45,0.0,upi,Home & Kitchen,0
2090.19,35.0,81.85,0.0,2.0,4.02,0.0,upi,Home & Kitchen,0
3182.89,138.0,94.96,0.0,3.0,4.99,0.0,upi,Grocery,0
1442.89,157.0,22.87,0.0,2.0,1.4,0.0,card,Fashion,0
1099.72,512.0,63.21,0.0,1.0,3.54,0.0,card,Food & Beverage,0
373.09,1.0,60.36,0.0,1.0,3.06,0.0,cod,Pharmacy,0
1233.18,11.0,59.96,0.0,2.0,2.84,0.0,upi,Books,0
844.02,105.0,94.2,0.0,0.0,4.89,0.0,card,Beauty,0
2375.17,160.0,53.08,0.0,2.0,2.71,0.0,cod,Grocery,0
1357.88,267.0,79.29,1.0,1.0,4.11,0.0,wallet,Electronics,0
309.21,127.0,56.67,0.0,1.0,2.28,0.0,cod,Fashion,0
973.37,271.0,39.96,0.0,1.0,2.0,1.0,upi,Fashion,1
1478.04,35.0,66.39,0.0,3.0,3.45,0.0,wallet,Books,0
832.39,13.0,83.58,0.0,0.0,4.18,0.0,upi,Pharmacy,0
3124.61,62.0,54.49,0.0,3.0,2.69,1.0,upi,Food & Beverage,1
1321.35,397.0,76.62,0.0,2.0,3.79,0.0,upi,Books,0
382.99,21.0,76.96,0.0,2.0,3.59,0.0,upi,Beauty,0
360.51,352.0,85.9,1.0,3.0,4.55,0.0,card,Home & Kitchen,0
430.14,300.0,90.72,1.0,1.0,4.45,0.0,wallet,Beauty,0
540.61,213.0,84.61,1.0,3.0,3.48,0.0,cod,Pharmacy,0
803.57,10.0,65.56,0.0,1.0,3.09,0.0,card,Pharmacy,0
1023.38,221.0,81.28,0.0,2.0,3.83,0.0,upi,Home & Kitchen,0
1869.04,48.0,26.42,1.0,1.0,1.22,1.0,cod,Grocery,1
1448.38,124.0,50.03,0.0,1.0,2.31,1.0,upi,Home & Kitchen,0
617.69,141.0,61.1,0.0,0.0,3.02,0.0,upi,Home & Kitchen,0
621.87,22.0,88.24,0.0,0.0,4.47,0.0,upi,Pharmacy,0
1395.69,1141.0,71.91,0.0,3.0,3.36,0.0,cod,Beauty,0
536.66,240.0,86.82,0.0,1.0,4.36,0.0,upi,Books,0
1157.32,29.0,58.58,1.0,1.0,3.13,0.0,cod,Pharmacy,0
229.29,49.0,22.05,1.0,0.0,1.0,1.0,card,Fashion,1
1055.31,341.0,87.18,0.0,3.0,4.56,0.0,upi,Food & Beverage,0
956.8,739.0,91.78,1.0,1.0,4.99,0.0,card,Home & Kitchen,0
542.51,210.0,75.64,0.0,1.0,3.5,0.0,card,Fashion,0
282.5,158.0,89.0,0.0,0.0,4.54,0.0,wallet,Grocery,0
247.92,21.0,87.12,0.0,2.0,4.97,0.0,upi,Food & Beverage,0
908.37,100.0,92.4,0.0,3.0,4.69,0.0,upi,Pharmacy,0
1016.61,158.0,74.96,0.0,1.0,3.5,0.0,upi,Grocery,0
153.58,117.0,66.33,0.0,1.0,3.46,0.0,upi,Home & Kitchen,0
149.24,332.0,58.09,2.0,0.0,2.85,0.0,card,Home & Kitchen,0
330.87,109.0,68.9,0.0,1.0,3.07,0.0,card,Grocery,0
368.45,628.0,72.74,2.0,0.0,3.59,0.0,upi,Food & Beverage,0
448.3,175.0,84.47,0.0,0.0,3.88,0.0,wallet,Beauty,0
912.04,136.0,86.18,0.0,4.0,3.82,0.0,upi,Electronics,0
1561.88,8.0,76.15,1.0,1.0,4.07,0.0,upi,Pharmacy,0
1578.73,233.0,88.94,0.0,2.0,3.75,0.0,upi,Beauty,0
1243.58,156.0,45.14,0.0,1.0,2.68,0.0,card,Grocery,0
1531.23,244.0,80.9,0.0,2.0,4.22,0.0,card,Beauty,0
381.29,146.0,89.87,1.0,3.0,4.94,0.0,cod,Beauty,0
1221.13,379.0,21.48,0.0,2.0,1.57,1.0,upi,Electronics,0
1334.14,11.0,56.29,0.0,0.0,3.15,0.0,wallet,Food & Beverage,0
207.29,204.0,72.19,0.0,2.0,3.48,0.0,upi,Pharmacy,0
1884.13,283.0,87.58,0.0,3.0,4.19,0.0,card,Beauty,0
1376.78,70.0,97.81,1.0,2.0,4.92,0.0,card,Pharmacy,0
493.77,16.0,44.23,0.0,0.0,2.51,1.0,upi,Food & Beverage,0
176.12,471.0,80.52,0.0,1.0,4.59,0.0,upi,Beauty,0
895.55,114.0,89.23,0.0,2.0,4.16,0.0,card,Home & Kitchen,0
616.09,421.0,22.08,0.0,3.0,1.35,1.0,upi,Home & Kitchen,1
274.14,111.0,65.96,1.0,2.0,3.31,0.0,upi,Electronics,0
792.07,109.0,55.71,0.0,3.0,2.8,0.0,upi,Beauty,0
544.76,286.0,89.46,0.0,1.0,4.67,0.0,card,Electronics,0
1384.15,95.0,92.52,1.0,1.0,3.85,0.0,card,Grocery,0
145.23,81.0,75.57,0.0,1.0,3.79,0.0,wallet,Electronics,0
1482.02,790.0,94.18,0.0,2.0,4.34,0.0,cod,Grocery,0
749.76,1.0,97.38,0.0,0.0,5.0,0.0,cod,Pharmacy,0
1230.19,61.0,91.45,0.0,1.0,4.67,0.0,wallet,Electronics,0
1991.52,193.0,46.71,0.0,1.0,2.84,0.0,upi,Fashion,0
1035.65,258.0,37.92,0.0,1.0,2.34,1.0,upi,Home & Kitchen,0
1465.58,293.0,52.62,0.0,0.0,2.45,0.0,card,Beauty,0
226.56,133.0,53.66,0.0,2.0,2.77,0.0,card,Electronics,0
249.59,114.0,87.44,1.0,1.0,4.86,0.0,cod,Food & Beverage,0
608.67,12.0,50.28,0.0,0.0,2.66,1.0,card,Grocery,0
471.83,23.0,64.13,0.0,4.0,3.42,0.0,upi,Grocery,1
1096.14,490.0,84.24,0.0,0.0,4.71,0.0,upi,Electronics,0
1095.2,148.0,38.79,0.0,2.0,2.39,0.0,upi,Grocery,0
1705.84,28.0,90.78,0.0,1.0,4.61,0.0,upi,Electronics,0
745.67,535.0,90.57,1.0,2.0,4.86,0.0,upi,Pharmacy,0
226.81,53.0,96.56,0.0,1.0,5.0,0.0,card,Beauty,0
1718.35,201.0,88.94,0.0,2.0,4.97,0.0,card,Grocery,0
1663.23,235.0,84.47,0.0,2.0,4.27,0.0,upi,Beauty,0
614.81,881.0,78.08,0.0,1.0,4.3,0.0,cod,Electronics,0
1696.09,48.0,55.92,1.0,0.0,2.69,0.0,upi,Grocery,0
206.14,85.0,66.5,0.0,1.0,3.48,0.0,upi,Home & Kitchen,0
649.79,112.0,94.5,0.0,2.0,5.0,0.0,card,Food & Beverage,0
321.74,207.0,85.53,0.0,0.0,4.5,0.0,cod,Books,0
1440.67,148.0,21.01,1.0,2.0,1.17,1.0,card,Grocery,1
478.83,83.0,80.16,0.0,2.0,4.02,0.0,upi,Beauty,0
1565.0,244.0,72.49,1.0,1.0,3.86,0.0,upi,Home & Kitchen,0
299.88,208.0,80.33,0.0,1.0,4.19,0.0,cod,Electronics,0
2781.32,143.0,20.59,1.0,0.0,1.08,1.0,upi,Beauty,0
605.05,93.0,71.89,0.0,1.0,3.82,0.0,wallet,Beauty,0
557.53,29.0,87.32,0.0,2.0,3.94,0.0,upi,Grocery,0
1369.02,65.0,29.01,0.0,1.0,1.6,0.0,upi,Home & Kitchen,0
1033.96,94.0,82.45,0.0,1.0,3.63,0.0,card,Books,0
609.95,59.0,80.14,1.0,1.0,3.76,0.0,card,Grocery,0
543.42,399.0,93.8,1.0,1.0,4.81,0.0,card,Grocery,0
2241.16,84.0,71.43,0.0,1.0,3.57,0.0,card,Beauty,0
714.15,416.0,84.2,0.0,0.0,3.72,0.0,cod,Books,0
735.4,160.0,74.22,0.0,0.0,3.16,0.0,wallet,Pharmacy,0
300.72,68.0,45.2,0.0,2.0,2.17,1.0,cod,Pharmacy,1
1927.01,12.0,79.12,0.0,1.0,3.42,0.0,card,Books,0
378.85,5.0,26.5,1.0,1.0,1.0,1.0,upi,Grocery,0
347.93,25.0,45.67,0.0,1.0,2.12,0.0,card,Pharmacy,0
1489.86,314.0,80.79,1.0,1.0,4.31,0.0,cod,Books,0
65.47,43.0,69.84,0.0,1.0,3.15,0.0,cod,Food & Beverage,0
882.32,404.0,71.88,0.0,0.0,2.95,0.0,upi,Electronics,0
555.47,341.0,74.5,1.0,3.0,4.13,0.0,card,Books,0
665.34,79.0,89.5,0.0,0.0,4.73,0.0,upi,Home & Kitchen,0
388.92,2.0,89.5,0.0,2.0,4.58,0.0,card,Fashion,0
472.48,12.0,46.17,0.0,2.0,2.3,0.0,cod,Electronics,0
154.23,230.0,27.55,0.0,0.0,2.01,1.0,wallet,Beauty,1
1369.88,308.0,77.7,0.0,0.0,3.98,0.0,upi,Electronics,0
612.82,206.0,74.58,2.0,0.0,3.76,0.0,upi,Books,0
1566.95,64.0,49.0,0.0,3.0,2.4,0.0,upi,Electronics,0
3023.86,852.0,82.43,0.0,0.0,4.25,0.0,cod,Beauty,0
308.6,118.0,79.76,0.0,0.0,3.77,0.0,upi,Grocery,0
1184.56,52.0,88.03,0.0,1.0,4.74,0.0,upi,Electronics,0
340.79,68.0,85.39,0.0,3.0,4.66,0.0,upi,Food & Beverage,0
427.25,6.0,81.6,1.0,1.0,4.46,0.0,cod,Books,0
709.97,450.0,36.97,0.0,1.0,1.83,0.0,upi,Home & Kitchen,0
2708.6,177.0,92.45,0.0,0.0,4.74,0.0,upi,Fashion,0
576.98,28.0,46.0,0.0,3.0,1.9,0.0,upi,Pharmacy,0
694.5,34.0,65.06,1.0,1.0,2.88,0.0,card,Fashion,0
884.09,98.0,81.31,0.0,1.0,4.3,0.0,upi,Fashion,0
683.88,390.0,82.84,0.0,1.0,4.42,0.0,upi,Pharmacy,0
307.6,597.0,50.58,0.0,0.0,2.01,0.0,cod,Home & Kitchen,0
1656.88,26.0,82.57,0.0,0.0,3.74,0.0,upi,Fashion,0
530.95,209.0,87.77,1.0,0.0,4.11,0.0,upi,Fashion,0
222.83,102.0,83.08,0.0,1.0,4.26,0.0,cod,Home & Kitchen,0
942.24,274.0,80.78,0.0,1.0,3.91,0.0,upi,Food & Beverage,0
1728.28,26.0,40.24,0.0,3.0,1.66,1.0,upi,Electronics,0
385.31,355.0,81.56,0.0,1.0,3.98,0.0,upi,Electronics,0
619.17,18.0,78.27,0.0,2.0,3.81,0.0,card,Grocery,0
731.05,751.0,33.56,0.0,2.0,1.95,1.0,upi,Electronics,1
498.49,341.0,59.76,1.0,3.0,2.91,0.0,cod,Grocery,0
750.91,87.0,37.9,2.0,3.0,2.33,1.0,upi,Beauty,0
2189.7,339.0,36.08,0.0,2.0,1.19,1.0,wallet,Fashion,1
762.65,241.0,69.5,1.0,0.0,3.61,0.0,upi,Pharmacy,0
1089.89,251.0,95.22,0.0,1.0,5.0,0.0,upi,Home & Kitchen,0
558.54,231.0,81.67,0.0,0.0,4.04,0.0,upi,Pharmacy,0
924.74,276.0,36.97,0.0,0.0,1.76,1.0,cod,Food & Beverage,1
1010.71,68.0,64.88,1.0,0.0,3.05,0.0,upi,Grocery,0
1312.04,91.0,90.14,0.0,0.0,4.07,0.0,upi,Electronics,0
516.36,489.0,76.28,0.0,1.0,4.13,0.0,card,Food & Beverage,0
639.78,227.0,58.39,0.0,2.0,2.68,0.0,upi,Pharmacy,0
1406.63,261.0,83.07,1.0,3.0,4.43,0.0,card,Grocery,0
554.03,272.0,51.05,1.0,4.0,2.67,0.0,upi,Books,1
306.66,36.0,43.46,4.0,1.0,2.37,1.0,upi,Food & Beverage,1
500.26,37.0,77.51,0.0,0.0,3.59,0.0,wallet,Home & Kitchen,0
1375.09,411.0,84.25,0.0,3.0,4.32,0.0,upi,Beauty,0
1520.21,624.0,68.09,0.0,2.0,3.41,0.0,upi,Books,0
1208.47,138.0,80.91,1.0,0.0,4.1,0.0,card,Books,0
1693.08,150.0,93.99,0.0,0.0,3.95,0.0,cod,Pharmacy,0
2076.15,36.0,51.18,0.0,1.0,2.72,0.0,card,Beauty,0
1253.83,383.0,38.82,0.0,1.0,2.61,1.0,cod,Books,0
682.81,60.0,52.16,0.0,1.0,2.23,0.0,upi,Electronics,0
235.58,142.0,83.13,1.0,5.0,4.44,0.0,upi,Fashion,0
289.01,312.0,82.75,1.0,0.0,4.07,0.0,card,Beauty,0
406.07,21.0,38.66,1.0,2.0,1.62,0.0,cod,Pharmacy,0
1560.01,446.0,75.32,1.0,0.0,3.56,0.0,upi,Fashion,0
429.6,101.0,56.95,1.0,1.0,3.29,0.0,card,Electronics,0
426.47,133.0,80.4,0.0,2.0,4.11,0.0,cod,Beauty,0
462.91,135.0,41.03,0.0,0.0,2.01,1.0,upi,Books,0
748.48,167.0,66.23,0.0,2.0,2.84,0.0,upi,Grocery,0
942.63,393.0,88.23,1.0,0.0,4.58,0.0,card,Fashion,0
940.5,53.0,78.32,0.0,1.0,4.24,0.0,upi,Food & Beverage,0
474.45,55.0,60.02,0.0,0.0,3.09,0.0,upi,Electronics,0
1492.2,422.0,39.12,0.0,1.0,1.61,0.0,cod,Food & Beverage,0
707.88,253.0,43.88,0.0,3.0,2.35,1.0,upi,Beauty,1
1352.94,87.0,26.87,1.0,0.0,1.9,1.0,cod,Grocery,1
783.85,118.0,54.91,0.0,0.0,2.7,1.0,cod,Electronics,0
461.28,471.0,28.98,0.0,1.0,1.76,1.0,upi,Grocery,0
571.09,113.0,67.91,0.0,2.0,3.33,0.0,card,Fashion,0
388.49,254.0,90.63,0.0,2.0,4.48,0.0,card,Electronics,0
215.23,371.0,74.78,0.0,0.0,3.8,0.0,upi,Home & Kitchen,0
852.58,115.0,79.18,0.0,0.0,3.85,0.0,card,Beauty,0
342.64,583.0,95.25,0.0,1.0,4.63,0.0,upi,Electronics,0
261.61,111.0,48.44,1.0,2.0,2.43,0.0,cod,Books,0
1307.21,530.0,65.06,0.0,0.0,3.54,0.0,upi,Grocery,0
1766.72,54.0,52.06,0.0,1.0,2.63,1.0,upi,Pharmacy,1
427.97,67.0,85.36,1.0,3.0,4.26,0.0,upi,Fashion,0
4796.06,198.0,75.65,1.0,1.0,3.84,0.0,card,Electronics,0
1280.56,868.0,87.35,0.0,3.0,4.84,0.0,card,Electronics,0
846.73,10.0,91.68,0.0,2.0,4.29,0.0,card,Food & Beverage,0
153.7,120.0,93.16,0.0,2.0,4.86,0.0,wallet,Pharmacy,0
1077.29,32.0,31.89,0.0,1.0,1.85,1.0,card,Pharmacy,0
309.02,213.0,75.23,0.0,2.0,3.71,0.0,card,Grocery,0
350.15,449.0,43.88,0.0,1.0,2.56,1.0,upi,Food & Beverage,0
1156.91,353.0,78.38,0.0,3.0,4.2,0.0,cod,Pharmacy,0
2552.32,211.0,79.54,0.0,1.0,4.23,0.0,upi,Grocery,0
874.5,281.0,23.3,0.0,0.0,1.0,1.0,card,Beauty,1
1480.84,60.0,85.19,1.0,1.0,4.1,0.0,wallet,Food & Beverage,0
2520.77,618.0,69.88,0.0,4.0,3.29,0.0,cod,Beauty,0
212.76,28.0,86.12,0.0,2.0,4.52,0.0,upi,Pharmacy,0
1169.58,205.0,71.84,0.0,2.0,3.86,0.0,card,Beauty,0
1807.24,99.0,70.02,0.0,0.0,3.43,0.0,upi,Grocery,0
1620.46,438.0,51.79,0.0,1.0,2.51,0.0,card,Beauty,0
1718.61,802.0,88.68,0.0,3.0,5.0,0.0,card,Pharmacy,0
517.41,27.0,64.06,0.0,1.0,3.26,0.0,card,Beauty,0
966.53,119.0,70.52,0.0,2.0,3.66,0.0,upi,Books,0
1821.01,10.0,38.1,0.0,3.0,1.83,0.0,cod,Home & Kitchen,0
1140.07,24.0,78.19,0.0,2.0,4.31,0.0,upi,Pharmacy,0
277.88,12.0,37.84,0.0,2.0,2.02,1.0,upi,Fashion,1
324.83,475.0,78.65,0.0,2.0,3.99,0.0,upi,Grocery,0
1653.88,43.0,61.4,0.0,1.0,3.14,0.0,cod,Fashion,0
83.01,235.0,71.77,1.0,2.0,3.47,0.0,upi,Pharmacy,0
1190.76,252.0,38.47,0.0,2.0,1.64,0.0,card,Grocery,0
1353.75,131.0,87.21,0.0,1.0,4.36,0.0,cod,Electronics,0
1044.33,508.0,61.42,0.0,1.0,3.54,0.0,card,Home & Kitchen,0
1358.85,12.0,53.48,1.0,2.0,2.59,0.0,card,Food & Beverage,0
1350.35,365.0,47.8,0.0,0.0,2.71,1.0,cod,Home & Kitchen,0
102.91,120.0,36.02,0.0,1.0,1.68,1.0,wallet,Grocery,0
163.95,331.0,65.37,0.0,2.0,2.71,0.0,upi,Food & Beverage,0
432.52,345.0,39.81,2.0,0.0,1.83,0.0,card,Beauty,0
1041.41,8.0,82.05,1.0,1.0,3.62,0.0,upi,Home & Kitchen,0
964.08,204.0,83.22,0.0,3.0,4.39,0.0,upi,Fashion,0
331.73,29.0,25.58,0.0,1.0,1.0,1.0,upi,Food & Beverage,0
1886.46,46.0,90.96,1.0,2.0,4.57,0.0,card,Books,0
2983.12,150.0,73.85,2.0,4.0,3.47,0.0,cod,Food & Beverage,1
1350.05,65.0,83.64,1.0,2.0,4.0,0.0,cod,Grocery,0
950.93,54.0,59.83,1.0,3.0,3.25,0.0,upi,Fashion,0
1053.54,51.0,58.73,0.0,1.0,2.9,0.0,upi,Food & Beverage,0
466.48,39.0,32.63,1.0,2.0,1.62,1.0,wallet,Home & Kitchen,0
266.21,391.0,48.88,1.0,1.0,2.42,0.0,card,Beauty,0
1508.11,165.0,69.21,0.0,0.0,3.34,0.0,wallet,Fashion,0
1341.07,545.0,58.18,0.0,2.0,2.67,0.0,upi,Home & Kitchen,0
1519.59,53.0,78.86,0.0,2.0,3.44,0.0,upi,Grocery,0
1015.06,111.0,54.89,1.0,4.0,2.86,0.0,card,Fashion,0
250.13,144.0,79.61,2.0,1.0,4.07,0.0,cod,Food & Beverage,0
235.78,166.0,49.97,1.0,0.0,2.84,0.0,upi,Food & Beverage,0
340.19,3.0,62.82,2.0,3.0,3.26,0.0,upi,Food & Beverage,0
2066.28,281.0,80.28,1.0,2.0,3.88,0.0,cod,Pharmacy,0
218.96,42.0,90.93,0.0,0.0,4.5,0.0,upi,Grocery,0
695.49,48.0,74.54,1.0,2.0,3.9,0.0,upi,Electronics,0
507.4,201.0,48.05,0.0,2.0,2.73,0.0,cod,Pharmacy,0
242.92,255.0,84.24,0.0,1.0,4.09,0.0,upi,Electronics,0
1105.21,412.0,75.15,0.0,2.0,4.09,0.0,card,Food & Beverage,0
2111.44,46.0,48.84,0.0,1.0,2.42,0.0,upi,Beauty,0
743.19,260.0,79.21,0.0,0.0,3.76,0.0,wallet,Grocery,0
187.62,50.0,27.71,0.0,3.0,1.19,1.0,card,Beauty,1
607.02,127.0,46.04,0.0,2.0,2.22,1.0,wallet,Home & Kitchen,0
483.51,121.0,56.26,1.0,1.0,2.81,0.0,cod,Books,0
610.19,83.0,88.64,1.0,1.0,4.78,0.0,cod,Electronics,0
663.35,45.0,40.35,1.0,0.0,2.58,0.0,upi,Books,0
2349.19,366.0,91.26,0.0,1.0,4.5,0.0,card,Home & Kitchen,0
1059.15,357.0,91.43,0.0,1.0,4.16,0.0,upi,Electronics,0
1050.05,318.0,88.96,1.0,2.0,4.27,0.0,card,Electronics,0
475.7,104.0,50.04,0.0,1.0,2.41,1.0,wallet,Electronics,0
1473.23,136.0,84.69,1.0,3.0,4.32,0.0,upi,Grocery,0
1603.04,670.0,46.36,0.0,0.0,1.78,0.0,upi,Grocery,0
1210.98,76.0,84.74,0.0,2.0,4.55,0.0,upi,Grocery,0
1133.22,337.0,59.87,1.0,2.0,2.72,0.0,card,Books,0
234.3,148.0,78.05,1.0,1.0,4.0,0.0,wallet,Books,0
1025.32,27.0,90.74,0.0,2.0,4.5,0.0,card,Food & Beverage,0
1982.42,91.0,33.13,0.0,1.0,1.46,1.0,cod,Grocery,1
1061.52,149.0,22.64,1.0,2.0,1.53,1.0,upi,Grocery,1
1337.4,23.0,78.92,1.0,1.0,3.81,0.0,upi,Electronics,0
612.18,57.0,81.04,1.0,2.0,3.77,0.0,upi,Pharmacy,0
445.84,13.0,59.45,0.0,1.0,3.13,0.0,upi,Pharmacy,0
308.72,465.0,47.21,0.0,0.0,2.63,0.0,cod,Home & Kitchen,0
1768.07,344.0,67.43,0.0,0.0,3.31,0.0,cod,Pharmacy,0
714.08,76.0,37.36,1.0,3.0,1.92,0.0,upi,Books,0
1614.21,282.0,76.22,1.0,0.0,4.1,0.0,card,Grocery,0
554.68,92.0,88.64,0.0,1.0,4.37,0.0,card,Fashion,0
1688.84,226.0,65.66,0.0,1.0,3.21,0.0,cod,Beauty,0
828.8,344.0,80.35,3.0,0.0,4.25,0.0,upi,Fashion,0
607.78,75.0,50.92,0.0,0.0,2.5,0.0,upi,Home & Kitchen,0
611.75,98.0,56.21,1.0,1.0,2.58,0.0,upi,Grocery,0
1435.29,459.0,55.72,0.0,1.0,2.79,0.0,upi,Electronics,0
1059.61,93.0,65.21,0.0,2.0,2.97,0.0,upi,Electronics,0
1441.62,177.0,62.59,0.0,1.0,3.11,0.0,cod,Food & Beverage,0
1963.71,8.0,74.04,0.0,1.0,3.99,0.0,wallet,Pharmacy,0
674.83,261.0,73.36,0.0,1.0,3.3,0.0,card,Books,0
1226.36,200.0,86.09,0.0,1.0,4.29,0.0,cod,Books,0
746.55,44.0,58.21,0.0,0.0,3.09,0.0,card,Fashion,0
574.76,308.0,95.43,0.0,1.0,4.75,0.0,card,Pharmacy,0
1070.39,274.0,49.72,0.0,2.0,2.9,0.0,cod,Electronics,0
232.63,189.0,91.2,0.0,2.0,4.58,0.0,cod,Food & Beverage,0
1547.43,302.0,60.86,0.0,2.0,3.16,0.0,upi,Fashion,0
984.66,73.0,23.83,1.0,2.0,1.61,1.0,cod,Beauty,1
462.39,20.0,81.8,1.0,2.0,4.25,0.0,upi,Books,0
1001.36,464.0,94.29,1.0,2.0,4.71,0.0,upi,Beauty,0
177.92,652.0,51.88,0.0,1.0,2.47,0.0,upi,Food & Beverage,0
300.38,96.0,57.28,0.0,2.0,2.82,0.0,card,Electronics,0
301.86,210.0,24.99,1.0,0.0,1.35,1.0,upi,Food & Beverage,0
275.39,97.0,66.08,0.0,2.0,3.07,0.0,cod,Home & Kitchen,0
689.2,112.0,31.94,1.0,1.0,1.99,1.0,card,Books,0
997.91,74.0,35.92,1.0,1.0,2.49,0.0,upi,Fashion,0
3726.26,208.0,91.97,0.0,1.0,4.6,0.0,cod,Electronics,0
1712.05,161.0,23.13,0.0,3.0,1.0,1.0,cod,Pharmacy,1
140.59,17.0,92.47,0.0,1.0,4.86,0.0,cod,Food & Beverage,0
2390.6,370.0,92.5,0.0,1.0,4.66,0.0,upi,Grocery,0
467.29,3.0,67.26,1.0,3.0,3.56,0.0,upi,Books,0
1162.42,163.0,81.37,0.0,0.0,4.06,0.0,upi,Beauty,0
704.48,7.0,69.95,0.0,1.0,3.78,0.0,cod,Pharmacy,0
2494.21,287.0,79.77,0.0,0.0,3.77,0.0,upi,Food & Beverage,0
1613.69,210.0,96.33,0.0,0.0,4.94,0.0,upi,Home & Kitchen,0
2256.33,643.0,74.91,2.0,1.0,3.84,0.0,card,Books,0
1208.32,102.0,72.58,0.0,0.0,3.75,0.0,upi,Books,0
552.58,357.0,65.07,0.0,0.0,3.49,0.0,card,Pharmacy,0
1335.77,211.0,31.97,0.0,0.0,1.88,1.0,card,Grocery,0
1964.41,297.0,90.14,0.0,0.0,4.17,0.0,upi,Beauty,0
408.29,307.0,51.27,1.0,2.0,2.8,0.0,wallet,Fashion,0
1102.44,358.0,49.1,0.0,1.0,2.51,0.0,upi,Grocery,0
1490.94,539.0,91.15,1.0,2.0,4.5,0.0,card,Grocery,0
513.28,22.0,46.95,1.0,1.0,2.43,0.0,cod,Books,0
614.86,252.0,53.97,0.0,1.0,2.77,1.0,card,Home & Kitchen,0
751.52,16.0,74.19,1.0,1.0,3.74,0.0,upi,Grocery,0
1110.36,14.0,49.29,0.0,4.0,1.94,0.0,card,Pharmacy,1
829.7,661.0,87.93,2.0,0.0,4.44,0.0,wallet,Pharmacy,0
893.91,207.0,79.79,1.0,2.0,3.93,0.0,cod,Home & Kitchen,0
2674.62,2.0,42.64,1.0,0.0,2.24,1.0,upi,Beauty,0
806.0,60.0,87.86,0.0,1.0,4.38,0.0,upi,Beauty,0
2145.23,167.0,81.54,0.0,4.0,4.72,0.0,upi,Books,0
3479.61,85.0,84.59,0.0,2.0,4.17,0.0,wallet,Home & Kitchen,0
439.14,216.0,79.33,0.0,3.0,3.51,0.0,wallet,Grocery,0
1644.1,35.0,28.88,2.0,0.0,1.42,0.0,upi,Grocery,0
581.59,63.0,47.62,0.0,1.0,2.25,1.0,card,Pharmacy,1
1593.48,60.0,64.06,0.0,1.0,3.27,0.0,upi,Grocery,0
565.96,599.0,77.58,0.0,1.0,3.74,0.0,card,Books,0
127.5,12.0,48.96,1.0,2.0,2.64,0.0,upi,Grocery,1
1430.98,50.0,92.99,0.0,1.0,4.65,0.0,upi,Pharmacy,0
914.11,216.0,72.13,1.0,3.0,3.71,0.0,upi,Food & Beverage,0
2017.07,228.0,38.78,1.0,0.0,2.38,0.0,cod,Electronics,0
559.43,5.0,97.51,0.0,2.0,4.9,0.0,upi,Grocery,0
799.76,215.0,67.91,0.0,0.0,3.0,0.0,upi,Books,0
536.98,253.0,73.7,0.0,2.0,3.54,0.0,card,Fashion,0
292.32,153.0,47.3,0.0,0.0,1.95,1.0,upi,Fashion,0
1079.93,23.0,69.96,0.0,0.0,3.32,0.0,upi,Beauty,0
802.78,183.0,92.52,0.0,1.0,3.57,0.0,card,Fashion,0
171.65,18.0,36.21,0.0,1.0,2.06,1.0,upi,Beauty,0
2063.99,98.0,64.79,0.0,1.0,2.79,0.0,upi,Fashion,0
880.53,142.0,85.76,0.0,0.0,4.5,0.0,cod,Beauty,0
524.55,231.0,84.73,1.0,1.0,4.04,0.0,card,Grocery,0
1444.88,89.0,46.8,0.0,0.0,2.26,0.0,cod,Beauty,0
1745.28,134.0,20.27,0.0,0.0,1.5,1.0,upi,Beauty,0
319.14,330.0,71.5,0.0,1.0,3.48,0.0,cod,Home & Kitchen,0
278.1,25.0,75.97,0.0,2.0,3.51,0.0,upi,Fashion,0
615.45,624.0,25.27,1.0,1.0,1.11,0.0,cod,Pharmacy,0
1132.02,442.0,66.1,0.0,1.0,2.93,0.0,card,Fashion,0
2311.95,591.0,82.34,0.0,1.0,4.37,0.0,card,Fashion,0
80.04,110.0,78.26,2.0,0.0,4.08,0.0,upi,Electronics,0
2795.03,46.0,66.36,0.0,0.0,3.23,0.0,upi,Home & Kitchen,0
948.25,291.0,47.19,2.0,2.0,2.59,0.0,upi,Home & Kitchen,0
1960.38,158.0,30.03,0.0,0.0,1.68,1.0,upi,Home & Kitchen,0
1867.58,239.0,46.69,0.0,1.0,2.25,0.0,upi,Fashion,0
803.58,410.0,89.39,0.0,1.0,4.54,0.0,upi,Fashion,0
604.65,103.0,42.81,1.0,1.0,2.07,0.0,upi,Pharmacy,0
1190.15,195.0,87.34,0.0,0.0,4.17,0.0,card,Books,0
966.29,85.0,64.86,0.0,2.0,2.48,0.0,upi,Pharmacy,0
500.85,144.0,91.06,2.0,0.0,4.47,0.0,wallet,Books,0
804.73,531.0,57.61,1.0,2.0,2.88,0.0,card,Beauty,0
652.76,6.0,47.82,1.0,0.0,1.97,0.0,upi,Pharmacy,0
862.05,10.0,72.96,0.0,1.0,3.9,0.0,upi,Fashion,0
1742.79,343.0,28.91,0.0,0.0,1.37,1.0,upi,Pharmacy,0
648.8,287.0,87.71,0.0,1.0,4.51,0.0,upi,Beauty,0
1038.85,189.0,38.94,0.0,0.0,2.02,1.0,upi,Food & Beverage,0
793.17,51.0,29.14,0.0,1.0,1.42,1.0,upi,Home & Kitchen,1
786.13,32.0,54.43,1.0,1.0,2.54,0.0,upi,Fashion,0
701.04,58.0,24.92,1.0,0.0,1.03,1.0,upi,Home & Kitchen,1
1214.69,247.0,35.51,0.0,0.0,1.26,1.0,upi,Beauty,0
95.96,94.0,66.67,0.0,6.0,3.77,0.0,card,Grocery,0
1228.84,88.0,81.18,0.0,1.0,4.15,0.0,cod,Fashion,0
990.33,156.0,72.66,0.0,1.0,3.33,0.0,upi,Home & Kitchen,0
943.34,156.0,71.92,1.0,1.0,3.76,0.0,card,Books,0
1356.19,211.0,73.69,0.0,2.0,3.33,0.0,wallet,Beauty,0
190.29,260.0,75.92,1.0,1.0,3.97,0.0,cod,Beauty,0
1703.61,587.0,51.4,0.0,2.0,2.69,0.0,upi,Fashion,0
684.6,39.0,71.4,0.0,1.0,3.37,0.0,upi,Beauty,0
654.51,115.0,81.03,0.0,1.0,3.57,0.0,upi,Books,0
416.07,56.0,70.31,1.0,0.0,3.36,0.0,card,Home & Kitchen,0
461.26,220.0,40.84,0.0,0.0,2.06,0.0,cod,Food & Beverage,0
184.06,83.0,24.77,0.0,1.0,1.0,1.0,upi,Beauty,1
887.35,265.0,84.5,2.0,5.0,4.01,0.0,card,Food & Beverage,0
555.97,318.0,84.22,0.0,1.0,4.59,0.0,cod,Fashion,0
1518.02,19.0,88.33,0.0,0.0,4.39,0.0,upi,Home & Kitchen,0
1078.48,330.0,60.41,0.0,0.0,3.81,0.0,upi,Beauty,0
967.8,67.0,75.39,0.0,2.0,3.89,0.0,upi,Electronics,0
602.95,55.0,69.58,0.0,4.0,3.41,0.0,card,Electronics,0
727.61,97.0,69.82,0.0,1.0,3.21,0.0,upi,Beauty,0
2260.3,109.0,95.73,0.0,0.0,4.44,0.0,upi,Electronics,0
596.52,57.0,89.43,1.0,2.0,4.51,0.0,wallet,Electronics,0
86.71,1.0,93.8,0.0,0.0,4.54,0.0,upi,Electronics,0
703.57,75.0,48.28,2.0,1.0,2.31,0.0,upi,Pharmacy,0
372.83,394.0,46.7,0.0,3.0,2.38,0.0,cod,Electronics,0
660.72,11.0,81.87,0.0,1.0,3.88,0.0,wallet,Beauty,0
853.43,62.0,82.9,0.0,3.0,4.4,0.0,card,Home & Kitchen,0
378.17,210.0,30.24,0.0,0.0,1.59,1.0,cod,Electronics,1
172.78,42.0,39.08,0.0,0.0,1.77,1.0,upi,Grocery,0
713.97,37.0,78.78,0.0,1.0,4.0,0.0,upi,Pharmacy,0
2056.34,53.0,62.32,0.0,0.0,2.42,0.0,wallet,Fashion,0
821.18,161.0,62.49,0.0,3.0,3.24,0.0,wallet,Books,0
1011.81,208.0,95.8,0.0,1.0,4.9,0.0,upi,Home & Kitchen,0
634.8,381.0,85.01,0.0,0.0,3.63,0.0,cod,Fashion,0
1142.74,135.0,91.46,0.0,2.0,4.01,0.0,upi,Electronics,0
1369.02,252.0,39.39,2.0,1.0,1.87,0.0,upi,Grocery,0
1803.29,322.0,90.38,0.0,0.0,4.32,0.0,card,Fashion,0
2173.52,6.0,49.32,0.0,0.0,2.45,0.0,card,Electronics,0
1058.82,52.0,80.79,1.0,0.0,4.05,0.0,upi,Beauty,0
1838.6,43.0,73.88,1.0,0.0,4.15,0.0,upi,Grocery,0
1523.76,157.0,49.31,1.0,1.0,2.36,0.0,card,Books,0
1162.69,109.0,78.79,0.0,1.0,4.12,0.0,upi,Home & Kitchen,0
808.03,116.0,54.48,0.0,0.0,2.58,0.0,upi,Fashion,0
135.05,45.0,25.65,1.0,2.0,1.4,1.0,wallet,Grocery,1
3043.95,171.0,59.37,0.0,1.0,2.84,0.0,wallet,Grocery,0
896.99,549.0,55.58,0.0,2.0,2.38,0.0,cod,Electronics,0
585.89,232.0,85.62,0.0,0.0,4.09,0.0,card,Pharmacy,0
587.53,182.0,81.61,0.0,0.0,4.19,0.0,wallet,Grocery,0
1355.75,99.0,69.24,0.0,1.0,3.11,0.0,cod,Books,0
306.6,340.0,63.38,0.0,1.0,3.19,0.0,card,Grocery,0
2052.44,112.0,62.08,0.0,1.0,3.2,0.0,card,Books,0
1048.54,276.0,88.37,1.0,1.0,4.52,0.0,card,Fashion,0
493.66,564.0,65.05,1.0,1.0,3.47,0.0,upi,Home & Kitchen,0
1230.54,88.0,82.32,0.0,0.0,4.72,0.0,upi,Pharmacy,0
1437.69,70.0,67.8,0.0,1.0,3.0,0.0,wallet,Electronics,0
477.3,409.0,54.38,1.0,2.0,2.6,0.0,card,Electronics,0
1200.65,798.0,65.85,0.0,1.0,3.27,0.0,upi,Pharmacy,0
640.1,11.0,47.5,1.0,1.0,2.22,0.0,wallet,Beauty,0
649.5,318.0,66.18,1.0,2.0,3.66,0.0,cod,Food & Beverage,0
703.2,193.0,80.46,2.0,2.0,4.39,0.0,card,Home & Kitchen,0
94.97,142.0,83.58,0.0,0.0,4.85,0.0,wallet,Beauty,0
1707.99,83.0,79.78,0.0,2.0,3.94,0.0,cod,Fashion,0
660.61,250.0,43.94,0.0,1.0,1.85,0.0,upi,Fashion,0
642.63,221.0,59.07,0.0,1.0,2.88,0.0,cod,Books,0
1869.46,26.0,39.47,0.0,2.0,1.68,1.0,upi,Fashion,1
1115.83,284.0,87.55,0.0,0.0,4.62,0.0,cod,Books,0
435.62,326.0,53.05,1.0,3.0,2.88,1.0,upi,Home & Kitchen,1
1010.31,260.0,77.47,0.0,1.0,4.1,0.0,upi,Beauty,0
1142.65,143.0,70.91,0.0,2.0,4.17,0.0,cod,Electronics,0
730.69,538.0,74.96,1.0,0.0,3.75,0.0,upi,Fashion,0
2525.95,88.0,67.38,1.0,2.0,3.17,0.0,wallet,Home & Kitchen,0
707.82,358.0,31.25,0.0,0.0,1.55,1.0,upi,Food & Beverage,0
828.49,592.0,76.15,0.0,0.0,3.51,0.0,upi,Food & Beverage,0
853.04,146.0,62.1,1.0,1.0,2.9,0.0,upi,Beauty,0
1373.85,83.0,53.76,1.0,0.0,2.69,0.0,cod,Beauty,0
401.73,166.0,72.22,0.0,1.0,3.76,0.0,card,Grocery,0
1498.54,34.0,82.44,0.0,2.0,3.87,0.0,card,Fashion,0
3241.6,238.0,62.24,1.0,0.0,2.72,0.0,cod,Books,1
250.37,163.0,72.49,0.0,1.0,3.84,0.0,card,Pharmacy,0
424.37,60.0,48.3,1.0,3.0,2.15,0.0,wallet,Food & Beverage,0
220.17,198.0,72.31,0.0,0.0,3.66,0.0,upi,Fashion,0
119.23,27.0,58.41,0.0,0.0,3.26,0.0,upi,Pharmacy,0
414.73,5.0,95.26,0.0,0.0,5.0,0.0,cod,Electronics,0
437.88,406.0,47.33,0.0,1.0,2.54,0.0,wallet,Pharmacy,0
1443.21,7.0,86.14,0.0,1.0,4.63,0.0,cod,Grocery,0
1836.33,61.0,48.75,0.0,1.0,2.51,0.0,upi,Books,0
1004.9,382.0,80.41,0.0,4.0,3.69,0.0,cod,Food & Beverage,0
1687.71,541.0,77.29,0.0,0.0,4.6,0.0,upi,Pharmacy,0
1357.95,33.0,76.47,0.0,1.0,3.96,0.0,upi,Beauty,0
515.24,33.0,78.72,0.0,1.0,4.08,0.0,cod,Food & Beverage,0
1095.28,670.0,49.41,0.0,0.0,2.52,0.0,upi,Grocery,0
373.18,6.0,53.07,1.0,0.0,2.14,1.0,cod,Electronics,0
828.5,311.0,38.46,0.0,2.0,1.66,0.0,card,Home & Kitchen,0
964.04,723.0,35.78,0.0,1.0,2.28,1.0,cod,Grocery,1
1250.81,109.0,60.61,0.0,3.0,2.45,0.0,upi,Fashion,0
2347.84,90.0,84.0,1.0,3.0,4.16,0.0,card,Beauty,0
291.5,40.0,35.56,0.0,2.0,1.86,1.0,card,Fashion,1
812.35,481.0,45.83,1.0,1.0,2.19,0.0,upi,Home & Kitchen,0
2071.67,113.0,31.52,1.0,2.0,2.18,1.0,upi,Books,1
484.36,868.0,93.6,0.0,4.0,4.22,0.0,wallet,Pharmacy,0
387.12,232.0,57.8,0.0,1.0,2.67,0.0,upi,Books,0
1338.28,185.0,74.77,0.0,1.0,3.83,0.0,upi,Electronics,0
1198.82,442.0,94.52,1.0,3.0,4.84,0.0,card,Pharmacy,0
221.92,278.0,98.13,0.0,0.0,4.94,0.0,cod,Books,0
544.75,108.0,29.69,0.0,0.0,1.56,1.0,wallet,Electronics,0
338.02,115.0,95.61,0.0,0.0,4.59,0.0,cod,Grocery,0
339.27,204.0,71.98,0.0,0.0,3.5,0.0,cod,Grocery,0
1138.45,67.0,95.95,0.0,4.0,4.48,0.0,upi,Books,0
1136.7,197.0,59.42,0.0,1.0,3.09,0.0,card,Grocery,0
815.75,476.0,90.66,0.0,0.0,4.02,0.0,card,Home & Kitchen,0
287.97,68.0,59.14,1.0,0.0,2.55,0.0,card,Grocery,0
348.26,42.0,92.27,1.0,2.0,4.88,0.0,cod,Fashion,0
1071.27,150.0,78.03,2.0,0.0,3.72,0.0,wallet,Books,0
244.43,102.0,54.21,1.0,2.0,3.43,0.0,wallet,Electronics,0
167.7,414.0,37.57,0.0,1.0,1.74,0.0,upi,Electronics,0
577.76,247.0,22.46,0.0,1.0,1.0,1.0,upi,Grocery,0
818.54,82.0,88.0,0.0,1.0,4.79,0.0,upi,Pharmacy,0
189.84,64.0,64.9,0.0,2.0,3.54,0.0,upi,Electronics,0
1104.4,119.0,47.66,0.0,1.0,2.32,0.0,cod,Fashion,0
752.54,186.0,84.64,0.0,0.0,4.2,0.0,card,Food & Beverage,0
322.24,202.0,93.1,0.0,2.0,4.96,0.0,card,Food & Beverage,0
874.07,262.0,57.56,1.0,0.0,2.94,0.0,cod,Home & Kitchen,0
136.72,69.0,54.93,1.0,2.0,2.65,1.0,upi,Food & Beverage,1
614.15,89.0,39.27,1.0,0.0,1.91,0.0,wallet,Beauty,0
635.01,45.0,21.64,1.0,3.0,1.67,1.0,upi,Fashion,1
825.86,13.0,69.67,0.0,2.0,3.39,0.0,upi,Electronics,0
900.26,234.0,67.61,1.0,0.0,3.29,0.0,cod,Fashion,0
1384.09,584.0,33.79,0.0,0.0,1.68,0.0,cod,Grocery,0
791.24,107.0,86.48,0.0,0.0,4.34,0.0,upi,Home & Kitchen,0
236.65,146.0,77.91,0.0,5.0,3.67,0.0,upi,Grocery,0
388.38,230.0,81.11,0.0,1.0,4.53,0.0,card,Grocery,0
3850.25,520.0,68.05,0.0,1.0,3.29,0.0,card,Electronics,0
188.97,16.0,72.42,0.0,1.0,3.77,0.0,cod,Grocery,0
2799.38,75.0,64.28,0.0,2.0,3.71,0.0,upi,Electronics,0
2531.34,255.0,88.6,0.0,1.0,4.33,0.0,cod,Food & Beverage,0
232.69,460.0,64.53,0.0,0.0,3.35,0.0,upi,Books,0
1559.28,171.0,92.23,0.0,1.0,4.25,0.0,upi,Home & Kitchen,0
1092.56,92.0,78.87,0.0,2.0,3.71,0.0,card,Beauty,0
1755.65,259.0,63.56,1.0,2.0,3.22,0.0,cod,Home & Kitchen,0
401.9,132.0,72.63,1.0,0.0,3.52,0.0,upi,Beauty,0
1096.03,56.0,68.71,0.0,3.0,3.67,0.0,upi,Beauty,0
477.73,349.0,54.43,0.0,1.0,2.57,1.0,card,Fashion,0
326.92,274.0,61.16,0.0,1.0,2.99,0.0,card,Fashion,0
866.82,68.0,63.88,1.0,2.0,3.01,0.0,wallet,Pharmacy,0
1351.53,227.0,79.75,0.0,0.0,4.33,0.0,card,Food & Beverage,0
1266.0,193.0,72.44,1.0,2.0,3.57,0.0,card,Electronics,0
1637.05,3.0,76.52,0.0,3.0,3.64,0.0,cod,Grocery,0
427.73,57.0,84.48,0.0,1.0,3.97,0.0,upi,Grocery,1
2519.26,43.0,50.0,3.0,0.0,2.18,1.0,upi,Electronics,1
848.68,44.0,71.11,0.0,0.0,3.77,0.0,cod,Home & Kitchen,0
312.47,54.0,67.38,0.0,1.0,3.35,0.0,card,Books,0
1554.07,371.0,33.71,1.0,0.0,2.57,0.0,cod,Beauty,0
765.1,96.0,61.36,0.0,2.0,2.91,0.0,upi,Books,0
526.85,157.0,71.25,0.0,1.0,3.1,0.0,upi,Books,0
768.88,364.0,92.36,1.0,2.0,4.56,0.0,upi,Grocery,0
162.83,274.0,24.57,0.0,2.0,1.91,1.0,cod,Electronics,1
2187.97,38.0,39.03,1.0,0.0,2.06,0.0,upi,Beauty,0
1187.9,115.0,72.27,0.0,1.0,3.59,0.0,card,Books,0
849.78,695.0,96.66,0.0,1.0,4.68,0.0,card,Pharmacy,0
642.75,110.0,52.66,0.0,2.0,2.54,1.0,upi,Home & Kitchen,0
1692.7,98.0,64.7,0.0,2.0,3.6,0.0,upi,Fashion,0
2273.71,294.0,61.97,0.0,1.0,2.85,0.0,card,Fashion,0
282.99,229.0,63.25,1.0,0.0,3.17,0.0,card,Grocery,0
848.91,44.0,79.97,0.0,0.0,4.04,0.0,upi,Beauty,0
1045.54,148.0,87.02,0.0,2.0,4.36,0.0,card,Pharmacy,0
1682.12,493.0,80.34,0.0,1.0,3.93,0.0,wallet,Beauty,0
1314.39,237.0,98.2,1.0,2.0,4.48,0.0,wallet,Food & Beverage,0
1094.97,254.0,69.36,1.0,0.0,3.53,0.0,cod,Pharmacy,0
791.18,82.0,43.48,0.0,1.0,2.09,1.0,cod,Pharmacy,1
254.29,290.0,25.49,0.0,4.0,1.65,1.0,cod,Grocery,1
893.28,229.0,62.9,0.0,0.0,3.09,0.0,cod,Electronics,0
664.56,135.0,66.25,0.0,0.0,3.3,0.0,upi,Food & Beverage,0
281.4,621.0,40.47,0.0,1.0,2.07,0.0,upi,Beauty,0
2277.46,265.0,47.34,2.0,4.0,2.51,0.0,cod,Electronics,1
839.17,866.0,82.65,0.0,2.0,3.59,0.0,card,Electronics,0
1289.28,130.0,90.3,0.0,0.0,4.61,0.0,cod,Books,0
687.96,115.0,61.59,0.0,2.0,2.57,0.0,wallet,Beauty,0
356.72,292.0,55.91,0.0,2.0,2.69,0.0,upi,Home & Kitchen,0
1355.88,82.0,75.6,0.0,3.0,3.97,0.0,wallet,Home & Kitchen,0
2381.26,50.0,33.5,0.0,3.0,2.3,0.0,upi,Beauty,0
1665.51,15.0,44.62,0.0,1.0,1.93,0.0,upi,Beauty,0
1128.53,133.0,69.58,0.0,1.0,3.23,0.0,card,Beauty,0
671.28,1.0,67.82,0.0,0.0,2.89,0.0,wallet,Fashion,0
980.22,94.0,28.1,0.0,1.0,1.19,1.0,wallet,Grocery,1
1326.03,27.0,79.45,0.0,1.0,4.66,0.0,card,Beauty,0
627.69,114.0,73.73,1.0,1.0,3.21,0.0,card,Beauty,0
1313.4,57.0,77.66,0.0,0.0,2.95,0.0,upi,Beauty,0
711.11,268.0,80.64,0.0,1.0,4.3,0.0,cod,Books,0
128.58,21.0,78.85,0.0,1.0,4.2,0.0,cod,Electronics,0
373.48,620.0,64.12,0.0,1.0,3.22,0.0,upi,Pharmacy,0
739.5,18.0,58.9,0.0,2.0,2.98,0.0,upi,Grocery,0
892.26,350.0,48.45,2.0,0.0,2.66,0.0,upi,Fashion,0
1553.9,10.0,83.26,0.0,0.0,4.41,0.0,wallet,Pharmacy,0
1024.06,19.0,62.96,1.0,0.0,2.84,0.0,cod,Home & Kitchen,0
200.72,103.0,68.32,0.0,0.0,3.04,0.0,upi,Electronics,0
1325.34,52.0,79.31,1.0,2.0,3.66,0.0,cod,Home & Kitchen,0
646.54,29.0,79.88,3.0,0.0,3.76,0.0,upi,Beauty,0
252.39,20.0,38.02,0.0,0.0,2.12,1.0,card,Grocery,0
1317.12,452.0,68.45,0.0,1.0,3.74,0.0,card,Grocery,0
1463.24,172.0,67.91,1.0,0.0,3.29,0.0,card,Electronics,0
928.49,110.0,76.52,0.0,1.0,3.91,0.0,upi,Fashion,0
1060.3,109.0,58.48,0.0,0.0,2.9,0.0,wallet,Beauty,0
906.51,335.0,84.35,0.0,3.0,3.97,0.0,cod,Grocery,0
1287.45,998.0,70.98,2.0,2.0,3.28,0.0,upi,Home & Kitchen,0
725.59,250.0,64.62,0.0,0.0,3.25,0.0,card,Fashion,0
118.96,153.0,62.0,0.0,3.0,3.33,0.0,card,Beauty,0
378.46,171.0,86.63,0.0,1.0,4.45,0.0,card,Pharmacy,0
440.19,79.0,60.47,0.0,1.0,2.96,0.0,upi,Pharmacy,0
649.53,176.0,33.2,0.0,3.0,2.08,0.0,card,Pharmacy,0
704.07,202.0,74.53,0.0,0.0,4.2,0.0,cod,Beauty,0
2127.87,43.0,38.13,0.0,0.0,1.45,1.0,upi,Electronics,0
829.4,161.0,22.33,0.0,1.0,1.0,1.0,upi,Beauty,1
1059.89,231.0,52.88,2.0,2.0,2.21,0.0,card,Grocery,0
746.53,322.0,46.26,0.0,1.0,2.58,1.0,upi,Home & Kitchen,0
907.46,182.0,65.1,1.0,3.0,3.17,0.0,wallet,Grocery,0
1051.48,20.0,49.92,0.0,1.0,2.51,1.0,card,Fashion,1
1670.09,15.0,29.32,0.0,0.0,1.65,1.0,card,Food & Beverage,0
1643.91,31.0,90.09,1.0,1.0,4.5,0.0,card,Grocery,0
245.09,48.0,83.78,0.0,2.0,4.0,0.0,upi,Fashion,0
453.62,260.0,88.53,0.0,0.0,4.1,0.0,wallet,Grocery,0
645.93,213.0,82.35,0.0,1.0,4.05,0.0,upi,Books,0
1556.97,101.0,51.71,0.0,1.0,2.83,0.0,cod,Food & Beverage,0
983.22,229.0,88.07,0.0,1.0,3.9,0.0,upi,Beauty,0
701.72,99.0,71.49,0.0,2.0,3.43,0.0,cod,Electronics,0
302.32,416.0,59.78,0.0,1.0,2.41,0.0,card,Books,0
1363.65,117.0,83.66,1.0,0.0,4.46,0.0,card,Grocery,0
1721.41,465.0,74.35,0.0,1.0,3.22,0.0,wallet,Electronics,0
393.27,115.0,53.99,1.0,3.0,2.22,1.0,wallet,Beauty,1
194.76,507.0,75.15,0.0,2.0,4.01,0.0,upi,Books,0
780.69,104.0,86.81,0.0,1.0,4.15,0.0,cod,Electronics,0
795.35,1.0,87.16,1.0,3.0,3.81,0.0,upi,Books,0
2054.23,183.0,33.86,0.0,2.0,1.85,1.0,card,Electronics,0
517.53,3.0,87.92,0.0,2.0,4.43,0.0,cod,Electronics,0
450.57,55.0,78.54,0.0,2.0,4.51,0.0,upi,Books,0
436.7,53.0,81.09,0.0,1.0,3.69,0.0,cod,Books,0
320.91,215.0,73.45,0.0,2.0,3.37,0.0,card,Electronics,0
714.69,245.0,67.66,0.0,0.0,3.16,0.0,card,Fashion,0
1420.32,176.0,67.19,0.0,0.0,3.65,0.0,cod,Home & Kitchen,0
1462.5,74.0,79.66,0.0,0.0,3.39,0.0,card,Electronics,0
333.47,120.0,66.42,0.0,0.0,3.21,0.0,cod,Books,0
1601.89,55.0,69.69,1.0,1.0,3.56,0.0,upi,Fashion,0
838.53,509.0,58.13,1.0,3.0,3.26,0.0,upi,Food & Beverage,0
153.78,514.0,82.05,0.0,0.0,3.84,0.0,card,Grocery,0
1310.92,33.0,89.37,0.0,3.0,4.55,0.0,cod,Home & Kitchen,0
1660.35,189.0,42.78,0.0,2.0,1.94,0.0,cod,Beauty,0
543.7,184.0,86.66,0.0,1.0,3.95,0.0,card,Electronics,0
825.11,200.0,96.36,1.0,0.0,4.77,0.0,cod,Beauty,0
696.43,405.0,76.04,0.0,1.0,3.71,0.0,cod,Home & Kitchen,0
880.56,155.0,48.53,0.0,3.0,2.57,0.0,card,Fashion,0
680.55,543.0,85.99,0.0,2.0,4.88,0.0,upi,Home & Kitchen,0
944.3,3.0,55.91,0.0,0.0,2.92,0.0,card,Fashion,0
113.5,259.0,77.77,0.0,0.0,3.88,0.0,upi,Fashion,0
526.37,179.0,62.67,0.0,3.0,3.29,0.0,upi,Grocery,0
740.81,67.0,92.67,0.0,2.0,4.4,0.0,cod,Beauty,0
1206.76,7.0,51.53,0.0,1.0,2.8,1.0,wallet,Pharmacy,0
114.68,29.0,61.48,0.0,0.0,2.86,0.0,cod,Books,0
1665.93,33.0,43.34,0.0,0.0,2.25,1.0,upi,Fashion,0
829.29,574.0,73.69,0.0,3.0,3.6,0.0,upi,Home & Kitchen,0
1574.57,276.0,70.02,1.0,0.0,3.41,0.0,upi,Home & Kitchen,0
1039.26,21.0,64.65,0.0,0.0,3.7,0.0,upi,Pharmacy,0
1952.21,53.0,76.13,0.0,2.0,3.52,0.0,upi,Beauty,0
1086.2,615.0,85.39,0.0,1.0,4.4,0.0,card,Home & Kitchen,0
205.67,104.0,59.53,0.0,0.0,2.83,0.0,upi,Food & Beverage,0
1246.65,456.0,72.68,0.0,0.0,3.89,0.0,upi,Electronics,0
888.9,44.0,79.83,0.0,0.0,3.58,0.0,wallet,Pharmacy,0
499.99,72.0,84.08,0.0,3.0,4.09,0.0,cod,Electronics,0
917.08,250.0,96.57,1.0,1.0,4.54,0.0,card,Books,0
1104.32,86.0,92.85,0.0,0.0,5.0,0.0,card,Pharmacy,0
953.12,179.0,77.34,0.0,1.0,4.24,0.0,wallet,Pharmacy,0
249.28,167.0,46.61,1.0,0.0,2.1,0.0,card,Food & Beverage,0
2078.87,106.0,86.69,0.0,3.0,3.97,0.0,upi,Fashion,0
1373.99,178.0,83.11,0.0,1.0,4.01,0.0,card,Grocery,0
791.32,274.0,24.85,1.0,0.0,1.47,1.0,upi,Food & Beverage,1
645.07,137.0,89.29,0.0,3.0,4.54,0.0,wallet,Books,0
1990.44,92.0,60.07,0.0,1.0,2.88,0.0,card,Beauty,0
946.69,411.0,74.1,1.0,1.0,4.04,0.0,cod,Home & Kitchen,0
262.5,140.0,64.83,0.0,0.0,3.34,0.0,cod,Electronics,0
1996.4,36.0,67.7,0.0,1.0,3.12,0.0,upi,Electronics,0
572.17,270.0,63.55,0.0,2.0,2.55,0.0,wallet,Beauty,0
260.2,24.0,71.79,0.0,2.0,4.2,0.0,card,Electronics,0
960.54,11.0,48.98,0.0,0.0,2.36,1.0,cod,Grocery,1
476.78,21.0,88.83,0.0,2.0,3.72,0.0,card,Fashion,0
732.65,225.0,83.74,0.0,3.0,4.27,0.0,card,Fashion,0
1069.85,660.0,71.53,0.0,1.0,3.07,0.0,upi,Electronics,0
69.71,459.0,49.72,0.0,2.0,2.87,0.0,upi,Grocery,0
876.35,724.0,69.83,0.0,3.0,3.85,0.0,cod,Fashion,0
1715.19,37.0,44.72,1.0,1.0,2.16,0.0,upi,Grocery,0
281.52,210.0,77.17,0.0,0.0,3.52,0.0,upi,Food & Beverage,0
98.22,25.0,53.23,0.0,1.0,2.81,0.0,card,Electronics,0
1406.71,137.0,71.87,0.0,2.0,3.96,0.0,upi,Grocery,0
846.83,54.0,47.28,0.0,1.0,2.33,1.0,card,Beauty,0
1160.83,119.0,84.03,0.0,2.0,4.09,0.0,upi,Home & Kitchen,0
577.88,52.0,92.14,0.0,1.0,4.38,0.0,upi,Home & Kitchen,0
940.88,436.0,75.32,0.0,1.0,3.66,0.0,cod,Beauty,0
2011.53,416.0,59.67,1.0,0.0,2.94,0.0,upi,Home & Kitchen,0
1172.87,135.0,87.9,0.0,0.0,4.25,0.0,upi,Grocery,0
309.61,851.0,78.72,1.0,0.0,3.64,0.0,upi,Beauty,0
1620.04,58.0,23.88,0.0,1.0,1.69,1.0,upi,Beauty,0
758.07,19.0,73.58,0.0,0.0,3.61,0.0,upi,Electronics,0
125.5,106.0,61.93,0.0,0.0,2.94,0.0,cod,Pharmacy,0
412.45,172.0,25.84,2.0,1.0,1.35,1.0,card,Pharmacy,0
342.44,3.0,64.02,0.0,0.0,3.27,0.0,upi,Pharmacy,0
731.12,44.0,52.76,0.0,1.0,2.62,0.0,card,Beauty,0
1651.14,146.0,79.42,0.0,3.0,3.63,0.0,cod,Pharmacy,0
1362.56,474.0,92.15,0.0,1.0,4.6,0.0,card,Electronics,0
491.03,319.0,84.35,1.0,1.0,4.26,0.0,wallet,Grocery,0
1095.14,601.0,73.33,0.0,1.0,3.76,0.0,upi,Beauty,0
544.91,1.0,81.24,0.0,1.0,4.14,0.0,card,Food & Beverage,0
639.92,355.0,84.3,1.0,3.0,4.27,0.0,card,Grocery,0
997.09,170.0,66.56,0.0,0.0,3.01,0.0,card,Beauty,0
280.58,91.0,68.38,0.0,0.0,4.18,0.0,card,Pharmacy,0
682.83,260.0,81.09,0.0,5.0,4.19,0.0,card,Books,0
690.16,375.0,88.36,0.0,1.0,4.65,0.0,wallet,Electronics,0
445.39,75.0,94.74,0.0,3.0,4.92,0.0,upi,Food & Beverage,0
1083.52,222.0,45.84,0.0,1.0,2.26,0.0,card,Grocery,0
1090.11,11.0,59.18,0.0,2.0,2.66,0.0,upi,Food & Beverage,0
367.76,29.0,60.61,0.0,0.0,2.96,0.0,upi,Electronics,0
272.21,232.0,86.85,0.0,1.0,4.06,0.0,card,Home & Kitchen,0
764.08,116.0,46.95,1.0,0.0,1.89,1.0,cod,Home & Kitchen,0
400.7,24.0,72.17,0.0,1.0,4.23,0.0,wallet,Books,0
584.67,93.0,41.61,0.0,0.0,2.32,1.0,cod,Pharmacy,0
66.05,78.0,79.46,0.0,1.0,4.0,0.0,card,Home & Kitchen,0
685.22,269.0,84.02,0.0,0.0,4.22,0.0,upi,Fashion,0
605.96,329.0,83.37,0.0,1.0,4.35,0.0,upi,Books,0
289.67,151.0,90.28,0.0,1.0,4.48,0.0,cod,Fashion,0
1309.44,121.0,84.58,1.0,3.0,4.04,0.0,upi,Food & Beverage,0
594.79,682.0,41.41,1.0,3.0,2.48,1.0,cod,Home & Kitchen,1
832.92,168.0,79.01,0.0,3.0,3.67,0.0,cod,Electronics,0
1262.69,166.0,72.25,0.0,1.0,3.96,0.0,upi,Food & Beverage,0
1131.88,117.0,77.79,1.0,1.0,3.89,0.0,upi,Grocery,0
228.51,52.0,81.78,0.0,1.0,4.16,0.0,card,Food & Beverage,0
861.46,269.0,89.26,0.0,1.0,4.35,0.0,upi,Food & Beverage,0
439.69,319.0,82.48,1.0,3.0,3.77,0.0,upi,Books,0
1563.67,96.0,56.38,0.0,0.0,2.59,0.0,upi,Books,0
2301.4,157.0,50.6,0.0,0.0,2.62,0.0,cod,Food & Beverage,0
1703.52,124.0,71.46,0.0,0.0,3.31,0.0,upi,Grocery,0
1290.34,51.0,88.52,1.0,1.0,4.16,0.0,wallet,Home & Kitchen,0
736.98,14.0,87.46,1.0,1.0,4.58,0.0,card,Food & Beverage,0
1365.8,68.0,21.74,0.0,0.0,1.2,1.0,cod,Beauty,0
170.51,305.0,62.81,1.0,3.0,2.74,0.0,upi,Beauty,1
479.57,45.0,60.07,0.0,0.0,3.35,0.0,upi,Beauty,0
1098.42,115.0,88.71,0.0,0.0,4.81,0.0,upi,Electronics,0
673.11,17.0,73.55,0.0,2.0,3.59,0.0,cod,Books,0
326.17,16.0,82.56,0.0,1.0,3.61,0.0,cod,Electronics,0
1079.07,208.0,77.85,0.0,5.0,3.47,0.0,upi,Pharmacy,0
1924.68,230.0,55.71,0.0,3.0,2.61,0.0,upi,Grocery,0
1813.95,451.0,80.16,0.0,1.0,4.36,0.0,card,Beauty,0
485.4,252.0,70.91,2.0,1.0,3.59,0.0,upi,Books,0
2149.45,419.0,49.04,1.0,1.0,2.08,1.0,wallet,Pharmacy,1
555.14,75.0,60.09,1.0,5.0,3.44,0.0,card,Food & Beverage,1
875.98,161.0,47.07,0.0,1.0,2.34,1.0,upi,Books,0
1511.68,342.0,84.49,2.0,0.0,4.46,0.0,upi,Beauty,0
111.36,71.0,53.9,0.0,1.0,2.6,0.0,upi,Electronics,0
839.46,276.0,30.42,1.0,2.0,1.0,1.0,card,Pharmacy,1
391.84,288.0,21.91,1.0,0.0,1.0,1.0,cod,Books,0
608.4,16.0,71.01,0.0,4.0,3.3,0.0,card,Pharmacy,0
1511.35,247.0,88.37,0.0,1.0,4.51,0.0,cod,Fashion,0
552.26,743.0,79.8,0.0,3.0,4.12,0.0,cod,Electronics,0
739.28,23.0,75.49,2.0,1.0,4.33,0.0,cod,Fashion,0
768.61,434.0,76.4,2.0,1.0,3.81,0.0,card,Pharmacy,0
1239.8,196.0,65.99,0.0,1.0,3.27,0.0,cod,Electronics,0
1448.36,375.0,36.84,1.0,0.0,1.55,1.0,upi,Fashion,0
961.23,127.0,75.0,0.0,0.0,4.02,0.0,upi,Fashion,0
593.32,78.0,40.44,0.0,1.0,2.46,0.0,cod,Fashion,0
909.82,429.0,67.68,0.0,0.0,3.19,0.0,upi,Beauty,0
573.82,782.0,81.62,0.0,1.0,4.04,0.0,upi,Pharmacy,0
2269.15,169.0,74.88,0.0,1.0,3.85,0.0,card,Electronics,0
740.56,185.0,79.29,0.0,2.0,3.72,0.0,card,Food & Beverage,0
1674.37,233.0,25.19,0.0,4.0,1.0,1.0,upi,Electronics,1
1681.36,179.0,62.07,1.0,0.0,3.14,0.0,card,Pharmacy,0
964.44,177.0,20.95,0.0,2.0,1.22,1.0,upi,Fashion,1
1050.49,712.0,23.94,1.0,2.0,1.0,1.0,upi,Beauty,0
1053.26,317.0,83.1,0.0,2.0,4.15,0.0,wallet,Grocery,0
1198.53,345.0,76.72,0.0,3.0,4.45,0.0,upi,Electronics,0
311.99,180.0,85.22,1.0,3.0,4.59,0.0,upi,Pharmacy,0
2949.97,151.0,56.53,0.0,2.0,2.98,0.0,upi,Electronics,0
900.85,327.0,56.92,0.0,2.0,2.68,0.0,wallet,Electronics,0
1917.96,620.0,72.14,0.0,2.0,3.79,0.0,upi,Food & Beverage,0
913.27,15.0,61.74,0.0,1.0,2.59,0.0,upi,Food & Beverage,0
951.24,182.0,83.49,0.0,0.0,4.14,0.0,upi,Food & Beverage,0
503.12,249.0,50.48,0.0,0.0,2.37,1.0,upi,Home & Kitchen,0
561.42,405.0,71.1,0.0,3.0,3.78,0.0,upi,Beauty,0
150.35,53.0,38.92,0.0,0.0,1.29,1.0,upi,Home & Kitchen,0
2594.84,70.0,87.31,0.0,0.0,5.0,0.0,card,Electronics,0
1710.6,9.0,87.04,0.0,0.0,4.22,0.0,cod,Books,0
501.69,179.0,56.94,1.0,3.0,3.33,0.0,upi,Food & Beverage,1
850.89,165.0,67.03,0.0,0.0,3.57,0.0,cod,Grocery,0
1210.15,222.0,54.07,1.0,2.0,2.8,1.0,wallet,Grocery,1
333.33,58.0,66.89,0.0,2.0,3.41,0.0,cod,Pharmacy,0
464.78,169.0,77.37,1.0,2.0,3.89,0.0,cod,Fashion,0
768.89,945.0,88.41,0.0,2.0,4.27,0.0,cod,Beauty,0
2006.85,499.0,85.36,0.0,0.0,4.39,0.0,upi,Home & Kitchen,0
490.29,212.0,25.17,0.0,1.0,1.2,1.0,upi,Pharmacy,1
1233.31,193.0,85.58,1.0,2.0,4.44,0.0,upi,Food & Beverage,0
2507.93,253.0,75.39,0.0,0.0,3.89,0.0,card,Books,0
1724.48,195.0,21.02,0.0,2.0,1.0,1.0,upi,Electronics,0
301.91,667.0,64.6,0.0,2.0,3.08,0.0,card,Electronics,0
576.0,341.0,95.12,0.0,0.0,4.84,0.0,cod,Fashion,0
772.61,308.0,76.63,0.0,1.0,3.96,0.0,upi,Pharmacy,0
438.13,110.0,85.53,1.0,0.0,4.13,0.0,cod,Fashion,0
1541.28,6.0,90.89,0.0,1.0,4.24,0.0,card,Pharmacy,0
277.19,43.0,88.13,0.0,3.0,4.48,0.0,card,Electronics,0
498.64,104.0,53.34,0.0,1.0,2.77,0.0,upi,Home & Kitchen,0
1042.97,339.0,69.56,0.0,2.0,3.51,0.0,upi,Grocery,0
816.64,226.0,74.79,1.0,0.0,3.71,0.0,card,Electronics,0
433.34,42.0,46.65,1.0,1.0,2.57,0.0,cod,Books,0
2153.66,209.0,62.54,1.0,2.0,2.84,0.0,cod,Electronics,0
350.43,63.0,83.25,1.0,0.0,3.91,0.0,cod,Home & Kitchen,0
1394.21,4.0,81.55,2.0,3.0,3.91,0.0,upi,Home & Kitchen,0
1171.14,223.0,46.27,0.0,0.0,2.28,0.0,card,Pharmacy,0
1219.55,91.0,66.54,2.0,2.0,3.14,0.0,card,Pharmacy,0
212.89,44.0,86.01,0.0,1.0,4.12,0.0,upi,Beauty,0
779.15,104.0,50.69,0.0,4.0,2.81,0.0,card,Beauty,0
975.57,59.0,68.63,0.0,3.0,3.41,0.0,upi,Food & Beverage,0
1079.09,52.0,85.87,0.0,0.0,4.53,0.0,cod,Grocery,0
712.92,72.0,73.65,1.0,2.0,3.68,0.0,cod,Electronics,0
1238.36,796.0,73.06,0.0,0.0,3.44,0.0,cod,Grocery,0
742.8,53.0,83.01,0.0,0.0,4.48,0.0,upi,Fashion,0
416.68,141.0,33.68,0.0,2.0,1.56,1.0,card,Fashion,0
437.89,451.0,49.3,1.0,0.0,2.57,1.0,cod,Grocery,1
1114.95,219.0,60.98,1.0,1.0,3.27,0.0,card,Grocery,0
454.12,113.0,51.82,1.0,0.0,2.53,1.0,upi,Home & Kitchen,0
1304.79,262.0,53.23,0.0,2.0,2.59,0.0,card,Electronics,0
451.71,153.0,63.09,1.0,2.0,2.92,0.0,card,Pharmacy,0
320.24,31.0,90.11,0.0,0.0,4.54,0.0,cod,Pharmacy,0
2619.69,207.0,81.79,1.0,2.0,3.86,0.0,cod,Beauty,0
1892.58,155.0,54.35,0.0,2.0,2.63,0.0,card,Home & Kitchen,0
883.23,691.0,87.68,0.0,1.0,4.28,0.0,upi,Books,0
559.89,269.0,86.32,1.0,0.0,4.14,0.0,card,Pharmacy,0
1320.93,440.0,56.5,0.0,1.0,2.9,0.0,cod,Books,0
2999.58,193.0,64.08,1.0,0.0,3.55,0.0,upi,Fashion,0
611.0,58.0,58.29,0.0,0.0,3.15,0.0,cod,Beauty,0
2549.01,132.0,97.6,0.0,2.0,4.3,0.0,upi,Grocery,0
557.78,122.0,67.49,0.0,0.0,3.39,0.0,wallet,Home & Kitchen,0
245.12,229.0,71.0,0.0,1.0,4.21,0.0,wallet,Grocery,0
849.96,197.0,71.58,0.0,0.0,3.61,0.0,wallet,Fashion,0
208.59,664.0,80.33,0.0,0.0,3.92,0.0,upi,Grocery,0
1275.04,146.0,48.16,2.0,0.0,2.79,1.0,cod,Electronics,1
302.18,120.0,61.5,0.0,2.0,3.07,0.0,upi,Food & Beverage,0
1150.55,123.0,81.43,0.0,2.0,4.42,0.0,upi,Pharmacy,0
1472.24,520.0,32.44,0.0,0.0,1.57,1.0,upi,Books,0
2393.58,313.0,64.17,0.0,0.0,3.33,0.0,cod,Books,0
247.66,16.0,83.06,2.0,1.0,3.96,0.0,upi,Electronics,0
498.13,30.0,92.14,1.0,1.0,4.91,0.0,upi,Electronics,0
637.14,440.0,82.94,1.0,1.0,4.13,0.0,card,Books,0
1196.96,24.0,68.55,0.0,3.0,3.47,0.0,cod,Food & Beverage,0
741.89,50.0,78.84,0.0,1.0,4.22,0.0,upi,Fashion,0
366.63,54.0,88.36,0.0,0.0,4.56,0.0,upi,Fashion,0
553.55,111.0,54.19,0.0,0.0,2.66,0.0,upi,Pharmacy,0
958.79,428.0,69.27,1.0,0.0,3.05,0.0,card,Beauty,0
605.22,112.0,74.69,1.0,2.0,3.7,0.0,card,Home & Kitchen,0
2173.22,590.0,80.92,0.0,2.0,3.94,0.0,upi,Fashion,0
1072.76,241.0,92.26,0.0,1.0,4.62,0.0,card,Beauty,0
366.93,99.0,65.2,0.0,2.0,3.2,0.0,upi,Books,0
795.25,14.0,85.63,0.0,1.0,4.66,0.0,upi,Food & Beverage,0
1246.77,423.0,72.35,0.0,1.0,3.78,0.0,upi,Pharmacy,0
1007.02,212.0,76.81,1.0,1.0,3.74,0.0,card,Food & Beverage,0
578.31,109.0,77.04,1.0,0.0,4.06,0.0,wallet,Grocery,0
707.98,292.0,55.46,0.0,1.0,3.2,0.0,upi,Food & Beverage,0
779.4,158.0,65.38,1.0,1.0,3.08,0.0,card,Home & Kitchen,0
1585.53,84.0,49.15,0.0,2.0,2.39,0.0,cod,Fashion,0
1270.54,2.0,80.16,0.0,0.0,3.8,0.0,card,Food & Beverage,0
242.11,72.0,84.49,0.0,1.0,4.33,0.0,upi,Food & Beverage,0
2103.05,127.0,69.26,0.0,2.0,4.09,0.0,upi,Grocery,0
2539.08,53.0,67.04,0.0,2.0,3.71,0.0,upi,Fashion,0
620.75,98.0,86.07,1.0,2.0,4.21,0.0,wallet,Pharmacy,0
1152.42,80.0,79.43,0.0,2.0,4.16,0.0,wallet,Electronics,0
3734.97,110.0,84.69,0.0,1.0,4.6,0.0,upi,Electronics,0
827.36,459.0,70.44,2.0,0.0,3.03,0.0,card,Fashion,0
956.08,333.0,85.47,0.0,0.0,3.97,0.0,upi,Fashion,0
1333.76,158.0,79.14,1.0,1.0,4.24,0.0,upi,Fashion,0
1925.28,1.0,68.92,2.0,1.0,3.0,0.0,upi,Food & Beverage,0
183.98,129.0,63.53,0.0,2.0,3.2,0.0,upi,Beauty,0
809.82,34.0,75.73,0.0,0.0,4.0,0.0,card,Home & Kitchen,0
1921.0,169.0,70.2,0.0,0.0,3.61,0.0,upi,Beauty,0
1364.06,129.0,65.28,1.0,1.0,3.24,0.0,card,Books,0
1076.42,157.0,88.72,0.0,0.0,4.85,0.0,wallet,Home & Kitchen,0
960.16,426.0,81.7,1.0,0.0,4.34,0.0,cod,Home & Kitchen,0
1857.52,204.0,84.92,0.0,3.0,4.91,0.0,upi,Food & Beverage,0
1254.76,346.0,34.15,0.0,0.0,1.37,0.0,upi,Electronics,0
2414.86,195.0,83.71,0.0,1.0,4.03,0.0,wallet,Grocery,0
735.81,161.0,70.71,0.0,1.0,3.52,0.0,wallet,Beauty,0
128.26,229.0,81.77,0.0,1.0,4.48,0.0,cod,Food & Beverage,0
1707.73,210.0,42.67,0.0,3.0,2.36,0.0,upi,Beauty,0
679.43,70.0,62.69,0.0,1.0,3.01,0.0,upi,Pharmacy,0
869.08,58.0,72.26,2.0,1.0,3.32,0.0,upi,Electronics,0
1003.62,54.0,72.89,0.0,2.0,3.32,0.0,upi,Fashion,0
567.91,123.0,72.04,0.0,2.0,4.12,0.0,upi,Fashion,0
293.21,5.0,51.76,0.0,2.0,2.58,1.0,card,Beauty,0
1634.78,188.0,30.32,1.0,0.0,1.58,1.0,cod,Fashion,1
70.64,175.0,72.09,1.0,2.0,3.31,0.0,card,Home & Kitchen,0
3069.73,4.0,57.94,0.0,0.0,2.91,0.0,wallet,Electronics,0
885.33,206.0,79.39,1.0,0.0,3.71,0.0,cod,Grocery,0
130.15,30.0,82.73,1.0,3.0,4.18,0.0,upi,Fashion,0
1801.95,316.0,79.17,0.0,0.0,3.86,0.0,cod,Books,0
180.52,734.0,78.93,0.0,1.0,3.73,0.0,upi,Grocery,0
551.23,168.0,82.76,0.0,1.0,4.5,0.0,upi,Fashion,0
2590.33,299.0,76.08,0.0,4.0,4.19,0.0,upi,Beauty,0
1186.92,133.0,87.34,0.0,0.0,4.52,0.0,wallet,Food & Beverage,0
1067.48,35.0,61.6,0.0,0.0,2.54,0.0,upi,Grocery,0
1170.79,350.0,50.86,0.0,1.0,2.23,0.0,upi,Food & Beverage,0
416.55,196.0,68.38,0.0,1.0,3.11,0.0,cod,Pharmacy,0
1215.71,70.0,92.5,0.0,1.0,5.0,0.0,wallet,Food & Beverage,0
1108.77,266.0,50.8,0.0,0.0,2.86,0.0,cod,Beauty,0
770.8,49.0,95.32,1.0,0.0,5.0,0.0,upi,Grocery,0
2120.94,48.0,22.28,0.0,0.0,1.0,1.0,wallet,Grocery,1
1478.55,49.0,71.84,1.0,1.0,3.13,0.0,upi,Food & Beverage,0
334.01,2.0,69.03,1.0,2.0,3.76,0.0,upi,Food & Beverage,0
638.24,179.0,45.63,0.0,1.0,1.6,1.0,upi,Home & Kitchen,0
544.58,223.0,81.64,0.0,0.0,4.11,0.0,upi,Fashion,0
426.58,128.0,68.41,0.0,4.0,3.6,0.0,card,Food & Beverage,0
1951.39,389.0,88.77,0.0,1.0,4.1,0.0,cod,Food & Beverage,0
635.66,425.0,27.28,0.0,1.0,1.82,1.0,card,Home & Kitchen,1
1497.37,210.0,83.14,0.0,3.0,4.07,0.0,card,Electronics,0
1236.0,158.0,72.1,1.0,4.0,3.7,0.0,card,Pharmacy,0
326.89,66.0,76.73,1.0,1.0,4.0,0.0,cod,Food & Beverage,0
1950.95,395.0,66.75,1.0,0.0,3.39,0.0,upi,Fashion,0
827.91,213.0,59.98,3.0,2.0,2.83,0.0,card,Electronics,0
636.78,484.0,50.74,1.0,0.0,2.29,0.0,wallet,Pharmacy,0
257.23,7.0,68.88,1.0,1.0,3.56,0.0,upi,Grocery,0
446.78,73.0,63.78,1.0,2.0,3.38,0.0,upi,Books,0
371.23,88.0,86.14,0.0,4.0,4.6,0.0,upi,Home & Kitchen,0
205.62,17.0,42.36,0.0,2.0,2.07,1.0,card,Fashion,0
1174.09,70.0,69.18,0.0,2.0,3.48,0.0,upi,Books,0
384.47,66.0,63.18,0.0,2.0,2.89,0.0,upi,Fashion,0
923.81,117.0,64.14,0.0,1.0,3.51,0.0,upi,Electronics,0
1818.23,331.0,97.92,0.0,1.0,4.64,0.0,upi,Pharmacy,0
1381.1,168.0,57.12,0.0,0.0,3.03,0.0,wallet,Beauty,0
1027.54,287.0,86.34,0.0,1.0,4.62,0.0,card,Home & Kitchen,0
141.35,551.0,65.88,0.0,0.0,3.59,0.0,cod,Grocery,0
206.51,706.0,88.51,0.0,4.0,4.02,0.0,upi,Fashion,0
523.73,90.0,48.95,0.0,2.0,1.98,0.0,card,Pharmacy,0
1086.26,242.0,68.82,0.0,0.0,3.17,0.0,card,Books,0
378.86,85.0,83.9,0.0,0.0,3.88,0.0,upi,Grocery,0
370.6,102.0,62.48,2.0,0.0,3.76,0.0,upi,Grocery,0
1758.13,85.0,72.13,1.0,0.0,3.72,0.0,upi,Grocery,0
701.76,199.0,47.44,0.0,2.0,1.99,0.0,upi,Food & Beverage,0
215.35,151.0,23.34,0.0,0.0,1.0,1.0,cod,Beauty,0
1105.18,34.0,80.28,0.0,1.0,4.48,0.0,cod,Grocery,0
287.95,353.0,48.67,1.0,1.0,2.82,1.0,upi,Pharmacy,0
1084.94,469.0,79.01,0.0,2.0,3.55,0.0,upi,Pharmacy,0
619.61,287.0,79.06,0.0,2.0,4.19,0.0,upi,Electronics,0
864.62,4.0,86.97,0.0,3.0,4.25,0.0,card,Fashion,0
361.84,525.0,79.52,1.0,2.0,3.91,0.0,upi,Fashion,0
591.77,163.0,78.61,0.0,1.0,3.52,0.0,wallet,Pharmacy,0
527.39,107.0,57.14,1.0,0.0,2.74,0.0,wallet,Home & Kitchen,0
400.21,134.0,75.1,0.0,1.0,3.44,0.0,wallet,Pharmacy,0
607.3,131.0,48.98,1.0,2.0,2.83,0.0,card,Beauty,0
142.0,70.0,56.6,0.0,1.0,2.54,0.0,cod,Fashion,0
1322.48,619.0,52.91,0.0,4.0,2.99,0.0,cod,Grocery,0
1269.8,385.0,42.55,0.0,1.0,2.01,0.0,upi,Fashion,0
635.35,92.0,72.92,1.0,3.0,3.07,0.0,card,Home & Kitchen,0
650.02,7.0,77.92,0.0,0.0,3.7,0.0,card,Pharmacy,0
589.92,394.0,42.84,0.0,0.0,1.76,0.0,card,Food & Beverage,0
1319.93,73.0,43.52,0.0,0.0,2.31,1.0,upi,Grocery,1
506.06,56.0,70.1,1.0,0.0,3.14,0.0,upi,Books,0
1537.12,289.0,52.62,0.0,1.0,2.48,0.0,cod,Fashion,0
263.65,161.0,84.8,0.0,0.0,4.32,0.0,upi,Food & Beverage,0
1543.02,312.0,28.64,1.0,1.0,1.05,1.0,upi,Electronics,0
110.45,446.0,49.89,0.0,0.0,2.89,1.0,cod,Food & Beverage,0
572.76,107.0,72.73,0.0,2.0,3.68,0.0,cod,Home & Kitchen,0
1337.93,58.0,72.24,1.0,0.0,3.62,0.0,wallet,Pharmacy,0
1485.35,166.0,59.11,0.0,2.0,2.48,0.0,wallet,Electronics,0
273.37,14.0,60.81,0.0,1.0,2.86,0.0,upi,Books,0
1125.64,250.0,33.29,0.0,2.0,1.56,0.0,card,Pharmacy,0
1042.41,1067.0,86.56,0.0,3.0,3.94,0.0,upi,Fashion,0
1170.66,74.0,79.27,1.0,1.0,4.2,0.0,card,Food & Beverage,0
3464.73,418.0,94.67,0.0,2.0,4.72,0.0,cod,Electronics,0
3712.74,65.0,62.19,0.0,2.0,2.82,0.0,wallet,Fashion,1
1807.44,185.0,61.02,1.0,3.0,2.92,0.0,wallet,Electronics,0
385.97,135.0,78.12,0.0,2.0,3.89,0.0,card,Beauty,0
547.26,73.0,52.84,0.0,1.0,3.21,0.0,upi,Food & Beverage,0
889.22,145.0,46.88,0.0,0.0,2.44,1.0,upi,Home & Kitchen,0
575.79,103.0,76.4,0.0,1.0,3.55,0.0,card,Pharmacy,0
387.93,303.0,59.13,0.0,3.0,2.73,0.0,upi,Electronics,0
1502.83,307.0,60.43,0.0,2.0,2.87,0.0,upi,Food & Beverage,0
268.2,203.0,63.08,1.0,1.0,3.3,0.0,upi,Pharmacy,0
117.6,203.0,63.12,1.0,3.0,3.24,0.0,upi,Books,0
1275.36,51.0,44.94,0.0,2.0,2.36,0.0,wallet,Fashion,0
1244.26,66.0,97.35,0.0,1.0,4.81,0.0,upi,Fashion,0
214.07,5.0,56.8,0.0,1.0,2.34,0.0,card,Beauty,0
209.5,82.0,75.07,1.0,1.0,3.88,0.0,card,Grocery,0
745.57,151.0,62.41,0.0,1.0,2.86,0.0,card,Food & Beverage,0
940.03,271.0,46.57,0.0,2.0,2.46,0.0,cod,Home & Kitchen,0
590.03,49.0,34.72,0.0,0.0,1.33,0.0,wallet,Pharmacy,0
498.47,157.0,88.72,0.0,1.0,4.4,0.0,upi,Electronics,0
712.7,55.0,71.04,1.0,3.0,3.74,0.0,upi,Home & Kitchen,0
1206.63,85.0,56.82,0.0,2.0,3.41,0.0,upi,Beauty,0
222.6,291.0,81.85,0.0,0.0,3.9,0.0,wallet,Beauty,0
834.87,44.0,87.39,1.0,0.0,4.78,0.0,upi,Pharmacy,0
388.03,673.0,56.9,0.0,2.0,3.13,0.0,cod,Books,0
3175.96,184.0,65.52,0.0,2.0,3.14,0.0,cod,Food & Beverage,0
872.77,230.0,81.71,0.0,2.0,4.06,0.0,cod,Pharmacy,0
2042.49,146.0,21.07,0.0,1.0,1.0,1.0,card,Grocery,1
1160.47,15.0,77.47,0.0,0.0,3.63,0.0,card,Beauty,0
2558.15,37.0,88.81,1.0,2.0,3.98,0.0,card,Grocery,0
722.67,427.0,41.99,1.0,0.0,1.78,0.0,upi,Home & Kitchen,0
797.77,17.0,54.3,1.0,0.0,1.93,0.0,upi,Books,0
646.15,41.0,23.69,1.0,2.0,1.2,0.0,cod,Food & Beverage,1
430.13,14.0,93.31,0.0,3.0,5.0,0.0,card,Electronics,0
235.15,149.0,86.23,0.0,0.0,4.36,0.0,wallet,Electronics,0
944.68,60.0,71.05,0.0,0.0,3.55,0.0,upi,Fashion,0
1466.18,56.0,70.44,1.0,1.0,3.32,0.0,upi,Pharmacy,0
691.04,23.0,80.34,0.0,1.0,4.57,0.0,card,Fashion,0
520.78,232.0,43.66,0.0,1.0,2.48,1.0,upi,Beauty,0
1995.23,7.0,75.49,0.0,3.0,3.38,0.0,cod,Beauty,1
317.06,42.0,67.42,0.0,3.0,3.98,0.0,upi,Grocery,0
771.28,3.0,69.26,0.0,0.0,3.91,0.0,card,Pharmacy,0
1285.34,361.0,78.13,0.0,0.0,3.58,0.0,upi,Food & Beverage,0
380.43,158.0,57.93,1.0,3.0,3.12,0.0,upi,Home & Kitchen,0
779.21,406.0,51.08,2.0,0.0,2.49,0.0,card,Beauty,0
1502.91,177.0,80.94,0.0,2.0,3.44,0.0,card,Pharmacy,0
376.11,266.0,79.19,1.0,0.0,3.67,0.0,wallet,Beauty,0
1181.74,832.0,39.99,1.0,2.0,2.22,0.0,card,Fashion,0
180.97,849.0,82.95,0.0,0.0,4.33,0.0,card,Beauty,0
681.3,455.0,63.25,0.0,0.0,3.98,0.0,card,Beauty,0
1677.73,25.0,77.01,0.0,0.0,3.89,0.0,cod,Books,0
1216.91,203.0,48.17,0.0,1.0,1.85,0.0,wallet,Books,0
1749.85,624.0,42.84,0.0,0.0,1.84,0.0,upi,Beauty,0
93.66,74.0,71.65,0.0,4.0,3.44,0.0,cod,Books,0
701.12,28.0,51.37,0.0,0.0,2.47,0.0,upi,Food & Beverage,0
405.19,68.0,39.78,0.0,1.0,1.88,0.0,upi,Home & Kitchen,0
728.61,2.0,60.54,0.0,3.0,3.11,0.0,cod,Beauty,0
1553.02,80.0,76.44,0.0,2.0,4.26,0.0,card,Beauty,0
2171.95,87.0,38.03,0.0,1.0,2.0,0.0,cod,Food & Beverage,0
2862.81,616.0,91.48,1.0,1.0,3.98,0.0,upi,Electronics,0
532.98,124.0,85.09,0.0,0.0,4.35,0.0,upi,Food & Beverage,0
160.32,821.0,57.46,0.0,2.0,2.31,0.0,card,Books,0
126.03,161.0,76.25,0.0,1.0,3.6,0.0,card,Books,0
262.54,26.0,61.18,0.0,2.0,3.56,0.0,upi,Grocery,0
1446.64,13.0,68.13,1.0,0.0,2.78,0.0,card,Beauty,0
1067.08,100.0,58.17,0.0,2.0,3.47,0.0,card,Home & Kitchen,0
1117.19,288.0,68.94,0.0,1.0,3.58,0.0,upi,Fashion,0
717.98,45.0,84.4,1.0,1.0,4.3,0.0,cod,Beauty,0
531.47,221.0,76.08,0.0,1.0,3.37,0.0,card,Books,0
1975.52,784.0,42.78,0.0,3.0,2.14,1.0,upi,Grocery,1
92.49,516.0,67.34,1.0,4.0,3.19,0.0,card,Pharmacy,0
281.18,260.0,94.48,2.0,2.0,4.44,0.0,upi,Electronics,0
1253.08,27.0,46.56,0.0,0.0,2.26,0.0,cod,Beauty,0
576.33,12.0,78.61,1.0,1.0,4.61,0.0,card,Food & Beverage,0
1407.86,31.0,52.68,0.0,2.0,2.84,0.0,upi,Pharmacy,0
1307.8,84.0,50.71,0.0,2.0,2.44,1.0,card,Grocery,1
1206.96,198.0,56.28,0.0,0.0,2.9,0.0,upi,Beauty,0
1161.38,114.0,62.32,2.0,1.0,2.96,0.0,wallet,Pharmacy,0
1505.79,159.0,62.65,0.0,3.0,3.32,0.0,upi,Pharmacy,0
1506.42,147.0,42.56,1.0,0.0,1.73,0.0,upi,Home & Kitchen,0
785.54,232.0,96.1,0.0,1.0,5.0,0.0,wallet,Books,0
639.36,111.0,70.17,0.0,3.0,3.02,0.0,wallet,Electronics,0
1008.39,77.0,96.74,0.0,1.0,4.72,0.0,upi,Pharmacy,0
1796.71,749.0,78.61,0.0,5.0,4.24,0.0,upi,Electronics,1
409.28,67.0,65.52,0.0,1.0,3.8,0.0,wallet,Food & Beverage,0
679.57,49.0,53.31,2.0,2.0,1.96,1.0,upi,Fashion,0
512.05,176.0,46.75,0.0,0.0,1.96,1.0,cod,Pharmacy,0
349.24,1.0,62.43,0.0,2.0,3.1,0.0,card,Grocery,0
550.31,50.0,94.59,0.0,2.0,4.92,0.0,cod,Pharmacy,0
250.35,38.0,79.22,0.0,0.0,3.75,0.0,card,Beauty,0
221.62,195.0,31.67,1.0,0.0,1.55,1.0,cod,Pharmacy,0
2337.06,3.0,20.03,0.0,0.0,1.0,1.0,upi,Books,1
318.65,19.0,79.44,0.0,1.0,3.93,0.0,wallet,Books,0
1199.45,108.0,80.59,0.0,2.0,4.0,0.0,upi,Beauty,0
2858.2,52.0,59.28,0.0,1.0,2.96,0.0,upi,Pharmacy,0
1694.58,83.0,86.69,1.0,1.0,4.82,0.0,cod,Grocery,0
1166.35,101.0,75.95,0.0,1.0,3.73,0.0,upi,Grocery,0
1313.91,29.0,80.22,1.0,0.0,4.38,0.0,upi,Home & Kitchen,0
519.33,69.0,84.07,0.0,1.0,4.18,0.0,card,Electronics,0
1722.44,132.0,82.31,0.0,1.0,3.9,0.0,cod,Beauty,0
2484.36,49.0,79.72,0.0,0.0,3.9,0.0,card,Fashion,0
599.8,480.0,94.17,2.0,2.0,4.19,0.0,upi,Home & Kitchen,0
213.71,20.0,91.3,0.0,0.0,4.23,0.0,upi,Pharmacy,0
1464.41,217.0,77.93,0.0,0.0,3.67,0.0,upi,Home & Kitchen,0
3422.61,307.0,67.74,0.0,3.0,3.42,0.0,card,Electronics,0
346.86,1.0,88.85,0.0,2.0,4.93,0.0,upi,Home & Kitchen,0
86.27,105.0,37.08,0.0,0.0,1.74,1.0,cod,Books,0
686.92,95.0,54.89,0.0,0.0,2.43,1.0,wallet,Food & Beverage,0
489.58,77.0,73.36,0.0,0.0,3.92,0.0,cod,Electronics,0
911.58,393.0,81.59,0.0,2.0,4.13,0.0,upi,Food & Beverage,0
429.47,254.0,83.34,1.0,1.0,4.51,0.0,card,Food & Beverage,0
668.49,6.0,40.3,0.0,0.0,2.31,0.0,card,Pharmacy,0
326.22,56.0,46.22,0.0,1.0,2.48,0.0,card,Books,0
129.67,81.0,73.31,0.0,1.0,3.77,0.0,cod,Beauty,0
726.71,681.0,55.87,0.0,0.0,3.09,0.0,cod,Books,0
1261.27,273.0,92.11,0.0,3.0,4.88,0.0,upi,Grocery,0
258.92,180.0,85.9,1.0,0.0,4.58,0.0,upi,Grocery,0
3059.4,85.0,39.32,0.0,2.0,2.24,0.0,card,Home & Kitchen,0
1108.67,19.0,28.6,0.0,3.0,1.41,1.0,upi,Home & Kitchen,1
519.93,48.0,41.69,0.0,2.0,1.84,0.0,card,Beauty,0
1913.72,138.0,94.72,1.0,0.0,4.74,0.0,cod,Food & Beverage,0
1505.53,554.0,61.51,1.0,1.0,2.95,0.0,card,Food & Beverage,0
1218.52,141.0,83.62,0.0,1.0,3.9,0.0,upi,Books,0
884.4,217.0,91.7,0.0,0.0,5.0,0.0,cod,Fashion,0
531.78,466.0,76.22,0.0,1.0,3.81,0.0,upi,Beauty,0
1030.99,116.0,86.79,0.0,3.0,4.02,0.0,upi,Pharmacy,0
881.9,198.0,96.65,0.0,2.0,5.0,0.0,card,Electronics,0
1844.66,312.0,89.92,0.0,0.0,4.53,0.0,upi,Beauty,0
1153.42,383.0,26.08,0.0,0.0,1.6,1.0,cod,Fashion,0
616.01,246.0,86.05,0.0,0.0,4.19,0.0,upi,Fashion,0
608.15,47.0,67.25,0.0,0.0,3.54,0.0,cod,Home & Kitchen,0
418.95,135.0,48.38,0.0,1.0,2.61,1.0,wallet,Home & Kitchen,0
918.24,23.0,89.78,2.0,2.0,4.52,0.0,upi,Food & Beverage,0
553.12,94.0,85.66,0.0,2.0,4.09,0.0,upi,Grocery,0
282.1,234.0,69.71,0.0,0.0,3.61,0.0,upi,Books,0
1413.21,98.0,71.77,0.0,2.0,3.77,0.0,cod,Electronics,0
512.35,71.0,82.46,1.0,3.0,3.76,0.0,upi,Home & Kitchen,0
643.38,109.0,61.29,0.0,2.0,3.79,0.0,cod,Pharmacy,0
2113.06,7.0,54.94,1.0,1.0,3.24,0.0,card,Books,0
1565.42,666.0,90.98,0.0,0.0,4.59,0.0,cod,Grocery,0
1141.28,79.0,85.03,1.0,0.0,4.51,0.0,cod,Pharmacy,0
910.87,46.0,28.85,0.0,0.0,1.44,0.0,cod,Beauty,0
2433.79,79.0,91.01,0.0,0.0,4.36,0.0,upi,Home & Kitchen,0
659.66,45.0,72.26,0.0,1.0,3.9,0.0,cod,Home & Kitchen,0
428.41,23.0,86.15,0.0,2.0,4.06,0.0,card,Grocery,0
1838.9,210.0,46.58,0.0,1.0,2.44,1.0,card,Grocery,0
1142.98,227.0,78.85,0.0,1.0,3.74,0.0,cod,Beauty,0
358.01,82.0,78.2,1.0,1.0,3.66,0.0,card,Food & Beverage,0
1144.64,11.0,70.88,0.0,1.0,3.59,0.0,card,Home & Kitchen,0
216.81,529.0,79.87,0.0,1.0,4.31,0.0,card,Pharmacy,0
1594.41,70.0,55.88,1.0,0.0,2.87,0.0,cod,Electronics,0
939.01,138.0,59.75,1.0,1.0,3.01,0.0,wallet,Beauty,0
1042.71,99.0,78.04,0.0,1.0,3.36,0.0,card,Books,0
1090.23,4.0,64.64,0.0,2.0,3.17,0.0,upi,Grocery,0
1132.76,438.0,79.68,1.0,2.0,3.56,0.0,card,Grocery,0
754.3,43.0,92.87,1.0,1.0,4.66,0.0,wallet,Pharmacy,0
815.35,107.0,48.71,0.0,1.0,2.43,0.0,upi,Books,0
547.66,87.0,86.5,0.0,1.0,4.31,0.0,wallet,Pharmacy,0
913.64,198.0,74.0,1.0,1.0,3.69,0.0,cod,Grocery,0
756.66,131.0,78.63,1.0,0.0,4.08,0.0,upi,Electronics,0
851.35,90.0,90.91,0.0,0.0,4.72,0.0,cod,Electronics,0
261.52,62.0,74.89,1.0,1.0,3.85,0.0,cod,Grocery,0
477.32,367.0,87.75,0.0,1.0,4.68,0.0,wallet,Pharmacy,0
698.88,20.0,89.57,0.0,1.0,3.75,0.0,card,Fashion,0
321.37,1.0,71.83,0.0,1.0,3.29,0.0,cod,Books,0
169.64,17.0,75.73,0.0,2.0,3.92,0.0,upi,Electronics,0
913.86,195.0,56.04,0.0,0.0,2.8,0.0,upi,Grocery,0
346.96,133.0,53.9,1.0,1.0,2.44,0.0,upi,Food & Beverage,0
477.95,2.0,62.62,0.0,1.0,3.26,0.0,card,Fashion,0
1024.22,71.0,45.2,0.0,1.0,2.48,1.0,upi,Food & Beverage,0
1374.5,429.0,50.61,0.0,0.0,2.3,0.0,wallet,Beauty,0
561.84,88.0,20.79,0.0,0.0,1.0,1.0,upi,Pharmacy,0
1593.75,251.0,90.47,1.0,3.0,4.03,0.0,card,Books,0
1874.78,396.0,70.36,1.0,2.0,3.49,0.0,wallet,Grocery,0
728.1,689.0,59.7,0.0,1.0,2.97,0.0,upi,Home & Kitchen,0
727.09,49.0,80.58,0.0,4.0,3.71,0.0,upi,Grocery,0
456.64,61.0,74.94,1.0,0.0,3.59,0.0,upi,Beauty,0
866.2,72.0,84.07,0.0,2.0,4.19,0.0,wallet,Books,0
1379.42,263.0,88.14,0.0,0.0,4.68,0.0,wallet,Fashion,0
1784.93,86.0,37.57,0.0,2.0,1.76,1.0,card,Beauty,1
359.73,155.0,67.86,0.0,1.0,3.12,0.0,card,Electronics,0
765.31,923.0,62.03,2.0,2.0,3.55,0.0,card,Grocery,0
1213.18,184.0,67.68,1.0,0.0,3.59,0.0,card,Grocery,0
176.67,25.0,50.83,1.0,2.0,2.15,0.0,card,Fashion,0
61.78,12.0,85.44,0.0,1.0,4.49,0.0,upi,Pharmacy,0
741.88,156.0,50.02,0.0,1.0,2.34,0.0,cod,Grocery,0
369.19,38.0,81.87,1.0,0.0,4.4,0.0,wallet,Books,0
326.45,241.0,77.27,0.0,1.0,3.74,0.0,cod,Beauty,0
385.67,280.0,63.51,0.0,0.0,2.64,0.0,upi,Electronics,0
389.32,120.0,96.27,0.0,0.0,4.64,0.0,upi,Home & Kitchen,0
1010.3,127.0,84.47,0.0,1.0,3.96,0.0,wallet,Beauty,0
107.83,100.0,78.85,0.0,2.0,3.74,0.0,upi,Books,0
958.23,386.0,81.18,1.0,1.0,3.37,0.0,upi,Pharmacy,0
590.36,31.0,71.69,0.0,0.0,3.55,0.0,upi,Food & Beverage,0
235.23,17.0,72.53,0.0,2.0,3.02,0.0,upi,Fashion,0
1143.0,72.0,39.99,1.0,0.0,1.96,0.0,upi,Grocery,0
996.62,227.0,84.08,0.0,1.0,3.48,0.0,upi,Home & Kitchen,0
415.98,40.0,54.01,0.0,1.0,2.37,0.0,card,Books,0
1093.0,56.0,90.25,0.0,2.0,4.68,0.0,upi,Books,0
1696.17,58.0,48.67,1.0,1.0,2.64,1.0,upi,Home & Kitchen,0
119.53,45.0,66.99,0.0,0.0,3.11,0.0,cod,Fashion,0
331.72,122.0,80.4,0.0,1.0,4.18,0.0,upi,Beauty,0
1286.77,42.0,73.65,0.0,0.0,3.13,0.0,upi,Fashion,0
663.56,88.0,33.27,0.0,2.0,1.96,1.0,card,Electronics,1
546.65,67.0,54.47,1.0,0.0,3.08,0.0,card,Grocery,0
1226.23,636.0,67.5,0.0,0.0,3.31,0.0,card,Books,0
481.45,170.0,72.81,0.0,0.0,3.51,0.0,upi,Beauty,0
1241.92,126.0,72.49,0.0,1.0,2.92,0.0,wallet,Food & Beverage,0
279.54,740.0,84.24,0.0,2.0,4.19,0.0,upi,Home & Kitchen,0
742.82,113.0,61.19,1.0,1.0,3.26,0.0,upi,Fashion,0
1399.86,708.0,66.44,1.0,1.0,3.43,0.0,upi,Books,0
196.88,79.0,39.47,0.0,1.0,2.02,0.0,card,Books,0
391.11,831.0,60.29,0.0,1.0,2.58,0.0,card,Beauty,0
545.34,127.0,40.44,0.0,1.0,2.06,0.0,cod,Books,0
2284.43,29.0,67.57,0.0,0.0,3.12,0.0,card,Electronics,0
923.25,357.0,91.49,1.0,2.0,5.0,0.0,upi,Grocery,0
241.71,220.0,88.59,0.0,0.0,4.61,0.0,cod,Grocery,0
2533.04,30.0,88.35,0.0,2.0,4.5,0.0,upi,Fashion,0
2147.49,46.0,67.66,0.0,1.0,3.4,0.0,cod,Books,0
872.43,220.0,73.29,0.0,1.0,3.38,0.0,upi,Grocery,0
3020.26,181.0,50.74,0.0,0.0,2.29,1.0,upi,Pharmacy,0
455.02,377.0,68.49,0.0,2.0,4.0,0.0,wallet,Electronics,0
604.41,279.0,76.15,0.0,2.0,3.54,0.0,cod,Beauty,0
335.67,222.0,62.16,0.0,2.0,3.11,0.0,upi,Food & Beverage,0
1232.29,86.0,28.19,0.0,1.0,1.44,1.0,cod,Home & Kitchen,0
2706.05,60.0,61.74,0.0,0.0,3.09,0.0,upi,Beauty,0
1534.46,121.0,84.49,0.0,1.0,4.28,0.0,upi,Grocery,0
360.37,372.0,66.64,0.0,0.0,3.89,0.0,upi,Books,0
479.92,321.0,89.04,0.0,3.0,4.49,0.0,wallet,Beauty,0
1407.4,65.0,55.82,0.0,0.0,2.94,0.0,card,Beauty,0
350.16,120.0,46.47,1.0,1.0,2.23,0.0,upi,Electronics,0
735.34,665.0,68.46,1.0,0.0,3.36,0.0,card,Grocery,0
183.33,616.0,84.75,0.0,0.0,4.38,0.0,wallet,Food & Beverage,0
597.65,283.0,61.66,0.0,2.0,3.5,0.0,card,Books,0
870.46,178.0,74.72,0.0,3.0,4.12,0.0,upi,Books,0
901.03,110.0,58.92,0.0,3.0,2.0,0.0,wallet,Home & Kitchen,0
1132.64,45.0,83.35,0.0,1.0,3.66,0.0,wallet,Books,0
2048.0,182.0,88.59,0.0,1.0,5.0,0.0,card,Pharmacy,0
1601.47,13.0,71.46,1.0,0.0,3.41,0.0,cod,Grocery,0
1511.28,432.0,49.58,0.0,0.0,2.36,0.0,upi,Beauty,0
1360.2,498.0,72.39,0.0,1.0,3.45,0.0,upi,Home & Kitchen,0
909.07,139.0,86.23,0.0,0.0,3.92,0.0,card,Pharmacy,0
744.28,344.0,49.41,1.0,4.0,2.24,1.0,cod,Beauty,1
1661.22,144.0,81.9,1.0,1.0,3.93,0.0,cod,Home & Kitchen,0
1394.31,527.0,87.12,1.0,1.0,4.21,0.0,wallet,Home & Kitchen,0
428.96,496.0,27.8,1.0,1.0,1.1,1.0,cod,Grocery,1
1199.57,33.0,71.79,0.0,1.0,3.86,0.0,cod,Pharmacy,0
921.53,284.0,63.29,0.0,2.0,3.14,0.0,cod,Beauty,0
1074.57,96.0,87.95,0.0,3.0,4.44,0.0,upi,Beauty,0
1823.94,177.0,76.45,0.0,1.0,3.85,0.0,cod,Books,0
453.48,199.0,71.64,0.0,1.0,3.42,0.0,upi,Grocery,0
416.92,14.0,49.54,0.0,1.0,2.26,1.0,card,Fashion,0
984.34,137.0,49.29,0.0,3.0,2.02,1.0,card,Electronics,1
490.64,88.0,91.03,0.0,0.0,4.77,0.0,cod,Home & Kitchen,0
218.15,544.0,76.46,1.0,1.0,3.78,0.0,wallet,Pharmacy,0
309.1,136.0,58.5,1.0,0.0,3.29,0.0,upi,Home & Kitchen,0
3031.5,196.0,87.49,0.0,0.0,4.49,0.0,wallet,Food & Beverage,0
864.02,171.0,28.51,0.0,0.0,1.9,1.0,cod,Grocery,1
1222.93,435.0,85.28,1.0,0.0,4.15,0.0,card,Grocery,0
690.08,82.0,63.37,0.0,1.0,2.88,0.0,cod,Books,0
1706.22,360.0,62.93,0.0,0.0,3.7,0.0,upi,Fashion,0
114.19,161.0,59.45,0.0,2.0,3.32,0.0,upi,Books,0
2268.81,344.0,50.14,0.0,1.0,1.95,1.0,upi,Electronics,0
851.61,143.0,72.31,0.0,0.0,3.75,0.0,upi,Beauty,0
487.27,141.0,81.03,0.0,1.0,4.26,0.0,upi,Books,0
2050.78,389.0,83.34,0.0,0.0,4.1,0.0,upi,Grocery,0
1168.24,278.0,66.38,0.0,3.0,2.93,0.0,cod,Fashion,0
759.86,17.0,64.77,2.0,1.0,3.18,0.0,card,Beauty,0
240.6,5.0,72.8,0.0,0.0,3.7,0.0,card,Home & Kitchen,0
781.03,45.0,84.13,1.0,0.0,4.0,0.0,upi,Home & Kitchen,0
929.22,182.0,93.12,0.0,1.0,4.87,0.0,card,Pharmacy,0
1018.77,347.0,54.38,0.0,1.0,2.24,0.0,cod,Fashion,0
436.62,55.0,95.98,0.0,0.0,4.85,0.0,cod,Grocery,0
447.87,84.0,84.47,0.0,0.0,4.81,0.0,cod,Beauty,0
301.29,9.0,59.47,0.0,2.0,3.15,0.0,card,Fashion,0
478.27,275.0,67.15,0.0,1.0,3.79,0.0,wallet,Grocery,0
1313.49,71.0,57.42,1.0,1.0,2.83,0.0,upi,Books,0
2613.23,247.0,71.28,0.0,0.0,3.63,0.0,upi,Grocery,0
674.96,295.0,88.9,2.0,0.0,4.31,0.0,cod,Pharmacy,0
1041.56,122.0,89.72,0.0,2.0,4.37,0.0,upi,Home & Kitchen,0
287.25,517.0,45.46,0.0,2.0,2.43,0.0,upi,Home & Kitchen,0
294.32,123.0,48.87,0.0,0.0,2.16,0.0,wallet,Pharmacy,0
1637.82,33.0,52.62,1.0,0.0,2.88,1.0,upi,Pharmacy,0
97.82,13.0,66.76,0.0,2.0,3.48,0.0,cod,Electronics,0
1176.71,413.0,82.6,0.0,0.0,3.77,0.0,upi,Pharmacy,0
1213.03,42.0,40.66,0.0,1.0,2.32,0.0,upi,Electronics,0
1671.66,108.0,78.06,1.0,0.0,4.54,0.0,upi,Electronics,0
1084.68,333.0,94.09,0.0,0.0,4.97,0.0,upi,Books,0
228.5,109.0,97.58,0.0,0.0,4.3,0.0,upi,Books,0
1932.51,66.0,32.46,0.0,0.0,2.34,1.0,cod,Fashion,0
544.18,327.0,49.51,0.0,3.0,1.81,0.0,card,Fashion,0
1834.64,812.0,47.93,0.0,2.0,1.88,1.0,upi,Home & Kitchen,0
1568.71,104.0,62.0,0.0,3.0,2.57,0.0,card,Home & Kitchen,0
1055.94,186.0,74.86,0.0,1.0,3.66,0.0,card,Fashion,0
1579.69,287.0,94.83,1.0,0.0,4.16,0.0,upi,Grocery,0
2111.14,199.0,76.11,0.0,0.0,3.13,0.0,upi,Food & Beverage,0
1173.38,186.0,68.36,0.0,0.0,3.21,0.0,cod,Beauty,0
1456.16,43.0,28.76,0.0,3.0,1.22,0.0,cod,Fashion,1
393.26,1.0,88.16,0.0,1.0,4.31,0.0,upi,Beauty,0
1380.01,166.0,80.25,0.0,0.0,4.15,0.0,upi,Grocery,0
386.23,293.0,38.77,1.0,1.0,2.38,1.0,card,Beauty,0
978.51,55.0,44.42,2.0,3.0,2.21,1.0,card,Pharmacy,1
491.55,71.0,44.77,1.0,3.0,2.37,0.0,card,Food & Beverage,0
588.21,156.0,63.42,0.0,1.0,3.08,0.0,upi,Pharmacy,0
2296.84,76.0,80.37,1.0,1.0,4.36,0.0,cod,Fashion,0
835.33,217.0,32.1,0.0,1.0,2.06,1.0,upi,Books,0
971.96,11.0,48.44,0.0,1.0,2.24,0.0,card,Beauty,0
1422.93,66.0,88.33,2.0,0.0,4.01,0.0,upi,Pharmacy,0
922.59,167.0,30.62,0.0,0.0,1.35,1.0,upi,Electronics,0
1362.8,280.0,50.78,0.0,0.0,2.39,0.0,card,Electronics,0
1454.14,429.0,61.94,1.0,0.0,3.03,0.0,card,Books,0
553.73,106.0,90.0,0.0,0.0,4.5,0.0,upi,Food & Beverage,0
332.98,398.0,65.21,1.0,0.0,3.19,0.0,upi,Pharmacy,0
913.09,117.0,20.69,0.0,1.0,1.0,0.0,card,Electronics,0
591.1,801.0,84.21,0.0,0.0,4.13,0.0,cod,Electronics,0
1540.02,242.0,27.61,1.0,0.0,1.46,1.0,upi,Home & Kitchen,1
605.51,258.0,23.97,0.0,0.0,1.65,1.0,cod,Grocery,1
2100.36,60.0,61.42,0.0,0.0,2.89,0.0,wallet,Home & Kitchen,0
2155.01,381.0,86.33,0.0,0.0,4.3,0.0,card,Electronics,0
1978.24,833.0,77.59,0.0,0.0,3.83,0.0,cod,Pharmacy,0
1281.97,175.0,22.63,0.0,0.0,1.0,1.0,cod,Electronics,1
504.9,118.0,66.62,0.0,1.0,3.18,0.0,cod,Grocery,0
666.41,17.0,63.17,0.0,2.0,2.59,0.0,upi,Pharmacy,0
1265.81,166.0,77.71,0.0,0.0,4.01,0.0,upi,Beauty,0
770.7,104.0,69.84,0.0,1.0,3.68,0.0,card,Grocery,0
736.04,450.0,66.77,0.0,4.0,3.21,0.0,upi,Pharmacy,0
2044.32,225.0,89.14,2.0,1.0,4.6,0.0,upi,Fashion,0
278.01,173.0,75.71,0.0,1.0,3.26,0.0,wallet,Books,0
1320.78,289.0,81.08,0.0,0.0,4.49,0.0,cod,Home & Kitchen,0
1210.02,199.0,79.97,0.0,1.0,3.76,0.0,upi,Electronics,0
958.8,11.0,90.6,1.0,0.0,4.44,0.0,upi,Grocery,0
374.01,71.0,35.18,0.0,2.0,2.03,1.0,card,Grocery,1
675.62,65.0,84.98,0.0,0.0,3.81,0.0,card,Fashion,0
946.22,431.0,88.69,0.0,0.0,4.28,0.0,upi,Home & Kitchen,0
338.78,266.0,53.77,0.0,0.0,2.46,0.0,cod,Food & Beverage,0
1781.55,499.0,35.19,0.0,0.0,1.91,1.0,wallet,Home & Kitchen,0
872.27,161.0,43.28,1.0,1.0,1.87,1.0,upi,Food & Beverage,0
824.86,220.0,88.56,0.0,1.0,4.65,0.0,card,Fashion,0
1374.71,20.0,52.64,0.0,2.0,2.7,1.0,upi,Home & Kitchen,1
2335.5,368.0,95.68,0.0,1.0,4.31,0.0,wallet,Books,0
662.2,249.0,70.65,0.0,1.0,3.78,0.0,upi,Pharmacy,0
310.08,676.0,73.04,1.0,0.0,4.2,0.0,upi,Books,0
2524.5,51.0,88.77,0.0,0.0,4.16,0.0,upi,Food & Beverage,0
1020.23,262.0,72.14,1.0,1.0,3.45,0.0,upi,Grocery,0
3182.25,184.0,88.27,1.0,1.0,4.02,0.0,card,Grocery,0
2126.59,268.0,96.28,0.0,2.0,4.79,0.0,upi,Grocery,0
461.0,103.0,97.52,0.0,1.0,5.0,0.0,card,Food & Beverage,0
751.95,27.0,85.2,0.0,2.0,4.05,0.0,cod,Pharmacy,0
97.98,59.0,50.15,0.0,1.0,2.22,0.0,upi,Food & Beverage,0
503.16,462.0,69.19,2.0,1.0,3.83,0.0,upi,Food & Beverage,0
270.99,533.0,31.14,0.0,0.0,1.32,0.0,upi,Pharmacy,0
538.13,44.0,73.11,0.0,1.0,3.44,0.0,card,Grocery,0
194.01,372.0,76.51,0.0,0.0,3.75,0.0,upi,Home & Kitchen,0
427.7,107.0,18.69,0.0,0.0,1.0,0.0,card,Books,0
524.49,51.0,43.22,0.0,0.0,1.9,1.0,card,Beauty,0
824.15,455.0,79.68,0.0,3.0,4.54,0.0,wallet,Grocery,0
233.75,261.0,47.48,1.0,0.0,2.58,0.0,wallet,Electronics,0
1834.88,320.0,30.39,0.0,0.0,1.7,1.0,upi,Home & Kitchen,0
506.87,104.0,76.3,0.0,1.0,4.0,0.0,card,Food & Beverage,0
1062.16,239.0,74.78,0.0,2.0,3.92,0.0,cod,Food & Beverage,0
490.91,113.0,76.21,0.0,2.0,3.68,0.0,cod,Pharmacy,0
861.11,620.0,91.21,0.0,1.0,4.54,0.0,upi,Pharmacy,0
798.96,174.0,61.7,1.0,0.0,3.19,0.0,upi,Beauty,0
1891.63,20.0,91.99,0.0,0.0,4.45,0.0,upi,Beauty,0
704.96,17.0,55.68,0.0,0.0,3.18,0.0,upi,Food & Beverage,0
736.14,27.0,87.27,0.0,2.0,3.85,0.0,cod,Pharmacy,0
355.15,228.0,75.06,0.0,0.0,3.66,0.0,cod,Grocery,0
191.74,82.0,51.87,0.0,2.0,2.93,0.0,card,Books,0
1017.11,115.0,39.14,0.0,2.0,2.26,0.0,card,Beauty,0
1033.9,194.0,84.97,0.0,1.0,4.1,0.0,card,Electronics,0
948.01,131.0,70.97,0.0,0.0,3.64,0.0,upi,Fashion,0
1580.92,320.0,70.99,0.0,1.0,3.64,0.0,upi,Food & Beverage,0
814.52,457.0,79.0,0.0,3.0,4.6,0.0,upi,Beauty,0
605.32,436.0,77.46,0.0,2.0,3.63,0.0,upi,Food & Beverage,0
931.96,364.0,87.54,0.0,0.0,4.44,0.0,card,Grocery,0
719.88,260.0,78.12,0.0,0.0,3.78,0.0,card,Beauty,0
257.29,397.0,90.83,0.0,2.0,5.0,0.0,upi,Fashion,0
1691.62,145.0,56.09,0.0,0.0,2.76,0.0,cod,Pharmacy,0
494.08,125.0,67.15,0.0,2.0,3.17,0.0,card,Grocery,0
755.56,261.0,64.45,0.0,0.0,3.44,0.0,upi,Grocery,0
530.86,670.0,51.04,0.0,0.0,2.31,0.0,card,Home & Kitchen,0
1879.68,340.0,94.03,1.0,0.0,4.76,0.0,upi,Books,0
546.31,328.0,50.79,0.0,1.0,2.74,1.0,upi,Books,0
2079.19,162.0,35.5,1.0,2.0,1.26,1.0,wallet,Fashion,1
458.29,110.0,54.24,1.0,3.0,2.47,0.0,cod,Grocery,1
1323.01,76.0,73.64,1.0,1.0,4.26,0.0,card,Electronics,0
734.21,19.0,34.37,0.0,1.0,1.78,0.0,upi,Books,0
220.93,80.0,68.27,1.0,1.0,3.07,0.0,upi,Beauty,0
2032.57,22.0,59.18,1.0,2.0,3.0,0.0,card,Pharmacy,0
430.5,20.0,65.35,0.0,1.0,2.71,0.0,upi,Electronics,0
622.25,47.0,51.02,0.0,2.0,2.6,0.0,upi,Books,0
1000.73,240.0,85.9,0.0,0.0,4.41,0.0,card,Pharmacy,0
315.94,400.0,82.41,0.0,0.0,4.09,0.0,cod,Food & Beverage,0
483.48,769.0,82.33,0.0,1.0,3.89,0.0,upi,Fashion,0
691.24,11.0,52.18,0.0,0.0,3.15,1.0,cod,Home & Kitchen,0
208.12,168.0,69.89,0.0,3.0,3.39,0.0,upi,Grocery,0
933.78,44.0,44.79,1.0,1.0,1.67,0.0,upi,Home & Kitchen,0
287.61,216.0,75.26,0.0,2.0,3.71,0.0,cod,Food & Beverage,0
1304.17,107.0,97.17,0.0,1.0,5.0,0.0,upi,Grocery,0
1710.52,395.0,78.14,0.0,2.0,4.39,0.0,cod,Books,0
1362.21,13.0,32.31,0.0,3.0,1.0,1.0,card,Beauty,1
1489.01,574.0,35.47,0.0,3.0,1.52,0.0,upi,Food & Beverage,0
667.39,391.0,52.91,0.0,0.0,2.53,0.0,card,Beauty,0
263.43,206.0,79.88,0.0,1.0,4.04,0.0,upi,Pharmacy,0
1656.85,25.0,56.06,1.0,4.0,2.39,0.0,cod,Food & Beverage,1
492.15,398.0,41.49,0.0,1.0,2.24,1.0,card,Beauty,0
781.7,108.0,86.15,1.0,3.0,4.59,0.0,cod,Beauty,0
386.32,200.0,22.12,0.0,1.0,1.0,1.0,upi,Fashion,1
344.75,456.0,67.62,0.0,0.0,3.37,0.0,card,Fashion,0
982.3,513.0,62.79,0.0,0.0,3.38,0.0,card,Food & Beverage,0
852.68,57.0,41.42,0.0,0.0,2.6,1.0,cod,Electronics,0
212.44,568.0,85.48,1.0,0.0,4.59,0.0,cod,Beauty,0
509.99,114.0,29.61,1.0,3.0,1.32,0.0,card,Food & Beverage,0
2562.47,15.0,56.83,0.0,4.0,2.98,0.0,upi,Beauty,0
1198.17,68.0,45.32,0.0,1.0,2.2,0.0,upi,Beauty,0
468.86,626.0,65.56,0.0,0.0,3.05,0.0,cod,Fashion,0
605.56,66.0,58.39,0.0,0.0,3.07,0.0,upi,Grocery,0
839.28,193.0,76.26,1.0,2.0,3.96,0.0,wallet,Electronics,0
608.15,116.0,61.57,1.0,1.0,3.08,0.0,card,Food & Beverage,0
1943.84,425.0,66.43,0.0,0.0,3.62,0.0,upi,Electronics,0
1148.57,137.0,89.77,0.0,1.0,4.4,0.0,card,Home & Kitchen,0
1364.39,125.0,88.44,0.0,1.0,4.39,0.0,cod,Books,0
1462.4,497.0,70.63,1.0,0.0,3.59,0.0,upi,Fashion,0
1143.36,346.0,47.45,0.0,1.0,2.47,0.0,upi,Fashion,0
1256.99,32.0,74.36,0.0,0.0,3.44,0.0,card,Grocery,0
1888.53,263.0,64.78,0.0,1.0,3.81,0.0,upi,Home & Kitchen,0
1300.19,104.0,76.32,0.0,2.0,4.02,0.0,upi,Electronics,0
323.05,22.0,51.84,1.0,1.0,2.59,1.0,upi,Pharmacy,0
2350.32,124.0,68.47,0.0,1.0,3.43,0.0,cod,Grocery,0
172.1,151.0,93.92,1.0,0.0,4.67,0.0,cod,Home & Kitchen,0
1113.65,83.0,26.43,0.0,0.0,1.76,1.0,cod,Pharmacy,1
901.21,16.0,74.48,0.0,2.0,4.01,0.0,upi,Home & Kitchen,0
569.72,161.0,73.39,0.0,2.0,3.86,0.0,upi,Beauty,0
1466.98,120.0,67.64,0.0,3.0,4.13,0.0,wallet,Fashion,0
731.76,24.0,73.94,1.0,1.0,3.87,0.0,card,Books,0
1158.64,183.0,69.62,1.0,1.0,3.21,0.0,upi,Food & Beverage,0
292.93,465.0,51.97,1.0,0.0,2.82,1.0,card,Electronics,0
1647.65,547.0,46.14,0.0,1.0,2.47,1.0,cod,Food & Beverage,1
1550.15,39.0,87.93,0.0,3.0,4.81,0.0,card,Fashion,0
824.75,157.0,77.94,0.0,3.0,4.12,0.0,upi,Fashion,0
399.7,37.0,90.93,0.0,0.0,4.59,0.0,card,Pharmacy,0
1725.05,338.0,67.61,1.0,0.0,3.67,0.0,upi,Home & Kitchen,0
181.59,1.0,69.08,1.0,3.0,2.95,0.0,wallet,Beauty,0
856.11,128.0,79.35,1.0,1.0,4.11,0.0,cod,Pharmacy,0
658.09,56.0,67.97,0.0,1.0,3.57,0.0,cod,Beauty,0
1089.9,101.0,63.85,0.0,2.0,2.79,0.0,upi,Electronics,0
648.86,255.0,67.75,1.0,0.0,3.42,0.0,upi,Grocery,0
1494.27,16.0,80.28,0.0,3.0,3.82,0.0,card,Beauty,0
322.32,71.0,87.51,1.0,1.0,4.24,0.0,upi,Grocery,0
1734.47,186.0,59.98,0.0,1.0,3.28,0.0,upi,Food & Beverage,0
748.38,32.0,96.09,0.0,0.0,4.49,0.0,cod,Pharmacy,0
549.96,362.0,84.63,1.0,0.0,4.16,0.0,upi,Beauty,0
1071.63,186.0,93.75,1.0,1.0,4.41,0.0,upi,Pharmacy,0
1437.43,51.0,66.65,0.0,2.0,3.4,0.0,cod,Home & Kitchen,0
700.24,29.0,75.88,0.0,2.0,3.89,0.0,upi,Grocery,0
748.55,92.0,58.53,1.0,0.0,2.54,0.0,cod,Food & Beverage,0
440.42,146.0,48.79,0.0,3.0,2.34,1.0,card,Food & Beverage,1
172.63,53.0,77.28,1.0,1.0,3.81,0.0,card,Beauty,0
526.86,97.0,77.13,0.0,1.0,3.89,0.0,upi,Food & Beverage,0
832.62,622.0,66.37,0.0,3.0,3.6,0.0,upi,Grocery,0
622.87,13.0,81.48,0.0,0.0,3.79,0.0,wallet,Electronics,0
624.8,39.0,85.05,0.0,0.0,4.13,0.0,cod,Electronics,0
319.29,81.0,69.43,1.0,3.0,3.86,0.0,upi,Beauty,0
363.24,70.0,74.64,0.0,1.0,3.97,0.0,upi,Pharmacy,0
313.24,52.0,55.98,0.0,0.0,2.51,0.0,upi,Fashion,0
847.85,59.0,50.88,0.0,1.0,2.51,0.0,cod,Home & Kitchen,0
1102.49,407.0,95.82,0.0,2.0,4.92,0.0,card,Food & Beverage,0
872.92,322.0,74.72,1.0,3.0,4.0,0.0,card,Fashion,0
1143.9,74.0,84.92,0.0,1.0,4.34,0.0,cod,Electronics,0
358.68,115.0,57.32,0.0,3.0,2.99,0.0,card,Books,1
798.89,258.0,65.32,0.0,0.0,3.4,0.0,upi,Food & Beverage,0
556.43,53.0,25.41,1.0,1.0,1.28,1.0,upi,Books,1
710.63,77.0,60.92,1.0,0.0,2.57,0.0,cod,Pharmacy,0
223.65,150.0,64.24,2.0,1.0,3.06,0.0,upi,Pharmacy,0
306.72,31.0,75.84,0.0,0.0,4.16,0.0,wallet,Electronics,0
829.0,53.0,75.52,2.0,0.0,4.03,0.0,upi,Pharmacy,0
438.62,212.0,54.77,1.0,3.0,2.73,0.0,upi,Food & Beverage,0
460.34,130.0,67.51,0.0,0.0,3.3,0.0,upi,Pharmacy,0
667.52,102.0,31.67,0.0,1.0,1.36,0.0,card,Food & Beverage,0
1116.34,324.0,75.73,0.0,0.0,3.53,0.0,card,Grocery,0
1414.93,90.0,65.8,0.0,0.0,3.57,0.0,upi,Pharmacy,0
183.77,160.0,88.93,0.0,1.0,4.35,0.0,upi,Grocery,0
536.43,600.0,91.86,0.0,0.0,4.68,0.0,upi,Home & Kitchen,0
906.71,177.0,21.59,0.0,1.0,1.8,1.0,upi,Grocery,1
1081.59,90.0,85.09,1.0,0.0,4.28,0.0,upi,Pharmacy,0
1331.95,23.0,51.03,1.0,2.0,2.33,0.0,upi,Beauty,0
1007.03,112.0,63.02,1.0,0.0,3.41,0.0,cod,Pharmacy,0
473.68,60.0,87.0,1.0,0.0,4.67,0.0,card,Pharmacy,0
892.31,119.0,80.24,1.0,3.0,3.43,0.0,cod,Grocery,0
815.79,56.0,52.53,0.0,0.0,3.0,1.0,card,Books,0
294.5,7.0,77.54,0.0,2.0,3.61,0.0,upi,Home & Kitchen,0
433.03,34.0,64.73,2.0,0.0,3.72,0.0,wallet,Grocery,0
963.48,3.0,58.36,0.0,3.0,3.3,0.0,upi,Books,0
1334.11,21.0,57.95,0.0,0.0,2.94,0.0,wallet,Food & Beverage,0
513.72,109.0,92.91,2.0,1.0,4.39,0.0,wallet,Food & Beverage,0
2562.48,557.0,53.98,1.0,0.0,3.03,0.0,upi,Pharmacy,0
88.18,212.0,65.28,0.0,0.0,3.39,0.0,upi,Grocery,0
765.6,15.0,66.96,0.0,3.0,3.12,0.0,upi,Fashion,0
828.44,80.0,79.5,0.0,1.0,4.13,0.0,card,Food & Beverage,0
1510.54,444.0,41.15,0.0,2.0,1.72,0.0,upi,Grocery,0
462.76,60.0,63.66,0.0,4.0,3.26,0.0,cod,Grocery,0
525.16,117.0,23.34,0.0,0.0,1.25,1.0,wallet,Grocery,0
532.45,363.0,57.47,1.0,0.0,3.02,0.0,upi,Pharmacy,0
1459.74,113.0,83.82,1.0,1.0,4.55,0.0,upi,Food & Beverage,0
1641.68,15.0,73.29,1.0,3.0,3.52,0.0,wallet,Fashion,0
595.44,80.0,64.37,0.0,2.0,3.03,0.0,upi,Books,0
386.17,510.0,48.36,1.0,3.0,2.43,0.0,card,Fashion,0
395.86,1280.0,84.82,0.0,0.0,4.49,0.0,card,Fashion,0
256.68,1035.0,21.15,1.0,1.0,1.0,1.0,cod,Home & Kitchen,1
1759.3,129.0,82.6,0.0,3.0,3.65,0.0,card,Home & Kitchen,0
776.29,107.0,59.65,0.0,2.0,2.9,0.0,upi,Grocery,0
1410.19,209.0,44.86,0.0,0.0,2.29,0.0,card,Beauty,0
643.54,148.0,55.6,0.0,1.0,2.55,0.0,upi,Books,0
2817.98,368.0,65.42,1.0,1.0,2.57,0.0,card,Fashion,0
1259.03,19.0,34.49,0.0,0.0,1.82,1.0,upi,Books,0
973.26,111.0,81.07,0.0,2.0,3.66,0.0,upi,Food & Beverage,0
1113.17,106.0,63.98,0.0,1.0,3.49,0.0,upi,Electronics,0
368.01,2.0,66.63,2.0,1.0,4.02,0.0,card,Books,0
540.01,26.0,17.38,0.0,0.0,1.0,0.0,card,Books,0
1396.73,416.0,56.09,0.0,1.0,2.91,0.0,upi,Pharmacy,0
793.57,110.0,84.24,0.0,2.0,4.3,0.0,upi,Books,0
1160.99,9.0,96.31,0.0,1.0,4.35,0.0,card,Fashion,0
628.28,333.0,28.72,0.0,0.0,1.0,0.0,upi,Grocery,0
714.83,276.0,76.56,0.0,1.0,3.42,0.0,card,Electronics,0
1670.89,326.0,58.44,1.0,1.0,2.83,0.0,wallet,Grocery,0
887.88,95.0,83.81,0.0,4.0,4.92,0.0,upi,Food & Beverage,0
915.88,76.0,78.8,0.0,3.0,4.11,0.0,cod,Home & Kitchen,0
743.35,181.0,56.96,1.0,1.0,2.58,0.0,upi,Home & Kitchen,0
579.1,23.0,58.39,0.0,2.0,2.65,0.0,card,Fashion,0
656.74,25.0,72.05,1.0,0.0,3.4,0.0,cod,Beauty,0
797.64,117.0,51.32,2.0,3.0,2.0,0.0,cod,Home & Kitchen,1
1729.23,269.0,32.13,0.0,3.0,1.34,0.0,upi,Home & Kitchen,1
803.45,86.0,86.83,0.0,1.0,4.48,0.0,cod,Beauty,0
1518.14,719.0,92.45,0.0,1.0,4.55,0.0,card,Fashion,0
396.85,203.0,53.03,0.0,0.0,2.53,0.0,card,Food & Beverage,0
1065.73,783.0,79.4,1.0,2.0,4.22,0.0,card,Grocery,0
166.31,170.0,89.26,0.0,1.0,4.13,0.0,card,Pharmacy,0
448.15,205.0,55.88,0.0,0.0,2.92,0.0,upi,Electronics,0
463.09,237.0,41.23,1.0,2.0,1.72,1.0,cod,Beauty,1
547.14,1624.0,79.73,0.0,4.0,4.24,0.0,upi,Pharmacy,0
1515.39,64.0,15.99,0.0,0.0,1.0,0.0,upi,Beauty,0
179.85,89.0,97.33,0.0,0.0,4.92,0.0,upi,Books,0
1643.87,55.0,31.01,0.0,2.0,1.51,0.0,upi,Books,0
163.3,112.0,74.65,0.0,1.0,3.9,0.0,upi,Books,0
605.03,515.0,96.17,1.0,0.0,4.55,0.0,upi,Fashion,0
629.16,122.0,81.47,0.0,1.0,4.38,0.0,card,Books,0
2002.87,58.0,72.19,0.0,1.0,3.53,0.0,wallet,Electronics,0
1219.69,53.0,68.2,1.0,1.0,3.56,0.0,upi,Fashion,0
2445.54,735.0,55.45,0.0,3.0,2.97,0.0,cod,Fashion,0
2689.85,47.0,90.05,0.0,1.0,4.27,0.0,card,Electronics,0
1508.31,7.0,85.38,1.0,0.0,4.42,0.0,card,Food & Beverage,0
437.33,173.0,95.59,0.0,1.0,4.56,0.0,upi,Pharmacy,0
1029.38,7.0,53.72,0.0,1.0,2.21,0.0,cod,Fashion,0
839.28,86.0,77.49,0.0,0.0,3.93,0.0,card,Pharmacy,0
511.3,257.0,85.05,0.0,3.0,4.9,0.0,upi,Pharmacy,0
1451.05,111.0,76.3,0.0,2.0,3.62,0.0,upi,Books,0
255.61,45.0,56.28,0.0,3.0,2.97,0.0,cod,Home & Kitchen,0
393.05,60.0,90.78,3.0,1.0,4.78,0.0,cod,Electronics,0
177.5,112.0,24.59,0.0,1.0,1.0,1.0,cod,Home & Kitchen,1
356.44,22.0,52.89,1.0,2.0,2.46,1.0,upi,Grocery,0
420.36,50.0,39.03,0.0,1.0,2.33,1.0,upi,Pharmacy,0
696.32,191.0,78.19,0.0,0.0,4.11,0.0,upi,Books,0
1528.99,28.0,82.65,2.0,2.0,4.15,0.0,card,Electronics,0
534.09,479.0,74.5,1.0,4.0,3.25,0.0,card,Food & Beverage,0
1550.74,5.0,40.65,0.0,2.0,1.86,0.0,card,Beauty,1
2655.98,6.0,55.69,0.0,1.0,2.94,0.0,cod,Pharmacy,0
1694.35,121.0,55.96,0.0,2.0,1.85,0.0,card,Beauty,0
374.85,472.0,93.46,0.0,2.0,4.92,0.0,upi,Electronics,0
470.63,49.0,24.83,0.0,0.0,1.58,0.0,upi,Food & Beverage,0
1556.33,32.0,78.8,0.0,1.0,4.48,0.0,card,Electronics,0
462.29,39.0,32.22,0.0,3.0,1.99,0.0,upi,Books,0
827.6,599.0,61.05,0.0,0.0,3.17,0.0,upi,Food & Beverage,0
1080.59,7.0,25.62,0.0,1.0,1.51,1.0,upi,Electronics,1
1279.28,323.0,81.29,1.0,0.0,3.96,0.0,card,Home & Kitchen,0
911.95,524.0,70.6,0.0,3.0,3.36,0.0,upi,Fashion,0
305.35,128.0,89.49,0.0,1.0,4.61,0.0,upi,Food & Beverage,0
581.8,59.0,67.09,0.0,1.0,3.11,0.0,upi,Electronics,0
1692.5,203.0,69.52,0.0,1.0,3.35,0.0,card,Electronics,0
782.99,27.0,63.89,0.0,1.0,3.85,0.0,card,Books,0
2285.12,125.0,93.27,0.0,2.0,4.44,0.0,card,Pharmacy,0
947.39,57.0,84.5,0.0,1.0,4.3,0.0,wallet,Beauty,0
409.53,35.0,92.74,0.0,0.0,4.15,0.0,upi,Grocery,0
1168.3,313.0,67.48,1.0,0.0,3.13,0.0,upi,Books,0
1750.67,300.0,76.25,0.0,0.0,3.57,0.0,cod,Electronics,0
864.13,76.0,92.67,1.0,1.0,4.6,0.0,card,Books,0
873.77,155.0,97.23,0.0,1.0,4.6,0.0,upi,Beauty,0
1025.02,167.0,34.42,0.0,0.0,1.64,1.0,card,Books,0
1106.48,2.0,99.42,0.0,0.0,4.82,0.0,upi,Home & Kitchen,0
480.62,141.0,87.95,0.0,2.0,4.34,0.0,wallet,Fashion,0
183.21,500.0,63.76,0.0,2.0,2.69,0.0,cod,Grocery,0
1210.2,148.0,54.12,0.0,0.0,2.24,1.0,wallet,Beauty,0
788.06,261.0,53.26,0.0,2.0,2.89,1.0,card,Beauty,0
1036.32,300.0,74.42,0.0,0.0,3.55,0.0,upi,Electronics,0
688.97,36.0,72.81,0.0,0.0,3.7,0.0,upi,Fashion,0
1048.16,44.0,77.44,0.0,0.0,3.99,0.0,card,Home & Kitchen,0
381.61,33.0,70.72,0.0,0.0,3.55,0.0,upi,Electronics,0
597.25,416.0,73.79,1.0,0.0,3.28,0.0,upi,Home & Kitchen,0
368.87,31.0,78.66,1.0,1.0,3.31,0.0,upi,Fashion,0
607.46,114.0,55.86,0.0,1.0,2.66,0.0,wallet,Books,0
267.69,416.0,88.31,0.0,1.0,4.42,0.0,cod,Fashion,0
1291.61,90.0,41.93,0.0,1.0,2.51,0.0,cod,Pharmacy,0
1952.46,59.0,96.65,1.0,2.0,5.0,0.0,cod,Food & Beverage,0
280.73,144.0,75.23,0.0,0.0,3.86,0.0,cod,Pharmacy,0
794.81,155.0,61.86,0.0,2.0,3.06,0.0,upi,Home & Kitchen,0
689.16,275.0,48.89,0.0,3.0,2.41,1.0,card,Pharmacy,1
2004.87,117.0,54.67,0.0,0.0,2.71,0.0,upi,Home & Kitchen,0
833.1,7.0,81.79,0.0,1.0,3.88,0.0,upi,Beauty,0
1639.08,266.0,68.47,0.0,2.0,3.82,0.0,card,Beauty,0
1235.28,3.0,83.36,0.0,0.0,4.04,0.0,upi,Fashion,0
960.9,408.0,42.56,0.0,1.0,2.22,0.0,card,Fashion,0
521.51,202.0,30.57,0.0,2.0,1.62,1.0,cod,Food & Beverage,1
964.09,18.0,89.4,0.0,0.0,3.76,0.0,upi,Grocery,0
363.64,146.0,88.82,0.0,0.0,4.13,0.0,upi,Fashion,0
594.19,249.0,89.89,2.0,0.0,4.59,0.0,cod,Home & Kitchen,0
164.85,28.0,59.25,0.0,2.0,3.33,0.0,cod,Beauty,1
1820.11,71.0,75.05,0.0,1.0,3.81,0.0,cod,Electronics,0
883.2,141.0,90.17,1.0,1.0,4.71,0.0,upi,Electronics,0
1786.06,122.0,86.49,0.0,0.0,3.99,0.0,card,Pharmacy,0
856.55,190.0,28.65,0.0,3.0,1.44,0.0,upi,Beauty,0
903.95,28.0,78.01,1.0,2.0,3.55,0.0,upi,Electronics,0
1186.18,508.0,94.81,0.0,0.0,4.97,0.0,upi,Home & Kitchen,0
750.9,220.0,86.0,0.0,1.0,4.31,0.0,upi,Pharmacy,0
684.5,67.0,79.99,0.0,1.0,4.52,0.0,wallet,Books,0
618.48,104.0,79.51,0.0,1.0,3.97,0.0,card,Grocery,0
383.77,31.0,84.29,1.0,2.0,3.74,0.0,upi,Fashion,0
620.86,136.0,89.44,0.0,0.0,4.57,0.0,cod,Food & Beverage,0
1536.61,146.0,47.33,0.0,0.0,2.23,0.0,upi,Fashion,0
579.98,439.0,75.11,0.0,1.0,4.04,0.0,upi,Electronics,0
2588.82,175.0,74.71,0.0,1.0,3.52,0.0,upi,Grocery,0
178.83,207.0,81.98,1.0,2.0,4.47,0.0,upi,Beauty,0
1581.25,262.0,93.42,0.0,0.0,4.25,0.0,upi,Home & Kitchen,0
664.78,321.0,60.24,0.0,4.0,3.44,0.0,wallet,Fashion,0
1093.15,292.0,88.51,0.0,1.0,4.01,0.0,cod,Food & Beverage,0
405.02,57.0,78.18,1.0,0.0,3.67,0.0,wallet,Electronics,0
213.29,98.0,63.61,1.0,1.0,3.38,0.0,upi,Pharmacy,0
1380.67,20.0,78.9,0.0,2.0,4.59,0.0,upi,Books,0
1785.51,46.0,84.78,0.0,0.0,4.26,0.0,card,Grocery,0
806.07,215.0,71.62,0.0,0.0,3.16,0.0,card,Home & Kitchen,0
580.18,190.0,77.94,1.0,1.0,3.2,0.0,cod,Fashion,0
763.14,9.0,34.18,1.0,3.0,1.99,1.0,card,Food & Beverage,1
761.96,134.0,37.24,0.0,0.0,2.36,1.0,upi,Fashion,1
655.54,74.0,38.26,0.0,0.0,2.24,1.0,card,Food & Beverage,0
868.7,50.0,84.16,0.0,0.0,4.26,0.0,cod,Beauty,0
1133.75,150.0,55.94,0.0,4.0,2.57,0.0,cod,Food & Beverage,1
1068.39,24.0,45.09,1.0,1.0,2.41,1.0,cod,Food & Beverage,1
499.82,353.0,82.96,0.0,1.0,4.25,0.0,upi,Pharmacy,0
665.45,48.0,60.39,0.0,2.0,3.61,0.0,upi,Books,0
347.13,196.0,85.11,0.0,1.0,4.41,0.0,cod,Food & Beverage,0
1047.19,28.0,85.3,0.0,1.0,4.53,0.0,cod,Fashion,0
430.28,28.0,46.8,0.0,0.0,2.3,0.0,card,Grocery,0
114.02,327.0,58.13,0.0,1.0,2.61,0.0,upi,Electronics,0
539.33,75.0,86.25,0.0,1.0,4.3,0.0,upi,Home & Kitchen,0
1082.59,31.0,47.22,2.0,0.0,1.63,0.0,upi,Home & Kitchen,0
1124.13,18.0,93.86,1.0,0.0,4.69,0.0,upi,Pharmacy,0
1561.46,191.0,74.98,0.0,1.0,3.84,0.0,cod,Pharmacy,0
2872.67,364.0,66.53,0.0,1.0,3.16,0.0,upi,Electronics,0
783.86,339.0,54.59,1.0,0.0,2.84,0.0,upi,Pharmacy,0
686.03,16.0,59.13,1.0,0.0,3.28,0.0,upi,Beauty,0
856.72,19.0,45.33,0.0,2.0,2.3,0.0,upi,Food & Beverage,1
595.49,70.0,82.03,0.0,0.0,4.07,0.0,card,Home & Kitchen,0
317.74,469.0,97.81,1.0,4.0,4.77,0.0,upi,Fashion,0
298.32,24.0,62.55,0.0,0.0,3.05,0.0,cod,Fashion,0
723.82,53.0,54.1,0.0,0.0,3.3,0.0,upi,Food & Beverage,0
1891.57,12.0,39.8,0.0,1.0,1.75,1.0,cod,Fashion,1
566.21,209.0,34.42,0.0,0.0,1.53,1.0,upi,Pharmacy,0
1255.99,33.0,34.56,0.0,0.0,2.01,1.0,wallet,Home & Kitchen,0
1671.52,114.0,68.43,0.0,1.0,3.19,0.0,card,Grocery,0
1244.32,1.0,51.34,1.0,0.0,2.83,0.0,wallet,Beauty,0
1338.46,245.0,26.44,0.0,0.0,1.04,1.0,wallet,Books,0
318.03,325.0,76.75,0.0,1.0,3.83,0.0,card,Fashion,0
650.92,362.0,46.94,0.0,1.0,2.63,0.0,upi,Fashion,0
232.92,37.0,86.07,0.0,1.0,3.94,0.0,upi,Beauty,0
493.18,180.0,64.38,0.0,1.0,3.44,0.0,upi,Grocery,0
294.52,26.0,80.58,0.0,2.0,4.3,0.0,upi,Home & Kitchen,0
1088.8,388.0,20.25,0.0,1.0,1.0,1.0,upi,Home & Kitchen,0
293.92,160.0,64.93,0.0,1.0,3.63,0.0,upi,Home & Kitchen,0
298.54,435.0,89.43,1.0,0.0,4.42,0.0,upi,Beauty,0
748.59,304.0,31.02,0.0,0.0,1.52,1.0,cod,Home & Kitchen,0
170.04,203.0,42.16,0.0,2.0,2.32,0.0,cod,Home & Kitchen,0
2703.83,327.0,43.62,0.0,3.0,2.55,1.0,cod,Fashion,1
640.79,22.0,65.73,1.0,1.0,2.44,0.0,upi,Food & Beverage,0
1645.16,71.0,90.3,2.0,0.0,3.89,0.0,wallet,Fashion,0
311.03,102.0,83.15,0.0,0.0,3.77,0.0,upi,Grocery,0
973.91,173.0,23.52,1.0,2.0,1.36,1.0,upi,Pharmacy,1
1116.88,3.0,59.81,0.0,2.0,3.06,0.0,upi,Food & Beverage,0
365.35,125.0,86.2,1.0,1.0,3.74,0.0,upi,Grocery,0
1301.84,335.0,35.68,0.0,2.0,2.37,0.0,upi,Home & Kitchen,0
483.09,147.0,91.7,0.0,0.0,4.76,0.0,wallet,Grocery,0
563.6,414.0,50.37,1.0,1.0,2.44,0.0,cod,Grocery,0
363.08,48.0,67.7,0.0,0.0,3.54,0.0,card,Food & Beverage,0
1346.72,82.0,59.16,0.0,2.0,2.86,0.0,upi,Books,1
960.1,327.0,80.12,0.0,1.0,4.33,0.0,card,Grocery,0
917.55,52.0,26.38,0.0,1.0,1.72,0.0,card,Books,0
899.12,145.0,62.72,0.0,2.0,3.61,0.0,cod,Fashion,0
940.23,376.0,26.38,0.0,1.0,1.46,0.0,upi,Fashion,0
465.58,267.0,92.17,0.0,1.0,4.64,0.0,upi,Home & Kitchen,0
1234.93,136.0,61.54,1.0,1.0,3.39,0.0,upi,Beauty,0
412.84,11.0,70.83,0.0,2.0,4.05,0.0,cod,Electronics,0
909.75,1059.0,76.54,0.0,5.0,3.75,0.0,card,Electronics,0
703.78,79.0,60.2,0.0,1.0,3.45,0.0,cod,Home & Kitchen,0
539.75,146.0,49.03,0.0,2.0,2.29,0.0,card,Beauty,0
717.61,4.0,87.2,2.0,1.0,4.12,0.0,upi,Home & Kitchen,0
916.73,63.0,81.06,0.0,1.0,4.16,0.0,upi,Electronics,0
1231.47,70.0,94.7,0.0,0.0,4.51,0.0,cod,Electronics,0
813.87,410.0,90.94,1.0,0.0,3.98,0.0,upi,Fashion,0
1450.45,8.0,75.49,0.0,0.0,3.72,0.0,upi,Fashion,0
486.11,382.0,64.28,0.0,1.0,3.94,0.0,upi,Fashion,0
638.83,368.0,96.69,0.0,1.0,4.28,0.0,upi,Electronics,0
1105.54,144.0,25.57,1.0,1.0,1.54,1.0,card,Home & Kitchen,1
312.17,7.0,87.97,0.0,1.0,4.32,0.0,card,Food & Beverage,0
1332.4,43.0,60.44,0.0,3.0,2.81,0.0,card,Grocery,0
330.34,256.0,69.39,1.0,0.0,3.22,0.0,upi,Grocery,0
2285.86,167.0,56.79,1.0,0.0,2.87,0.0,upi,Beauty,0
490.42,133.0,75.74,1.0,3.0,3.7,0.0,upi,Food & Beverage,0
2157.81,502.0,48.35,0.0,1.0,2.6,0.0,upi,Electronics,0
1265.15,425.0,80.44,0.0,1.0,4.69,0.0,card,Fashion,0
264.08,168.0,59.39,0.0,2.0,3.04,0.0,upi,Electronics,0
398.44,213.0,77.88,0.0,4.0,3.71,0.0,upi,Food & Beverage,0
291.16,162.0,77.68,0.0,3.0,4.0,0.0,upi,Fashion,0
631.39,60.0,61.23,0.0,0.0,2.87,0.0,card,Fashion,0
1440.6,124.0,78.57,0.0,1.0,3.79,0.0,upi,Pharmacy,0
1981.46,87.0,50.4,0.0,0.0,2.32,0.0,upi,Electronics,0
359.32,873.0,39.41,1.0,2.0,2.26,0.0,upi,Fashion,0
322.83,445.0,51.19,0.0,0.0,2.82,1.0,card,Fashion,0
1010.52,85.0,76.55,1.0,0.0,3.78,0.0,upi,Food & Beverage,0
271.09,147.0,88.31,0.0,2.0,3.98,0.0,upi,Electronics,0
1425.54,77.0,94.33,0.0,1.0,4.45,0.0,cod,Books,0
1190.48,436.0,89.6,0.0,3.0,4.47,0.0,wallet,Home & Kitchen,0
823.58,112.0,32.98,0.0,1.0,2.0,1.0,card,Books,0
1387.96,5.0,84.45,1.0,1.0,3.32,0.0,upi,Electronics,0
1358.39,60.0,57.76,0.0,0.0,2.96,0.0,cod,Electronics,0
394.38,49.0,83.68,0.0,2.0,4.39,0.0,upi,Grocery,0
315.52,41.0,90.92,0.0,1.0,4.76,0.0,card,Books,0
755.13,36.0,26.2,0.0,3.0,1.53,1.0,card,Pharmacy,1
1409.8,139.0,75.94,0.0,1.0,4.12,0.0,card,Food & Beverage,0
378.51,23.0,91.77,0.0,1.0,4.52,0.0,upi,Grocery,0
330.51,71.0,85.94,0.0,1.0,4.52,0.0,upi,Grocery,0
344.5,296.0,80.51,0.0,1.0,3.47,0.0,upi,Beauty,0
573.31,32.0,78.35,0.0,2.0,3.78,0.0,upi,Books,0
88.46,198.0,79.69,2.0,1.0,4.09,0.0,card,Fashion,0
422.48,237.0,40.84,1.0,1.0,1.89,1.0,upi,Books,1
1066.64,70.0,42.77,0.0,1.0,1.84,0.0,cod,Food & Beverage,0
1404.61,477.0,90.87,2.0,1.0,4.35,0.0,cod,Pharmacy,0
2714.91,50.0,84.46,1.0,0.0,4.42,0.0,card,Books,0
733.86,327.0,85.23,0.0,2.0,4.23,0.0,cod,Beauty,0
511.47,49.0,91.06,0.0,0.0,4.54,0.0,upi,Beauty,0
2351.6,42.0,93.73,0.0,0.0,4.8,0.0,card,Books,0
795.62,14.0,89.56,0.0,1.0,4.56,0.0,card,Fashion,0
811.63,276.0,69.85,0.0,2.0,3.93,0.0,card,Electronics,0
1737.33,94.0,79.08,2.0,0.0,4.31,0.0,card,Beauty,0
217.35,60.0,57.72,0.0,1.0,3.01,0.0,upi,Food & Beverage,0
839.86,260.0,24.09,0.0,2.0,1.12,1.0,card,Electronics,1
291.8,474.0,77.3,0.0,1.0,4.27,0.0,upi,Books,0
173.11,514.0,35.01,0.0,2.0,2.26,0.0,upi,Books,0
397.82,188.0,50.16,0.0,0.0,2.05,0.0,upi,Home & Kitchen,0
2077.51,302.0,39.94,0.0,1.0,1.98,0.0,card,Books,0
218.51,62.0,56.79,0.0,1.0,2.79,0.0,upi,Fashion,0
572.01,3.0,80.66,0.0,1.0,3.75,0.0,card,Food & Beverage,0
1321.12,25.0,87.46,0.0,2.0,4.23,0.0,card,Home & Kitchen,0
416.69,232.0,77.07,2.0,1.0,3.74,0.0,cod,Food & Beverage,0
2687.12,1041.0,59.73,0.0,1.0,3.31,0.0,wallet,Books,0
774.16,1433.0,75.48,1.0,1.0,3.36,0.0,upi,Grocery,0
201.22,16.0,50.12,1.0,2.0,2.58,0.0,wallet,Pharmacy,0
392.04,53.0,73.18,1.0,0.0,3.43,0.0,upi,Fashion,0
213.2,8.0,74.52,0.0,2.0,4.1,0.0,upi,Beauty,0
431.06,404.0,87.38,0.0,0.0,4.41,0.0,card,Pharmacy,0
630.74,46.0,37.14,0.0,2.0,2.14,0.0,upi,Grocery,0
1339.47,81.0,86.92,0.0,1.0,4.38,0.0,upi,Pharmacy,0
3047.56,37.0,69.73,0.0,0.0,3.01,0.0,card,Pharmacy,0
647.91,2.0,85.18,1.0,1.0,4.1,0.0,card,Beauty,0
1198.55,83.0,28.74,0.0,3.0,1.96,1.0,upi,Fashion,0
714.73,2.0,89.87,0.0,2.0,4.67,0.0,upi,Fashion,0
375.02,240.0,34.07,0.0,0.0,2.31,1.0,cod,Books,0
474.52,124.0,79.68,0.0,2.0,4.45,0.0,card,Books,0
1954.06,27.0,67.58,1.0,0.0,3.2,0.0,card,Beauty,0
548.18,385.0,83.67,1.0,1.0,3.79,0.0,wallet,Food & Beverage,0
2195.06,352.0,98.05,0.0,0.0,5.0,0.0,wallet,Beauty,0
823.12,102.0,75.7,2.0,2.0,4.1,0.0,upi,Beauty,0
874.34,18.0,73.94,1.0,0.0,3.71,0.0,upi,Books,0
1695.73,5.0,88.94,0.0,0.0,4.01,0.0,cod,Grocery,0
919.83,235.0,74.44,0.0,1.0,3.56,0.0,upi,Food & Beverage,0
80.24,403.0,61.9,0.0,2.0,3.15,0.0,upi,Electronics,0
437.09,33.0,64.38,1.0,0.0,3.45,0.0,upi,Home & Kitchen,0
867.55,516.0,94.38,0.0,0.0,4.42,0.0,cod,Beauty,0
940.75,229.0,79.75,0.0,1.0,4.3,0.0,upi,Beauty,0
924.51,205.0,61.53,0.0,0.0,3.32,0.0,upi,Food & Beverage,0
733.73,34.0,91.1,0.0,1.0,4.8,0.0,upi,Books,0
847.07,448.0,96.43,2.0,0.0,4.98,0.0,card,Electronics,0
1806.3,382.0,70.54,0.0,0.0,2.88,0.0,upi,Books,0
589.22,15.0,80.8,0.0,2.0,4.14,0.0,card,Home & Kitchen,0
735.32,43.0,91.25,0.0,2.0,4.45,0.0,cod,Home & Kitchen,0
1449.08,446.0,53.9,0.0,1.0,2.87,0.0,upi,Home & Kitchen,0
1488.38,459.0,26.9,0.0,1.0,1.0,1.0,upi,Fashion,0
309.47,74.0,59.07,0.0,0.0,2.35,0.0,card,Home & Kitchen,0
149.08,6.0,62.28,0.0,2.0,3.29,0.0,card,Food & Beverage,0
1282.97,236.0,94.74,1.0,2.0,4.47,0.0,upi,Grocery,0
1040.86,118.0,16.42,0.0,0.0,1.0,0.0,card,Electronics,0
785.73,90.0,94.41,0.0,0.0,4.4,0.0,upi,Beauty,0
1364.53,446.0,90.13,1.0,1.0,4.46,0.0,upi,Home & Kitchen,0
670.0,55.0,45.0,0.0,2.0,2.59,0.0,cod,Pharmacy,1
1010.25,309.0,28.19,0.0,1.0,1.42,1.0,card,Grocery,0
549.62,95.0,66.16,0.0,3.0,3.13,0.0,card,Fashion,0
429.34,80.0,82.72,0.0,0.0,4.06,0.0,upi,Food & Beverage,0
656.05,716.0,94.51,1.0,1.0,4.95,0.0,wallet,Fashion,0
224.42,9.0,69.42,1.0,0.0,3.64,0.0,upi,Grocery,0
402.6,222.0,79.13,0.0,1.0,4.17,0.0,upi,Electronics,0
765.01,51.0,77.52,0.0,3.0,4.4,0.0,upi,Beauty,0
1032.64,754.0,32.13,0.0,2.0,1.62,1.0,cod,Beauty,0
1673.48,8.0,61.07,1.0,1.0,3.27,0.0,wallet,Books,0
733.14,270.0,83.16,1.0,0.0,3.52,0.0,wallet,Books,0
420.17,94.0,41.76,0.0,0.0,2.14,1.0,upi,Fashion,0
293.66,43.0,52.43,0.0,2.0,2.22,0.0,card,Electronics,0
1589.66,246.0,54.05,0.0,3.0,2.51,1.0,card,Food & Beverage,1
873.95,396.0,56.65,2.0,1.0,2.69,0.0,upi,Books,0
708.8,252.0,48.72,0.0,1.0,2.43,1.0,cod,Electronics,0
893.61,56.0,57.2,0.0,0.0,2.69,0.0,cod,Books,0
1374.98,263.0,98.95,0.0,1.0,4.83,0.0,upi,Electronics,0
2008.53,29.0,77.73,0.0,1.0,4.08,0.0,upi,Pharmacy,0
258.03,43.0,84.38,1.0,0.0,4.25,0.0,upi,Electronics,0
666.44,134.0,94.11,0.0,0.0,4.69,0.0,cod,Pharmacy,0
1294.62,2.0,92.32,0.0,1.0,4.61,0.0,wallet,Food & Beverage,0
275.4,50.0,93.5,0.0,3.0,4.61,0.0,card,Food & Beverage,0
2500.85,476.0,84.47,0.0,1.0,4.52,0.0,upi,Pharmacy,0
660.8,35.0,76.25,0.0,2.0,3.78,0.0,card,Beauty,0
2734.19,305.0,82.86,0.0,1.0,4.82,0.0,upi,Food & Beverage,0
243.36,387.0,80.45,0.0,6.0,4.16,0.0,cod,Books,1
1551.46,84.0,63.77,0.0,2.0,3.41,0.0,cod,Fashion,0
473.34,171.0,41.15,0.0,1.0,1.96,0.0,upi,Electronics,0
800.24,376.0,91.72,0.0,1.0,4.75,0.0,upi,Electronics,0
1199.81,23.0,70.68,0.0,2.0,3.84,0.0,upi,Pharmacy,0
1466.89,318.0,88.45,1.0,3.0,4.49,0.0,card,Beauty,0
1072.04,405.0,83.85,3.0,3.0,4.08,0.0,upi,Home & Kitchen,0
771.32,530.0,64.2,1.0,2.0,3.54,0.0,card,Grocery,0
880.66,155.0,88.69,0.0,3.0,5.0,0.0,card,Electronics,0
3762.02,483.0,38.79,0.0,1.0,1.49,0.0,card,Home & Kitchen,1
1630.94,176.0,84.21,0.0,1.0,4.07,0.0,cod,Fashion,0
370.03,44.0,81.86,0.0,1.0,4.08,0.0,card,Books,0
868.29,223.0,77.77,0.0,2.0,3.78,0.0,cod,Home & Kitchen,0
1114.83,121.0,61.73,0.0,2.0,3.07,0.0,wallet,Pharmacy,0
106.66,339.0,73.09,0.0,1.0,3.35,0.0,upi,Books,0
1763.34,199.0,47.27,0.0,6.0,2.64,0.0,upi,Beauty,0
400.9,123.0,90.93,0.0,2.0,4.55,0.0,upi,Grocery,0
505.05,131.0,54.19,0.0,1.0,2.78,1.0,cod,Electronics,0
313.86,137.0,71.95,1.0,3.0,3.51,0.0,card,Fashion,0
1560.65,446.0,73.74,0.0,0.0,3.48,0.0,card,Home & Kitchen,0
1240.94,106.0,86.12,1.0,3.0,4.11,0.0,card,Grocery,0
1617.7,128.0,85.58,0.0,0.0,4.76,0.0,card,Beauty,0
2114.64,215.0,35.75,0.0,2.0,1.49,0.0,upi,Food & Beverage,1
950.88,147.0,70.14,0.0,2.0,3.39,0.0,upi,Beauty,0
561.0,259.0,79.71,0.0,0.0,3.44,0.0,wallet,Food & Beverage,0
962.86,228.0,56.02,0.0,1.0,2.95,0.0,upi,Beauty,0
501.94,390.0,72.45,0.0,2.0,3.89,0.0,upi,Food & Beverage,0
1183.66,743.0,62.13,0.0,5.0,2.58,0.0,cod,Books,1
1803.95,653.0,70.68,0.0,0.0,3.32,0.0,cod,Pharmacy,0
421.8,73.0,53.85,0.0,1.0,2.45,0.0,card,Electronics,0
968.68,37.0,45.79,1.0,1.0,2.18,0.0,card,Food & Beverage,0
757.48,102.0,77.85,1.0,1.0,4.06,0.0,wallet,Home & Kitchen,0
796.4,225.0,77.32,0.0,1.0,3.86,0.0,card,Books,0
1541.15,113.0,75.07,0.0,3.0,3.75,0.0,cod,Electronics,1
1128.33,259.0,59.62,1.0,1.0,2.55,0.0,wallet,Beauty,0
669.41,207.0,72.94,1.0,0.0,3.63,0.0,upi,Home & Kitchen,0
731.71,237.0,68.92,0.0,0.0,3.73,0.0,card,Beauty,0
876.55,1263.0,21.46,0.0,0.0,1.1,1.0,wallet,Grocery,0
837.53,232.0,59.33,0.0,0.0,2.37,0.0,upi,Books,0
875.61,421.0,74.04,0.0,0.0,4.08,0.0,upi,Fashion,0
1370.19,5.0,68.44,0.0,0.0,3.83,0.0,upi,Fashion,0
309.23,191.0,88.78,0.0,5.0,4.61,0.0,cod,Home & Kitchen,0
1138.04,392.0,85.9,0.0,2.0,4.57,0.0,card,Fashion,0
1223.72,172.0,82.22,0.0,0.0,4.26,0.0,upi,Pharmacy,0
2631.76,452.0,72.42,0.0,0.0,3.82,0.0,card,Home & Kitchen,0
768.85,513.0,36.7,0.0,3.0,1.66,0.0,card,Books,0
1124.91,213.0,74.06,0.0,0.0,3.94,0.0,upi,Fashion,0
1532.78,37.0,91.8,0.0,2.0,3.92,0.0,upi,Beauty,0
1108.88,503.0,58.65,0.0,2.0,2.88,0.0,upi,Food & Beverage,0
158.08,321.0,32.53,1.0,1.0,1.9,1.0,upi,Food & Beverage,1
173.87,949.0,61.31,0.0,1.0,3.51,0.0,card,Food & Beverage,0
719.49,17.0,53.18,0.0,0.0,2.78,0.0,wallet,Home & Kitchen,0
827.82,47.0,85.39,0.0,1.0,4.63,0.0,cod,Books,0
1031.32,2.0,45.34,0.0,1.0,2.25,1.0,upi,Fashion,0
290.35,83.0,69.46,0.0,2.0,3.66,0.0,card,Food & Beverage,0
1251.09,279.0,59.51,1.0,1.0,3.19,0.0,upi,Electronics,0
293.87,34.0,82.81,0.0,0.0,3.43,0.0,upi,Beauty,0
1098.16,66.0,81.25,0.0,2.0,4.3,0.0,upi,Home & Kitchen,0
374.41,62.0,87.47,0.0,0.0,4.41,0.0,cod,Pharmacy,0
1207.28,145.0,79.2,0.0,2.0,4.03,0.0,upi,Food & Beverage,0
1538.37,203.0,91.53,0.0,3.0,4.85,0.0,upi,Grocery,0
448.92,181.0,81.15,0.0,1.0,3.9,0.0,upi,Beauty,0
1085.9,284.0,76.8,1.0,1.0,3.85,0.0,card,Books,0
927.13,144.0,40.28,0.0,0.0,2.04,1.0,upi,Electronics,0
432.32,26.0,88.2,0.0,1.0,4.53,0.0,upi,Food & Beverage,0
280.49,87.0,88.94,1.0,2.0,3.8,0.0,cod,Pharmacy,0
1268.38,198.0,57.13,0.0,2.0,3.06,0.0,upi,Grocery,0
2397.3,132.0,77.79,0.0,1.0,4.1,0.0,card,Grocery,0
668.55,355.0,55.19,0.0,2.0,2.37,0.0,wallet,Fashion,0
160.95,602.0,86.76,0.0,0.0,4.12,0.0,cod,Electronics,0
106.36,136.0,34.47,0.0,2.0,2.06,1.0,card,Fashion,0
871.03,113.0,87.45,0.0,2.0,4.08,0.0,wallet,Electronics,0
226.04,60.0,55.01,0.0,2.0,3.2,0.0,upi,Food & Beverage,0
189.62,33.0,27.69,0.0,1.0,1.1,1.0,wallet,Pharmacy,1
424.36,365.0,76.55,0.0,2.0,4.12,0.0,upi,Electronics,0
1245.5,47.0,91.74,0.0,2.0,4.3,0.0,upi,Fashion,0
1175.54,37.0,91.97,2.0,2.0,4.85,0.0,card,Pharmacy,0
1298.36,53.0,75.77,0.0,1.0,3.86,0.0,cod,Books,0
549.22,258.0,94.51,0.0,0.0,4.8,0.0,upi,Books,0
579.93,78.0,42.36,1.0,2.0,1.81,1.0,upi,Grocery,1
1607.53,291.0,88.97,0.0,0.0,4.45,0.0,upi,Beauty,0
640.28,23.0,82.67,1.0,0.0,3.9,0.0,upi,Books,0
275.55,35.0,87.78,0.0,1.0,4.12,0.0,wallet,Books,0
442.54,90.0,50.79,0.0,0.0,2.94,0.0,card,Grocery,0
1312.82,40.0,93.52,1.0,0.0,5.0,0.0,card,Grocery,0
1071.15,500.0,21.57,0.0,1.0,1.0,1.0,upi,Books,1
711.17,45.0,97.6,0.0,2.0,5.0,0.0,wallet,Electronics,0
212.56,201.0,75.0,0.0,1.0,4.03,0.0,upi,Electronics,0
1065.2,447.0,67.97,0.0,0.0,3.21,0.0,upi,Electronics,0
616.49,214.0,81.22,0.0,2.0,3.8,0.0,upi,Grocery,0
272.5,330.0,79.41,0.0,2.0,3.97,0.0,card,Home & Kitchen,0
1291.27,156.0,76.79,1.0,2.0,3.84,0.0,cod,Fashion,0
642.19,263.0,94.19,3.0,2.0,3.95,0.0,cod,Grocery,0
841.26,32.0,55.1,0.0,2.0,2.83,0.0,upi,Fashion,0
1771.16,272.0,45.17,0.0,2.0,2.5,0.0,card,Fashion,0
997.47,470.0,61.95,0.0,0.0,3.25,0.0,cod,Pharmacy,0
1226.99,249.0,30.09,1.0,1.0,1.43,1.0,upi,Electronics,1
801.58,57.0,51.69,3.0,0.0,2.15,0.0,upi,Books,0
1396.92,277.0,84.86,1.0,0.0,4.38,0.0,upi,Grocery,0
324.52,116.0,63.59,1.0,1.0,2.95,0.0,cod,Home & Kitchen,0
212.48,204.0,46.72,0.0,2.0,2.24,0.0,cod,Books,0
296.64,150.0,99.35,0.0,2.0,4.97,0.0,cod,Fashion,0
583.19,431.0,84.62,0.0,1.0,4.47,0.0,card,Food & Beverage,0
1226.0,46.0,74.53,0.0,0.0,4.04,0.0,upi,Fashion,0
529.78,79.0,26.24,0.0,0.0,1.37,1.0,card,Grocery,0
1201.32,695.0,22.51,0.0,0.0,1.14,0.0,cod,Books,1
872.82,160.0,32.34,0.0,1.0,1.85,0.0,card,Food & Beverage,0
2669.37,37.0,85.35,0.0,1.0,4.0,0.0,cod,Grocery,0
890.12,69.0,91.01,0.0,2.0,4.35,0.0,upi,Beauty,0
487.72,14.0,93.73,0.0,1.0,5.0,0.0,card,Home & Kitchen,0
1119.47,260.0,79.09,0.0,2.0,4.39,0.0,cod,Pharmacy,0
828.42,38.0,71.9,2.0,1.0,3.07,0.0,card,Electronics,0
325.08,59.0,81.03,0.0,1.0,3.9,0.0,upi,Fashion,0
703.71,713.0,43.31,0.0,2.0,2.44,0.0,upi,Fashion,0
692.99,3.0,73.57,0.0,0.0,3.79,0.0,upi,Food & Beverage,0
722.78,133.0,94.86,1.0,0.0,4.7,0.0,cod,Fashion,0
342.95,49.0,76.67,0.0,3.0,3.47,0.0,card,Fashion,0
2419.89,196.0,51.93,0.0,3.0,2.44,1.0,wallet,Food & Beverage,0
231.14,594.0,77.71,0.0,0.0,3.63,0.0,upi,Electronics,0
1793.02,462.0,98.23,1.0,1.0,5.0,0.0,upi,Fashion,0
775.74,91.0,60.94,0.0,3.0,2.82,0.0,card,Home & Kitchen,0
391.63,31.0,71.59,0.0,2.0,3.62,0.0,upi,Books,0
2173.22,109.0,47.69,0.0,2.0,2.51,1.0,card,Fashion,1
81.97,222.0,89.59,0.0,0.0,4.45,0.0,upi,Pharmacy,0
387.78,2.0,62.78,0.0,2.0,3.13,0.0,upi,Fashion,0
669.94,265.0,65.82,1.0,1.0,2.91,0.0,upi,Fashion,0
431.64,170.0,24.21,0.0,1.0,1.09,1.0,wallet,Books,0
729.07,654.0,94.85,0.0,1.0,4.65,0.0,card,Grocery,0
1163.24,383.0,96.05,0.0,1.0,4.62,0.0,card,Electronics,0
279.3,184.0,85.94,0.0,2.0,4.71,0.0,cod,Electronics,0
924.2,303.0,46.35,1.0,1.0,2.89,0.0,cod,Electronics,0
1240.13,135.0,56.89,1.0,1.0,3.14,0.0,card,Beauty,0
304.5,20.0,87.26,1.0,4.0,4.82,0.0,card,Electronics,0
872.46,96.0,93.79,0.0,0.0,4.5,0.0,upi,Food & Beverage,0
688.43,8.0,70.41,0.0,1.0,3.46,0.0,cod,Pharmacy,0
355.62,14.0,66.83,0.0,1.0,3.08,0.0,upi,Home & Kitchen,0
382.24,87.0,89.27,1.0,0.0,4.5,0.0,upi,Home & Kitchen,0
385.69,79.0,47.02,1.0,2.0,2.08,0.0,wallet,Home & Kitchen,0
544.53,129.0,20.38,0.0,2.0,1.0,0.0,card,Home & Kitchen,0
550.21,544.0,27.41,0.0,3.0,1.0,1.0,card,Books,1
1836.59,75.0,22.3,0.0,0.0,1.25,1.0,card,Fashion,0
971.17,739.0,59.6,0.0,2.0,3.33,0.0,upi,Home & Kitchen,0
991.06,262.0,45.64,0.0,1.0,2.6,0.0,cod,Fashion,0
841.45,193.0,80.13,1.0,1.0,4.24,0.0,card,Electronics,0
891.18,191.0,40.09,0.0,0.0,2.25,1.0,card,Beauty,0
1038.1,159.0,39.03,0.0,2.0,1.86,1.0,upi,Electronics,0
318.78,238.0,61.11,0.0,2.0,2.58,0.0,wallet,Pharmacy,0
710.72,380.0,70.46,0.0,1.0,3.2,0.0,card,Food & Beverage,0
394.93,16.0,44.51,0.0,2.0,2.13,0.0,upi,Pharmacy,0
1451.26,296.0,41.36,0.0,2.0,1.42,1.0,cod,Home & Kitchen,1
508.16,70.0,80.74,0.0,2.0,4.21,0.0,upi,Pharmacy,0
1047.36,384.0,41.84,0.0,1.0,2.22,1.0,card,Food & Beverage,0
1177.8,783.0,66.92,0.0,2.0,3.51,0.0,upi,Home & Kitchen,0
931.34,371.0,90.73,1.0,2.0,4.81,0.0,upi,Beauty,0
863.94,124.0,28.82,0.0,1.0,1.0,1.0,upi,Fashion,1
772.41,128.0,85.34,0.0,1.0,4.03,0.0,upi,Electronics,0
1216.36,390.0,34.48,0.0,0.0,1.38,1.0,cod,Grocery,0
418.72,134.0,65.33,0.0,4.0,3.09,0.0,wallet,Electronics,0
981.58,327.0,87.7,0.0,2.0,4.17,0.0,upi,Fashion,0
180.2,172.0,57.77,0.0,4.0,2.24,0.0,card,Electronics,0
490.24,89.0,30.57,0.0,0.0,1.74,1.0,wallet,Food & Beverage,0
538.12,24.0,53.18,1.0,1.0,3.06,1.0,upi,Grocery,0
249.13,322.0,76.54,0.0,1.0,3.61,0.0,wallet,Fashion,0
864.98,71.0,87.07,0.0,1.0,4.16,0.0,card,Beauty,0
440.02,336.0,86.89,0.0,1.0,4.6,0.0,upi,Electronics,0
1646.98,117.0,48.35,0.0,1.0,2.4,0.0,cod,Food & Beverage,0
646.3,79.0,79.4,0.0,3.0,4.14,0.0,upi,Pharmacy,0
1158.9,45.0,92.35,2.0,0.0,4.31,0.0,card,Pharmacy,0
1471.6,48.0,76.84,1.0,0.0,4.02,0.0,upi,Food & Beverage,0
1064.35,24.0,73.73,2.0,1.0,3.8,0.0,card,Books,0
581.33,45.0,86.68,0.0,0.0,4.2,0.0,card,Beauty,0
769.82,506.0,69.77,1.0,1.0,3.47,0.0,card,Books,0
250.62,95.0,52.65,0.0,3.0,1.99,0.0,upi,Books,0
1171.78,512.0,88.07,0.0,3.0,4.32,0.0,cod,Books,0
2738.24,132.0,85.85,0.0,0.0,4.3,0.0,wallet,Food & Beverage,0
1393.19,195.0,83.38,1.0,2.0,4.04,0.0,cod,Food & Beverage,0
562.45,121.0,60.3,0.0,3.0,2.76,0.0,card,Books,0
602.17,76.0,83.1,0.0,2.0,4.57,0.0,card,Home & Kitchen,0
1432.9,25.0,78.22,0.0,3.0,4.28,0.0,wallet,Electronics,0
283.92,542.0,28.42,1.0,3.0,1.43,1.0,upi,Fashion,1
456.95,183.0,61.22,1.0,1.0,3.17,0.0,cod,Fashion,0
487.03,182.0,70.33,0.0,2.0,2.97,0.0,card,Grocery,0
170.71,432.0,75.63,0.0,0.0,3.44,0.0,cod,Beauty,0
1016.95,92.0,92.4,0.0,2.0,4.48,0.0,upi,Books,0
568.66,142.0,94.77,1.0,1.0,4.42,0.0,upi,Books,0
572.31,508.0,67.39,1.0,0.0,3.67,0.0,wallet,Fashion,0
837.65,151.0,96.55,2.0,1.0,4.64,0.0,upi,Home & Kitchen,0
219.72,120.0,47.01,0.0,1.0,1.99,0.0,wallet,Electronics,0
719.93,44.0,25.28,0.0,2.0,1.86,0.0,cod,Home & Kitchen,0
216.69,42.0,66.7,1.0,0.0,3.89,0.0,upi,Grocery,0
1015.32,113.0,85.71,1.0,2.0,4.51,0.0,card,Grocery,0
1558.96,18.0,73.04,0.0,2.0,3.07,0.0,cod,Electronics,0
1167.78,693.0,90.35,1.0,1.0,4.96,0.0,upi,Pharmacy,0
492.76,194.0,36.27,0.0,0.0,2.25,1.0,card,Food & Beverage,0
1083.46,191.0,74.53,0.0,3.0,3.21,0.0,wallet,Food & Beverage,0
631.22,120.0,57.7,1.0,1.0,2.21,0.0,upi,Books,0
807.35,370.0,86.1,0.0,4.0,4.14,0.0,wallet,Grocery,0
1042.1,290.0,70.99,1.0,2.0,3.66,0.0,upi,Fashion,0
75.74,699.0,81.3,1.0,1.0,4.49,0.0,cod,Beauty,0
183.65,259.0,82.44,0.0,1.0,3.56,0.0,upi,Food & Beverage,0
664.47,13.0,27.53,0.0,0.0,1.92,1.0,card,Grocery,0
411.96,369.0,53.47,0.0,0.0,2.17,0.0,upi,Beauty,0
735.42,114.0,65.45,0.0,2.0,3.53,0.0,wallet,Electronics,0
825.5,99.0,46.59,0.0,1.0,2.32,0.0,cod,Fashion,0
495.77,51.0,94.8,0.0,4.0,5.0,0.0,cod,Pharmacy,0
589.78,254.0,73.2,0.0,1.0,3.77,0.0,wallet,Fashion,0
343.42,426.0,52.35,1.0,0.0,2.6,1.0,cod,Pharmacy,1
896.65,99.0,39.27,0.0,0.0,2.17,0.0,upi,Home & Kitchen,0
1263.74,160.0,81.57,0.0,1.0,3.84,0.0,wallet,Books,0
225.89,195.0,38.91,0.0,0.0,1.91,1.0,upi,Electronics,0
1221.28,156.0,86.4,0.0,2.0,3.92,0.0,cod,Electronics,0
978.24,157.0,47.73,0.0,2.0,2.61,1.0,cod,Pharmacy,1
1161.14,115.0,64.2,0.0,1.0,3.56,0.0,card,Books,0
1583.05,309.0,72.5,0.0,2.0,3.76,0.0,card,Grocery,0
496.49,221.0,76.51,0.0,2.0,3.89,0.0,upi,Beauty,0
1430.97,119.0,86.88,0.0,2.0,4.25,0.0,card,Books,0
1600.14,145.0,89.06,1.0,0.0,5.0,0.0,upi,Food & Beverage,0
248.68,774.0,21.16,0.0,1.0,1.05,1.0,wallet,Food & Beverage,1
827.55,480.0,86.73,0.0,5.0,3.87,0.0,upi,Beauty,0
804.82,334.0,79.9,1.0,2.0,4.16,0.0,cod,Fashion,0
1664.84,155.0,87.7,0.0,2.0,4.4,0.0,cod,Pharmacy,0
3220.06,162.0,63.58,0.0,3.0,3.8,0.0,card,Home & Kitchen,0
1169.93,122.0,38.29,1.0,4.0,1.91,1.0,card,Fashion,1
2456.24,240.0,70.86,0.0,1.0,3.14,0.0,upi,Home & Kitchen,0
430.18,121.0,91.67,0.0,1.0,5.0,0.0,cod,Electronics,0
1097.86,104.0,62.58,0.0,1.0,3.22,0.0,upi,Books,0
723.84,151.0,80.07,0.0,0.0,3.83,0.0,cod,Electronics,0
1029.63,115.0,90.09,0.0,1.0,5.0,0.0,upi,Home & Kitchen,0
1183.2,370.0,43.26,0.0,1.0,2.15,1.0,cod,Home & Kitchen,1
1320.26,411.0,55.53,0.0,1.0,2.61,0.0,cod,Books,0
597.09,302.0,30.99,1.0,1.0,1.84,0.0,cod,Home & Kitchen,0
678.91,100.0,50.01,0.0,1.0,2.79,0.0,upi,Food & Beverage,0
1251.14,273.0,79.76,0.0,1.0,4.26,0.0,cod,Beauty,0
933.71,73.0,93.84,1.0,0.0,5.0,0.0,card,Food & Beverage,0
463.08,100.0,54.91,0.0,1.0,2.18,0.0,upi,Home & Kitchen,0
692.41,339.0,46.68,0.0,1.0,2.58,0.0,card,Pharmacy,0
1499.5,78.0,69.71,0.0,1.0,3.51,0.0,upi,Books,0
369.32,149.0,58.26,1.0,2.0,2.95,0.0,upi,Pharmacy,0
744.62,106.0,49.2,0.0,1.0,2.31,0.0,upi,Home & Kitchen,0
275.84,346.0,56.54,1.0,1.0,2.7,0.0,card,Home & Kitchen,0
1587.06,55.0,91.16,0.0,0.0,4.48,0.0,cod,Beauty,0
3325.15,566.0,50.34,2.0,2.0,2.56,0.0,upi,Grocery,0
1868.2,201.0,94.32,0.0,1.0,4.06,0.0,wallet,Electronics,0
520.98,564.0,66.08,0.0,2.0,3.52,0.0,upi,Beauty,0
518.96,134.0,78.37,0.0,2.0,4.21,0.0,card,Fashion,0
1531.66,139.0,20.76,0.0,1.0,1.18,1.0,cod,Food & Beverage,1
1408.71,18.0,84.15,0.0,1.0,4.38,0.0,cod,Fashion,0
2045.7,420.0,53.88,1.0,1.0,2.98,0.0,upi,Grocery,0
771.81,404.0,80.23,1.0,1.0,4.08,0.0,cod,Home & Kitchen,0
329.24,481.0,79.39,0.0,0.0,4.63,0.0,cod,Home & Kitchen,0
784.76,13.0,90.41,3.0,1.0,4.52,0.0,upi,Fashion,0
704.27,60.0,50.89,0.0,2.0,2.84,0.0,cod,Fashion,1
2884.64,152.0,52.12,0.0,1.0,2.34,0.0,upi,Beauty,0
1194.26,285.0,77.86,0.0,2.0,3.85,0.0,upi,Home & Kitchen,0
184.52,212.0,92.45,0.0,2.0,4.95,0.0,upi,Pharmacy,0
1225.46,299.0,42.41,1.0,1.0,2.07,0.0,upi,Electronics,0
1597.3,216.0,81.93,0.0,0.0,3.93,0.0,upi,Food & Beverage,0
1437.88,79.0,70.18,1.0,0.0,3.61,0.0,upi,Pharmacy,0
1382.25,65.0,74.32,0.0,0.0,3.73,0.0,card,Electronics,0
921.82,38.0,58.38,1.0,1.0,2.64,0.0,upi,Pharmacy,0
679.92,809.0,83.68,0.0,1.0,4.07,0.0,card,Home & Kitchen,0
313.79,24.0,24.78,0.0,2.0,1.3,1.0,card,Home & Kitchen,0
2135.43,170.0,54.24,0.0,1.0,1.98,0.0,wallet,Beauty,0
1122.38,53.0,51.31,0.0,1.0,2.58,0.0,upi,Fashion,0
529.76,211.0,80.59,1.0,1.0,3.76,0.0,card,Books,0
853.46,109.0,69.13,0.0,1.0,3.38,0.0,cod,Fashion,0
316.18,294.0,36.45,0.0,2.0,1.44,0.0,card,Books,0
848.13,233.0,46.72,1.0,2.0,2.23,0.0,card,Electronics,0
1750.04,51.0,54.33,0.0,1.0,3.26,0.0,cod,Electronics,0
1229.12,73.0,70.35,1.0,0.0,3.21,0.0,card,Books,0
1561.28,161.0,76.44,1.0,0.0,3.62,0.0,card,Beauty,0
1485.18,27.0,94.36,2.0,1.0,4.61,0.0,upi,Electronics,0
1058.77,129.0,93.17,0.0,1.0,4.02,0.0,cod,Home & Kitchen,0
713.28,73.0,64.82,0.0,1.0,2.72,0.0,card,Home & Kitchen,0
605.55,73.0,64.16,2.0,1.0,3.37,0.0,cod,Food & Beverage,0
2038.85,200.0,84.82,0.0,5.0,4.06,0.0,upi,Beauty,0
1149.55,93.0,85.77,0.0,0.0,4.82,0.0,upi,Grocery,0
1092.2,74.0,88.51,1.0,1.0,4.14,0.0,cod,Pharmacy,0
1144.93,260.0,92.57,0.0,2.0,5.0,0.0,wallet,Food & Beverage,0
651.16,194.0,66.82,0.0,1.0,2.81,0.0,cod,Food & Beverage,0
1047.62,161.0,65.97,0.0,1.0,3.25,0.0,card,Electronics,0
491.76,404.0,94.43,1.0,2.0,4.45,0.0,cod,Home & Kitchen,0
566.9,208.0,61.64,0.0,0.0,3.31,0.0,upi,Grocery,0
1263.59,359.0,38.44,0.0,2.0,1.72,1.0,upi,Beauty,0
1122.12,301.0,92.78,0.0,2.0,4.47,0.0,card,Fashion,0
1290.55,121.0,70.62,0.0,0.0,3.5,0.0,wallet,Books,0
1414.79,67.0,52.8,0.0,0.0,3.4,1.0,upi,Electronics,0
656.09,133.0,20.61,0.0,2.0,1.44,1.0,card,Grocery,1
805.59,67.0,77.54,0.0,2.0,3.73,0.0,wallet,Pharmacy,0
1226.41,78.0,75.7,1.0,1.0,3.49,0.0,upi,Home & Kitchen,0
449.27,224.0,43.4,0.0,1.0,1.9,1.0,upi,Pharmacy,0
82.09,169.0,75.14,2.0,0.0,3.42,0.0,card,Electronics,0
222.6,57.0,76.1,0.0,2.0,4.11,0.0,upi,Food & Beverage,0
550.74,145.0,46.07,0.0,2.0,2.08,1.0,card,Grocery,0
663.85,165.0,87.8,1.0,3.0,4.75,0.0,upi,Home & Kitchen,0
1019.87,30.0,25.97,0.0,1.0,1.65,1.0,card,Electronics,0
1613.98,257.0,40.07,1.0,1.0,1.95,1.0,wallet,Pharmacy,0
692.08,147.0,90.54,2.0,1.0,4.08,0.0,card,Electronics,0
519.32,174.0,63.92,0.0,0.0,3.42,0.0,card,Home & Kitchen,0
314.71,443.0,92.04,1.0,0.0,4.22,0.0,wallet,Beauty,0
476.75,978.0,80.98,0.0,0.0,4.05,0.0,upi,Fashion,0
471.15,94.0,82.41,0.0,0.0,4.57,0.0,upi,Food & Beverage,0
883.3,261.0,66.3,0.0,1.0,2.58,0.0,cod,Fashion,0
472.78,23.0,66.93,0.0,1.0,3.26,0.0,card,Books,0
639.68,344.0,43.68,0.0,3.0,1.99,0.0,upi,Pharmacy,1
593.0,401.0,69.59,1.0,1.0,3.34,0.0,cod,Books,0
820.69,175.0,71.68,0.0,0.0,3.16,0.0,cod,Grocery,0
1183.4,132.0,73.05,1.0,0.0,4.27,0.0,upi,Books,0
1046.39,123.0,76.88,0.0,1.0,3.89,0.0,upi,Books,0
409.06,9.0,73.42,0.0,3.0,3.06,0.0,card,Beauty,0
540.56,57.0,77.57,1.0,0.0,3.99,0.0,upi,Books,0
1335.24,138.0,55.43,0.0,1.0,3.11,0.0,upi,Home & Kitchen,0
1549.5,290.0,45.64,2.0,2.0,2.26,0.0,upi,Home & Kitchen,0
281.32,70.0,65.72,3.0,3.0,3.77,0.0,upi,Home & Kitchen,0
251.84,412.0,51.73,0.0,1.0,1.96,0.0,upi,Pharmacy,0
2080.92,230.0,33.05,0.0,0.0,1.99,1.0,card,Books,1
317.45,166.0,89.99,0.0,1.0,4.42,0.0,wallet,Electronics,0
444.74,28.0,77.98,0.0,4.0,3.63,0.0,cod,Beauty,0
652.1,87.0,78.58,0.0,0.0,4.17,0.0,card,Home & Kitchen,0
431.82,453.0,76.99,0.0,1.0,4.08,0.0,card,Pharmacy,0
451.31,507.0,72.82,0.0,2.0,4.09,0.0,card,Home & Kitchen,0
452.74,526.0,90.72,0.0,2.0,4.98,0.0,upi,Grocery,0
881.86,301.0,94.61,2.0,1.0,4.75,0.0,upi,Food & Beverage,0
213.53,393.0,61.11,2.0,0.0,2.57,0.0,card,Books,0
1335.68,77.0,84.73,0.0,0.0,3.69,0.0,upi,Books,0
252.25,55.0,65.76,0.0,1.0,2.77,0.0,wallet,Beauty,0
1930.45,165.0,78.28,1.0,1.0,3.78,0.0,upi,Fashion,0
556.49,62.0,55.03,1.0,2.0,2.82,0.0,card,Beauty,0
520.99,42.0,30.9,0.0,1.0,1.71,0.0,upi,Food & Beverage,0
178.63,494.0,85.52,0.0,0.0,4.45,0.0,card,Food & Beverage,0
164.49,605.0,65.32,0.0,0.0,3.02,0.0,cod,Beauty,0
755.18,68.0,69.77,1.0,3.0,3.9,0.0,cod,Grocery,1
176.29,76.0,44.09,0.0,1.0,2.69,0.0,upi,Electronics,0
438.77,24.0,95.23,1.0,1.0,4.46,0.0,card,Grocery,0
1141.56,111.0,81.55,0.0,0.0,4.04,0.0,card,Beauty,0
865.72,26.0,90.71,0.0,0.0,4.74,0.0,upi,Books,0
610.21,560.0,66.41,0.0,0.0,3.76,0.0,cod,Beauty,0
805.98,359.0,58.98,1.0,1.0,3.13,0.0,card,Electronics,0
1159.92,400.0,44.43,0.0,0.0,2.04,0.0,card,Grocery,0
545.58,6.0,89.1,0.0,1.0,4.15,0.0,upi,Grocery,0
1310.88,1.0,58.28,0.0,2.0,2.59,0.0,card,Fashion,0
754.38,84.0,67.65,1.0,0.0,3.3,0.0,card,Books,0
1507.75,20.0,69.72,0.0,0.0,3.33,0.0,upi,Grocery,0
800.81,102.0,66.89,1.0,0.0,2.96,0.0,card,Home & Kitchen,0
253.59,41.0,62.31,1.0,0.0,3.33,0.0,upi,Home & Kitchen,0
431.03,288.0,67.72,0.0,1.0,3.28,0.0,card,Food & Beverage,0
731.39,11.0,87.46,0.0,1.0,4.5,0.0,upi,Beauty,0
3224.31,1.0,82.29,1.0,0.0,3.72,0.0,upi,Books,0
406.81,5.0,81.17,1.0,2.0,4.36,0.0,cod,Food & Beverage,0
2736.16,6.0,18.3,0.0,1.0,1.16,0.0,upi,Electronics,0
1398.0,463.0,79.98,0.0,2.0,4.35,0.0,wallet,Beauty,0
1440.84,339.0,37.18,1.0,1.0,1.82,0.0,cod,Grocery,0
1163.17,767.0,46.24,1.0,0.0,2.24,0.0,wallet,Pharmacy,0
2582.47,453.0,64.68,1.0,0.0,3.42,0.0,cod,Grocery,0
459.39,279.0,73.26,0.0,0.0,4.05,0.0,cod,Pharmacy,0
1367.62,190.0,85.45,1.0,1.0,4.26,0.0,upi,Fashion,0
291.56,41.0,76.58,1.0,1.0,3.36,0.0,cod,Pharmacy,0
462.98,37.0,64.52,1.0,1.0,3.09,0.0,upi,Electronics,0
1222.59,4.0,50.14,0.0,0.0,2.91,1.0,cod,Fashion,1
1462.48,36.0,21.7,0.0,0.0,1.32,1.0,card,Books,0
1014.5,3.0,68.39,0.0,1.0,3.51,0.0,upi,Beauty,0
154.02,423.0,61.63,1.0,2.0,2.95,0.0,wallet,Books,0
398.33,294.0,94.86,0.0,0.0,5.0,0.0,card,Food & Beverage,0
253.86,55.0,41.47,1.0,1.0,1.76,0.0,card,Home & Kitchen,0
700.86,129.0,92.88,0.0,2.0,4.65,0.0,cod,Fashion,0
250.04,151.0,66.2,0.0,1.0,3.45,0.0,wallet,Fashion,0
476.36,58.0,69.6,0.0,3.0,3.61,0.0,cod,Home & Kitchen,0
466.58,111.0,66.57,0.0,2.0,3.09,0.0,card,Home & Kitchen,0
1703.13,107.0,71.24,0.0,1.0,3.81,0.0,upi,Electronics,0
505.19,186.0,58.72,3.0,5.0,3.12,0.0,cod,Food & Beverage,1
2681.48,83.0,74.98,0.0,0.0,3.8,0.0,card,Electronics,0
560.82,249.0,71.29,0.0,1.0,3.69,0.0,card,Electronics,0
1108.81,103.0,81.3,1.0,3.0,3.9,0.0,card,Electronics,0
911.23,164.0,58.48,0.0,3.0,3.48,0.0,cod,Electronics,0
819.31,632.0,85.96,1.0,3.0,4.71,0.0,upi,Pharmacy,0
1380.25,124.0,82.68,0.0,0.0,3.94,0.0,upi,Fashion,0
738.42,243.0,71.88,0.0,3.0,3.55,0.0,upi,Grocery,0
476.11,541.0,64.28,0.0,3.0,3.56,0.0,cod,Beauty,0
1231.44,299.0,79.83,0.0,0.0,4.19,0.0,card,Home & Kitchen,0
344.78,195.0,78.03,0.0,0.0,3.94,0.0,card,Pharmacy,0
580.3,141.0,67.54,0.0,0.0,3.09,0.0,card,Electronics,0
1377.89,487.0,29.93,2.0,0.0,1.24,0.0,cod,Books,0
685.81,741.0,68.78,0.0,0.0,3.47,0.0,card,Electronics,0
1042.8,93.0,64.01,0.0,1.0,3.71,0.0,wallet,Grocery,0
928.03,50.0,79.6,0.0,2.0,4.34,0.0,card,Fashion,0
499.9,133.0,88.98,1.0,3.0,4.65,0.0,card,Fashion,0
704.54,110.0,91.26,0.0,0.0,4.8,0.0,upi,Books,0
331.86,226.0,44.06,2.0,3.0,1.53,0.0,upi,Fashion,1
1534.17,14.0,68.08,0.0,4.0,3.51,0.0,upi,Beauty,0
594.8,632.0,56.19,1.0,0.0,2.91,0.0,card,Grocery,0
1611.35,126.0,74.64,1.0,4.0,3.3,0.0,upi,Beauty,0
659.96,101.0,93.72,0.0,2.0,5.0,0.0,upi,Food & Beverage,0
1097.01,12.0,89.09,0.0,4.0,4.6,0.0,wallet,Pharmacy,0
335.72,11.0,28.07,0.0,1.0,1.58,0.0,upi,Home & Kitchen,0
1454.26,164.0,90.59,0.0,3.0,4.31,0.0,cod,Beauty,0
681.94,391.0,62.51,0.0,2.0,3.22,0.0,cod,Beauty,0
528.72,108.0,50.87,0.0,1.0,2.6,1.0,upi,Home & Kitchen,0
304.55,14.0,79.95,0.0,1.0,4.59,0.0,upi,Home & Kitchen,0
3661.15,113.0,56.17,1.0,1.0,3.11,0.0,cod,Books,0
260.98,111.0,89.12,0.0,1.0,4.53,0.0,upi,Fashion,0
2631.34,189.0,52.28,0.0,1.0,2.17,1.0,upi,Books,0
2111.57,90.0,23.25,1.0,2.0,1.0,1.0,card,Electronics,0
247.6,3.0,70.65,0.0,1.0,2.77,0.0,card,Home & Kitchen,0
729.86,339.0,60.47,0.0,2.0,2.93,0.0,upi,Books,0
682.43,333.0,80.29,1.0,1.0,4.18,0.0,upi,Electronics,0
746.43,492.0,45.1,0.0,2.0,2.29,0.0,upi,Grocery,0
925.53,122.0,68.23,0.0,0.0,3.62,0.0,wallet,Pharmacy,0
1629.52,249.0,52.48,1.0,0.0,3.28,1.0,wallet,Beauty,0
294.52,98.0,76.79,0.0,2.0,3.56,0.0,cod,Home & Kitchen,0
686.91,176.0,79.33,0.0,2.0,3.69,0.0,upi,Books,0
533.1,619.0,60.37,0.0,3.0,3.07,0.0,upi,Home & Kitchen,0
489.21,104.0,75.18,0.0,0.0,3.3,0.0,wallet,Fashion,0
770.16,104.0,74.74,1.0,1.0,3.73,0.0,cod,Home & Kitchen,0
636.56,27.0,60.1,0.0,0.0,2.88,0.0,upi,Home & Kitchen,0
101.74,77.0,36.65,0.0,1.0,1.46,0.0,upi,Pharmacy,0
935.94,21.0,71.69,0.0,0.0,3.2,0.0,card,Pharmacy,0
154.11,479.0,36.16,0.0,1.0,1.66,0.0,card,Home & Kitchen,0
1511.16,248.0,80.67,1.0,2.0,3.83,0.0,card,Fashion,0
830.05,149.0,52.73,1.0,1.0,2.54,0.0,wallet,Beauty,0
597.77,190.0,78.56,0.0,0.0,4.34,0.0,upi,Electronics,0
239.76,31.0,29.58,0.0,1.0,1.8,1.0,cod,Electronics,1
955.97,223.0,91.14,0.0,0.0,4.68,0.0,upi,Grocery,0
731.36,268.0,80.72,0.0,1.0,4.25,0.0,card,Fashion,0
768.71,332.0,65.29,0.0,1.0,2.97,0.0,card,Grocery,0
848.25,12.0,57.38,0.0,2.0,3.06,0.0,card,Pharmacy,0
1160.79,103.0,73.14,2.0,3.0,3.36,0.0,upi,Fashion,0
933.27,846.0,94.75,0.0,4.0,4.92,0.0,upi,Grocery,0
2010.01,249.0,89.7,1.0,1.0,5.0,0.0,cod,Pharmacy,0
1158.31,97.0,97.18,0.0,0.0,5.0,0.0,upi,Books,0
917.07,403.0,77.61,1.0,1.0,4.16,0.0,upi,Grocery,0
792.25,10.0,46.94,0.0,0.0,2.04,1.0,upi,Electronics,0
365.79,209.0,51.64,1.0,0.0,2.59,1.0,card,Food & Beverage,0
213.04,165.0,83.04,0.0,2.0,4.25,0.0,card,Food & Beverage,0
88.91,119.0,82.31,1.0,2.0,4.44,0.0,card,Home & Kitchen,0
1114.58,829.0,51.35,0.0,1.0,2.37,0.0,upi,Home & Kitchen,0
740.43,759.0,90.18,1.0,0.0,4.5,0.0,cod,Beauty,0
1180.31,300.0,61.78,0.0,1.0,3.59,0.0,upi,Beauty,0
1920.88,150.0,73.11,0.0,1.0,3.69,0.0,wallet,Fashion,0
689.37,241.0,24.51,0.0,3.0,1.0,1.0,upi,Food & Beverage,0
253.05,105.0,76.67,1.0,3.0,3.51,0.0,card,Pharmacy,0
1423.12,238.0,72.46,0.0,2.0,3.44,0.0,card,Home & Kitchen,0
644.34,169.0,50.78,1.0,3.0,2.25,0.0,card,Food & Beverage,0
473.99,19.0,85.77,0.0,1.0,4.39,0.0,cod,Electronics,0
444.76,163.0,68.72,0.0,1.0,3.8,0.0,cod,Grocery,0
1106.4,68.0,68.45,0.0,0.0,3.84,0.0,card,Fashion,0
1094.31,802.0,71.4,0.0,0.0,4.01,0.0,upi,Books,0
1657.5,230.0,27.51,0.0,0.0,1.22,1.0,card,Pharmacy,0
314.36,18.0,72.43,0.0,1.0,3.58,0.0,cod,Beauty,0
310.11,26.0,92.55,2.0,0.0,4.62,0.0,cod,Beauty,0
859.24,260.0,54.56,0.0,2.0,3.63,1.0,card,Pharmacy,0
929.96,241.0,74.17,0.0,0.0,3.85,0.0,upi,Books,0
1509.08,294.0,80.39,0.0,1.0,4.0,0.0,upi,Beauty,0
1582.85,7.0,73.35,0.0,3.0,3.42,0.0,upi,Fashion,0
834.8,172.0,93.46,0.0,0.0,5.0,0.0,card,Grocery,0
1652.36,56.0,82.31,0.0,2.0,3.77,0.0,cod,Grocery,0
719.6,158.0,33.98,0.0,2.0,1.8,0.0,card,Home & Kitchen,0
726.58,381.0,96.12,0.0,0.0,4.81,0.0,cod,Pharmacy,0
629.28,812.0,75.99,1.0,2.0,3.72,0.0,card,Electronics,0
298.64,233.0,47.37,0.0,2.0,2.97,0.0,card,Electronics,0
202.15,96.0,25.0,0.0,3.0,1.44,0.0,cod,Beauty,0
847.48,190.0,21.55,0.0,1.0,1.41,1.0,card,Electronics,1
1441.65,353.0,77.74,0.0,0.0,3.56,0.0,upi,Books,0
458.2,17.0,56.72,0.0,1.0,3.17,0.0,upi,Food & Beverage,0
1565.13,327.0,96.43,0.0,3.0,5.0,0.0,upi,Home & Kitchen,0
1867.93,229.0,86.83,0.0,2.0,4.44,0.0,upi,Food & Beverage,0
579.49,80.0,77.88,0.0,1.0,3.78,0.0,card,Electronics,0
165.76,193.0,71.39,0.0,0.0,3.34,0.0,upi,Electronics,0
626.64,305.0,40.94,2.0,1.0,2.07,0.0,upi,Beauty,0
332.08,330.0,76.17,1.0,2.0,3.77,0.0,card,Food & Beverage,0
1447.98,88.0,78.5,0.0,2.0,3.76,0.0,upi,Fashion,0
876.83,16.0,73.62,0.0,1.0,3.84,0.0,wallet,Electronics,0
164.0,106.0,87.48,0.0,3.0,4.45,0.0,card,Books,0
1043.67,106.0,56.43,2.0,0.0,2.72,0.0,card,Home & Kitchen,0
1513.62,543.0,48.29,1.0,2.0,2.32,0.0,card,Home & Kitchen,0
801.05,1215.0,31.15,1.0,1.0,1.06,0.0,cod,Fashion,0
535.37,530.0,54.23,0.0,3.0,2.68,1.0,card,Food & Beverage,0
990.55,19.0,71.52,1.0,1.0,3.22,0.0,cod,Electronics,0
2146.65,102.0,91.32,0.0,3.0,4.46,0.0,upi,Home & Kitchen,0
1680.99,209.0,90.2,1.0,0.0,4.61,0.0,upi,Grocery,0
268.01,458.0,75.42,0.0,1.0,3.23,0.0,card,Electronics,0
869.35,85.0,83.89,0.0,3.0,4.12,0.0,upi,Books,0
343.36,71.0,61.22,0.0,2.0,3.18,0.0,upi,Pharmacy,0
526.47,760.0,83.28,0.0,2.0,3.71,0.0,upi,Electronics,0
1765.94,377.0,40.83,1.0,1.0,1.87,0.0,upi,Grocery,0
866.52,75.0,95.61,0.0,0.0,4.39,0.0,card,Fashion,0
368.18,5.0,97.56,0.0,3.0,5.0,0.0,cod,Food & Beverage,0
618.29,9.0,77.74,0.0,2.0,3.7,0.0,card,Pharmacy,0
1254.81,165.0,77.64,0.0,3.0,3.68,0.0,upi,Books,0
502.65,318.0,57.35,0.0,1.0,3.13,0.0,cod,Pharmacy,0
900.04,121.0,79.16,0.0,0.0,3.89,0.0,upi,Beauty,0
533.28,341.0,80.44,1.0,1.0,4.57,0.0,upi,Books,0
574.58,344.0,68.75,0.0,3.0,3.6,0.0,upi,Electronics,0
1884.03,155.0,86.87,0.0,2.0,4.48,0.0,upi,Electronics,0
845.7,10.0,44.01,0.0,1.0,2.35,1.0,cod,Electronics,0
1112.87,85.0,65.3,0.0,1.0,3.66,0.0,upi,Beauty,0
835.02,289.0,38.77,0.0,1.0,1.01,1.0,upi,Pharmacy,0
229.55,210.0,93.88,0.0,0.0,4.9,0.0,cod,Pharmacy,0
317.55,161.0,38.98,0.0,0.0,1.7,0.0,card,Electronics,0
1877.46,161.0,85.32,1.0,1.0,3.91,0.0,cod,Pharmacy,0
1746.78,691.0,85.5,0.0,1.0,4.23,0.0,card,Beauty,0
815.16,229.0,82.28,1.0,1.0,4.09,0.0,cod,Books,0
413.46,482.0,76.82,1.0,1.0,3.32,0.0,cod,Food & Beverage,0
192.96,18.0,79.67,0.0,0.0,3.63,0.0,cod,Electronics,0
2855.84,82.0,35.97,0.0,1.0,1.37,1.0,upi,Food & Beverage,1
303.1,75.0,77.61,0.0,2.0,3.63,0.0,upi,Grocery,0
439.96,68.0,83.37,1.0,0.0,4.32,0.0,card,Grocery,0
497.76,26.0,42.77,0.0,3.0,2.02,1.0,card,Electronics,1
406.82,187.0,72.73,0.0,3.0,3.72,0.0,upi,Pharmacy,0
765.86,433.0,83.44,0.0,1.0,3.93,0.0,upi,Books,0
2639.56,322.0,97.1,0.0,1.0,5.0,0.0,upi,Grocery,0
684.63,129.0,94.04,0.0,1.0,4.57,0.0,upi,Books,0
948.2,392.0,96.09,0.0,1.0,5.0,0.0,card,Fashion,0
1168.33,40.0,66.2,0.0,2.0,3.33,0.0,upi,Fashion,0
1365.59,47.0,36.0,1.0,1.0,1.57,1.0,upi,Fashion,1
815.78,35.0,48.0,1.0,0.0,3.05,0.0,upi,Grocery,0
379.22,161.0,64.96,0.0,1.0,3.62,0.0,upi,Home & Kitchen,0
1177.88,188.0,79.33,0.0,2.0,3.9,0.0,card,Pharmacy,0
2141.59,7.0,26.11,0.0,1.0,1.58,1.0,upi,Pharmacy,0
478.96,7.0,61.67,0.0,0.0,3.08,0.0,card,Pharmacy,0
985.12,90.0,62.98,0.0,1.0,3.07,0.0,upi,Books,0
1209.13,12.0,78.53,0.0,2.0,3.72,0.0,card,Beauty,0
563.5,306.0,67.69,0.0,1.0,3.38,0.0,upi,Electronics,0
1357.98,147.0,60.47,0.0,2.0,3.12,0.0,card,Fashion,0
1650.48,56.0,83.57,0.0,0.0,4.24,0.0,upi,Pharmacy,0
985.23,70.0,76.16,0.0,2.0,3.98,0.0,cod,Pharmacy,0
1323.79,122.0,74.4,0.0,1.0,3.71,0.0,wallet,Electronics,0
686.16,4.0,86.04,0.0,0.0,3.91,0.0,card,Pharmacy,0
290.4,314.0,59.29,2.0,0.0,3.08,0.0,upi,Fashion,0
368.66,63.0,68.84,0.0,0.0,3.22,0.0,upi,Grocery,0
2411.62,24.0,69.44,1.0,0.0,2.97,0.0,upi,Food & Beverage,0
1662.28,73.0,91.54,0.0,0.0,4.5,0.0,upi,Fashion,0
349.12,244.0,27.6,2.0,1.0,1.21,1.0,card,Grocery,0
322.17,27.0,85.59,1.0,1.0,4.02,0.0,card,Books,0
1196.37,20.0,67.68,1.0,1.0,2.98,0.0,card,Grocery,0
3728.49,161.0,94.14,0.0,1.0,4.78,0.0,upi,Electronics,0
835.33,67.0,55.88,0.0,2.0,2.58,0.0,upi,Fashion,0
422.9,5.0,27.98,0.0,2.0,1.1,1.0,upi,Beauty,1
1411.6,465.0,57.6,0.0,0.0,2.98,0.0,upi,Home & Kitchen,0
1827.37,271.0,92.08,0.0,3.0,4.53,0.0,upi,Fashion,0
1197.25,1229.0,41.13,0.0,1.0,2.15,0.0,cod,Home & Kitchen,0
1081.59,216.0,93.47,1.0,2.0,4.61,0.0,upi,Food & Beverage,0
343.93,396.0,72.43,1.0,1.0,3.71,0.0,card,Beauty,0
1429.94,223.0,78.71,0.0,2.0,3.48,0.0,wallet,Home & Kitchen,0
1212.37,56.0,68.18,1.0,3.0,3.83,0.0,wallet,Pharmacy,0
608.84,787.0,36.7,0.0,1.0,1.3,0.0,upi,Home & Kitchen,0
266.39,523.0,69.77,0.0,1.0,3.73,0.0,card,Pharmacy,0
569.58,15.0,77.41,0.0,0.0,3.82,0.0,cod,Pharmacy,0
790.85,152.0,39.51,1.0,1.0,2.61,0.0,upi,Pharmacy,0
1267.85,27.0,25.2,0.0,5.0,1.26,1.0,card,Fashion,1
1424.68,159.0,93.3,1.0,1.0,4.85,0.0,wallet,Beauty,0
734.38,144.0,90.85,0.0,2.0,3.91,0.0,cod,Electronics,0
689.75,344.0,44.78,1.0,3.0,2.6,0.0,cod,Home & Kitchen,1
1594.95,229.0,64.01,0.0,3.0,3.33,0.0,card,Grocery,0
1010.77,177.0,78.34,0.0,0.0,3.37,0.0,card,Electronics,0
1202.28,375.0,78.32,0.0,2.0,3.7,0.0,upi,Fashion,0
613.67,409.0,75.63,0.0,3.0,3.68,0.0,cod,Books,1
1573.81,533.0,41.91,1.0,3.0,2.41,0.0,cod,Pharmacy,1
500.17,180.0,63.99,0.0,2.0,3.11,0.0,upi,Pharmacy,0
2629.52,158.0,55.62,0.0,1.0,2.38,0.0,cod,Food & Beverage,0
313.12,373.0,24.06,0.0,2.0,1.05,0.0,upi,Electronics,0
831.32,166.0,40.01,0.0,0.0,2.15,1.0,cod,Books,0
291.97,232.0,63.59,0.0,1.0,3.13,0.0,card,Pharmacy,0
1145.39,165.0,94.77,0.0,3.0,4.93,0.0,upi,Home & Kitchen,0
1706.87,553.0,90.66,0.0,0.0,3.79,0.0,upi,Beauty,0
1206.52,458.0,66.03,0.0,1.0,3.84,0.0,card,Fashion,0
589.08,101.0,33.4,0.0,1.0,1.65,1.0,cod,Home & Kitchen,1
291.8,232.0,70.64,0.0,4.0,3.62,0.0,upi,Books,0
584.33,237.0,52.55,0.0,2.0,2.88,0.0,upi,Beauty,0
1229.41,63.0,80.77,0.0,1.0,4.41,0.0,upi,Beauty,0
370.39,199.0,70.24,0.0,2.0,3.85,0.0,wallet,Electronics,0
214.43,393.0,78.2,0.0,1.0,3.66,0.0,upi,Food & Beverage,0
677.34,62.0,57.11,1.0,1.0,2.35,0.0,upi,Books,0
299.52,490.0,35.85,1.0,1.0,1.94,0.0,upi,Food & Beverage,0
978.77,151.0,79.14,0.0,2.0,4.31,0.0,upi,Home & Kitchen,0
735.77,259.0,77.72,0.0,1.0,4.03,0.0,wallet,Books,0
659.67,40.0,71.98,0.0,3.0,2.97,0.0,card,Beauty,0
2843.49,474.0,88.69,1.0,1.0,5.0,0.0,cod,Fashion,0
1079.89,58.0,83.44,0.0,0.0,4.01,0.0,wallet,Grocery,0
98.76,43.0,42.9,0.0,1.0,2.4,0.0,wallet,Beauty,0
2592.89,89.0,62.82,0.0,1.0,2.57,0.0,cod,Books,0
826.15,48.0,53.26,0.0,0.0,3.08,0.0,wallet,Books,0
613.35,369.0,41.73,0.0,1.0,2.38,0.0,card,Pharmacy,0
932.39,80.0,59.33,0.0,0.0,2.83,0.0,cod,Fashion,0
324.3,60.0,43.37,0.0,0.0,2.55,1.0,cod,Grocery,0
716.2,277.0,42.76,0.0,1.0,2.19,0.0,wallet,Pharmacy,0
1543.01,65.0,97.1,2.0,2.0,5.0,0.0,cod,Home & Kitchen,0
641.04,138.0,55.35,0.0,0.0,2.73,0.0,card,Home & Kitchen,0
532.85,60.0,73.11,2.0,2.0,3.44,0.0,upi,Fashion,0
451.77,108.0,53.65,0.0,0.0,3.22,0.0,wallet,Grocery,0
1388.55,543.0,81.63,0.0,0.0,4.22,0.0,card,Home & Kitchen,0
993.59,261.0,64.65,0.0,1.0,2.81,0.0,wallet,Home & Kitchen,0
2597.43,32.0,58.29,1.0,1.0,2.96,0.0,upi,Home & Kitchen,0
2338.65,68.0,60.7,0.0,1.0,3.24,0.0,card,Grocery,0
673.31,297.0,61.95,2.0,0.0,3.43,0.0,cod,Food & Beverage,0
1180.26,74.0,71.3,1.0,1.0,4.21,0.0,upi,Beauty,0
594.96,410.0,44.75,0.0,3.0,2.42,1.0,upi,Beauty,0
529.5,43.0,72.24,0.0,0.0,3.39,0.0,cod,Grocery,0
503.91,62.0,38.57,0.0,1.0,1.86,1.0,card,Home & Kitchen,0
464.57,173.0,87.71,0.0,1.0,4.78,0.0,card,Fashion,0
1550.84,26.0,87.45,1.0,0.0,4.16,0.0,card,Electronics,0
524.78,157.0,62.5,1.0,3.0,3.19,0.0,card,Books,0
606.54,50.0,68.91,0.0,5.0,3.3,0.0,upi,Books,1
982.02,372.0,53.95,0.0,0.0,2.6,0.0,wallet,Books,0
922.19,191.0,26.09,0.0,0.0,1.24,1.0,cod,Fashion,0
861.18,217.0,37.02,1.0,0.0,1.92,1.0,wallet,Electronics,1
1730.8,584.0,94.26,0.0,0.0,4.67,0.0,cod,Grocery,0
514.41,4.0,68.55,1.0,0.0,2.94,0.0,upi,Beauty,0
463.07,243.0,91.51,0.0,0.0,4.94,0.0,cod,Fashion,0
74.34,225.0,72.75,0.0,0.0,3.97,0.0,upi,Books,0
1200.94,398.0,64.83,0.0,1.0,3.3,0.0,wallet,Electronics,0
1174.09,8.0,77.25,0.0,3.0,4.24,0.0,card,Books,0
1626.1,383.0,83.17,0.0,0.0,4.38,0.0,upi,Fashion,0
668.24,21.0,60.25,1.0,2.0,3.25,0.0,card,Books,0
747.77,154.0,94.5,1.0,3.0,4.82,0.0,wallet,Food & Beverage,0
1507.48,69.0,84.73,0.0,1.0,4.46,0.0,wallet,Pharmacy,0
579.79,623.0,91.54,0.0,0.0,4.27,0.0,upi,Home & Kitchen,0
815.89,30.0,90.25,0.0,0.0,4.42,0.0,cod,Pharmacy,0
1710.05,20.0,92.38,0.0,0.0,4.18,0.0,upi,Home & Kitchen,0
1149.71,445.0,61.47,0.0,1.0,2.72,0.0,upi,Books,0
650.73,80.0,43.88,1.0,3.0,2.57,0.0,upi,Food & Beverage,0
1485.24,20.0,88.41,0.0,3.0,4.55,0.0,cod,Beauty,0
764.35,318.0,61.05,0.0,1.0,2.9,0.0,upi,Beauty,0
1507.67,166.0,43.05,1.0,0.0,1.86,1.0,cod,Grocery,1
991.82,332.0,72.94,0.0,1.0,3.23,0.0,wallet,Pharmacy,0
562.41,57.0,63.64,1.0,2.0,2.82,0.0,cod,Food & Beverage,0
346.37,299.0,60.16,0.0,1.0,2.82,0.0,upi,Home & Kitchen,0
1340.08,106.0,52.19,1.0,0.0,1.76,0.0,cod,Home & Kitchen,0
1428.62,330.0,77.81,0.0,0.0,4.16,0.0,cod,Fashion,0
1863.32,52.0,97.4,0.0,0.0,4.96,0.0,card,Beauty,0
1227.38,5.0,85.37,0.0,0.0,4.39,0.0,wallet,Beauty,0
709.35,130.0,80.66,0.0,1.0,4.22,0.0,upi,Food & Beverage,0
966.4,49.0,67.92,1.0,2.0,3.39,0.0,upi,Books,0
850.28,6.0,82.09,0.0,1.0,4.17,0.0,upi,Fashion,0
692.08,7.0,27.6,0.0,2.0,1.37,0.0,upi,Grocery,0
315.18,88.0,33.37,0.0,1.0,2.1,1.0,upi,Beauty,0
352.28,213.0,84.97,0.0,1.0,3.98,0.0,card,Books,0
1370.84,315.0,40.05,0.0,2.0,2.25,1.0,upi,Electronics,0
446.3,69.0,73.33,0.0,0.0,3.34,0.0,card,Pharmacy,0
665.95,153.0,55.32,0.0,0.0,2.42,0.0,upi,Grocery,0
220.96,107.0,70.78,0.0,2.0,3.1,0.0,upi,Books,0
235.59,335.0,45.35,0.0,0.0,1.69,0.0,card,Electronics,0
453.61,227.0,95.1,0.0,0.0,4.83,0.0,upi,Electronics,0
1337.5,155.0,38.2,1.0,2.0,1.6,1.0,wallet,Fashion,1
1389.12,38.0,49.84,0.0,2.0,2.59,1.0,upi,Home & Kitchen,0
928.85,52.0,81.72,0.0,2.0,4.58,0.0,upi,Food & Beverage,0
498.99,101.0,31.3,0.0,2.0,1.43,1.0,upi,Grocery,1
1986.45,125.0,51.57,0.0,0.0,2.69,0.0,cod,Electronics,0
657.7,553.0,83.11,1.0,1.0,4.46,0.0,card,Grocery,0
2106.25,99.0,66.79,1.0,3.0,3.43,0.0,upi,Grocery,0
1066.04,88.0,91.45,0.0,1.0,4.61,0.0,card,Home & Kitchen,0
1554.13,213.0,71.34,0.0,3.0,3.06,0.0,cod,Electronics,0
1559.86,81.0,44.37,0.0,3.0,2.25,1.0,upi,Grocery,1
176.26,29.0,67.15,3.0,0.0,3.54,0.0,upi,Pharmacy,0
344.25,255.0,67.03,1.0,1.0,3.89,0.0,upi,Beauty,0
623.42,100.0,82.86,0.0,2.0,4.03,0.0,cod,Grocery,0
452.3,67.0,70.74,0.0,0.0,3.9,0.0,upi,Beauty,0
1110.61,368.0,87.55,0.0,0.0,4.19,0.0,card,Fashion,0
1172.51,274.0,65.4,0.0,4.0,3.55,0.0,card,Books,0
582.28,344.0,72.54,0.0,0.0,3.38,0.0,upi,Pharmacy,0
536.05,277.0,70.54,0.0,1.0,3.56,0.0,upi,Books,0
1479.95,337.0,73.56,0.0,0.0,3.48,0.0,wallet,Pharmacy,0
543.18,395.0,80.53,0.0,1.0,4.03,0.0,cod,Fashion,0
1660.73,75.0,84.7,0.0,0.0,4.24,0.0,wallet,Home & Kitchen,0
945.98,62.0,57.79,1.0,1.0,2.92,0.0,card,Books,0
948.76,840.0,48.55,0.0,2.0,2.19,0.0,upi,Pharmacy,0
384.99,156.0,84.42,0.0,2.0,4.21,0.0,card,Grocery,0
1281.48,248.0,54.3,0.0,0.0,2.82,0.0,cod,Electronics,0
338.15,118.0,86.14,1.0,0.0,4.21,0.0,card,Pharmacy,0
1279.85,21.0,60.42,0.0,2.0,2.76,0.0,card,Home & Kitchen,0
1169.13,441.0,78.47,0.0,1.0,3.7,0.0,card,Beauty,0
1187.62,335.0,41.13,0.0,1.0,2.35,1.0,upi,Home & Kitchen,1
1166.54,235.0,95.87,0.0,0.0,4.8,0.0,upi,Fashion,0
1476.23,185.0,78.07,0.0,0.0,4.32,0.0,card,Fashion,0
1086.64,224.0,57.78,1.0,2.0,2.82,0.0,cod,Food & Beverage,0
181.4,157.0,44.49,1.0,0.0,2.18,1.0,card,Home & Kitchen,0
1011.58,117.0,80.49,0.0,1.0,4.19,0.0,upi,Fashion,0
424.92,511.0,84.89,0.0,1.0,4.41,0.0,wallet,Books,0
267.38,132.0,77.43,0.0,3.0,4.27,0.0,upi,Beauty,0
375.87,121.0,90.12,0.0,0.0,3.86,0.0,cod,Pharmacy,0
504.28,43.0,79.35,0.0,1.0,4.11,0.0,upi,Pharmacy,0
1209.36,260.0,60.24,1.0,2.0,2.69,0.0,upi,Fashion,0
664.15,241.0,93.04,1.0,1.0,4.61,0.0,upi,Fashion,0
1458.48,279.0,84.68,1.0,2.0,3.9,0.0,card,Beauty,0
473.19,1.0,78.92,0.0,1.0,4.01,0.0,card,Grocery,0
680.32,456.0,62.8,1.0,1.0,2.82,0.0,upi,Fashion,0
489.91,64.0,53.36,2.0,1.0,2.1,0.0,upi,Pharmacy,0
140.47,376.0,65.85,0.0,0.0,2.94,0.0,upi,Electronics,0
826.87,87.0,58.29,0.0,1.0,3.26,0.0,upi,Electronics,0
3421.46,371.0,74.74,0.0,1.0,3.94,0.0,card,Books,0
275.08,116.0,77.63,0.0,1.0,4.26,0.0,upi,Electronics,0
1286.97,169.0,91.92,0.0,1.0,4.01,0.0,upi,Beauty,0
1483.19,222.0,88.59,0.0,1.0,4.96,0.0,card,Electronics,0
856.73,174.0,65.83,0.0,0.0,4.01,0.0,card,Books,0
300.78,50.0,46.27,1.0,1.0,2.0,0.0,upi,Pharmacy,0
2791.74,106.0,85.57,0.0,2.0,4.39,0.0,upi,Pharmacy,0
1154.89,110.0,24.56,0.0,1.0,1.04,1.0,upi,Fashion,0
2103.11,38.0,41.96,0.0,1.0,2.33,1.0,upi,Pharmacy,0
208.59,260.0,66.95,1.0,2.0,3.84,0.0,upi,Pharmacy,0
522.19,6.0,96.31,0.0,3.0,4.52,0.0,upi,Pharmacy,0
279.32,38.0,68.11,0.0,1.0,3.01,0.0,upi,Beauty,0
1586.21,85.0,43.24,0.0,2.0,2.08,1.0,card,Beauty,1
208.46,867.0,41.71,1.0,2.0,3.18,1.0,card,Beauty,0
730.35,80.0,69.07,0.0,4.0,3.71,0.0,wallet,Beauty,0
674.54,14.0,35.4,0.0,0.0,1.92,0.0,wallet,Books,0
164.34,251.0,80.53,0.0,3.0,4.33,0.0,upi,Electronics,0
1226.61,417.0,35.2,1.0,0.0,2.11,1.0,cod,Beauty,0
1078.36,79.0,86.1,0.0,0.0,4.41,0.0,card,Food & Beverage,0
499.72,56.0,67.53,1.0,0.0,3.36,0.0,cod,Electronics,0
2100.87,9.0,48.16,1.0,0.0,2.23,0.0,cod,Grocery,0
189.8,124.0,22.48,0.0,0.0,1.19,1.0,upi,Books,1
123.88,211.0,80.62,0.0,0.0,4.37,0.0,upi,Food & Beverage,0
886.17,148.0,90.32,0.0,1.0,4.84,0.0,cod,Fashion,0
375.9,182.0,32.78,1.0,1.0,1.47,1.0,cod,Grocery,1
752.8,157.0,48.6,0.0,1.0,2.4,0.0,upi,Home & Kitchen,0
1739.32,298.0,91.45,0.0,1.0,4.21,0.0,upi,Pharmacy,0
265.28,43.0,69.11,0.0,1.0,3.78,0.0,card,Home & Kitchen,0
1599.33,230.0,68.95,0.0,0.0,3.6,0.0,cod,Pharmacy,0
282.31,133.0,72.05,0.0,0.0,3.52,0.0,cod,Pharmacy,0
573.47,253.0,20.67,0.0,0.0,1.0,1.0,upi,Fashion,0
1831.91,380.0,58.74,0.0,0.0,2.65,0.0,upi,Home & Kitchen,0
1244.63,129.0,63.36,2.0,1.0,3.19,0.0,card,Food & Beverage,0
398.62,52.0,87.92,0.0,1.0,4.84,0.0,upi,Fashion,0
1003.67,20.0,61.01,0.0,2.0,2.82,0.0,upi,Fashion,0
540.73,252.0,79.55,1.0,0.0,3.56,0.0,card,Pharmacy,0
597.86,240.0,82.22,0.0,2.0,4.15,0.0,upi,Home & Kitchen,0
678.76,339.0,41.53,0.0,2.0,2.43,1.0,cod,Home & Kitchen,1
1124.17,567.0,70.41,1.0,1.0,3.81,0.0,upi,Beauty,0
845.39,265.0,42.42,0.0,2.0,2.49,0.0,upi,Grocery,0
692.84,84.0,35.9,1.0,3.0,1.64,0.0,card,Pharmacy,0
709.18,179.0,47.59,0.0,1.0,2.65,1.0,upi,Pharmacy,0
929.39,13.0,24.0,0.0,1.0,1.31,1.0,upi,Food & Beverage,0
815.95,344.0,62.77,0.0,0.0,3.06,0.0,upi,Electronics,0
523.48,295.0,53.83,0.0,2.0,2.7,0.0,upi,Grocery,0
948.58,27.0,48.1,1.0,0.0,2.65,1.0,cod,Books,1
1068.86,231.0,60.02,0.0,2.0,3.17,0.0,cod,Grocery,0
967.25,398.0,77.76,0.0,0.0,4.05,0.0,upi,Pharmacy,0
1454.88,698.0,61.56,0.0,2.0,3.28,0.0,upi,Pharmacy,0
490.65,156.0,86.78,0.0,4.0,4.22,0.0,card,Fashion,0
473.19,178.0,92.94,1.0,2.0,4.25,0.0,card,Fashion,0
1929.65,147.0,86.28,0.0,3.0,4.11,0.0,card,Grocery,0
412.38,28.0,52.96,1.0,0.0,2.91,1.0,cod,Food & Beverage,1
644.15,95.0,69.97,0.0,0.0,3.07,0.0,upi,Fashion,0
137.52,111.0,74.32,0.0,0.0,3.72,0.0,card,Books,0
283.71,44.0,71.67,0.0,1.0,3.63,0.0,card,Pharmacy,0
576.51,152.0,76.42,0.0,4.0,4.04,0.0,upi,Grocery,0
554.07,308.0,80.56,0.0,1.0,3.65,0.0,upi,Books,0
662.09,673.0,54.13,2.0,0.0,2.03,0.0,upi,Books,0
2242.2,82.0,59.45,0.0,1.0,2.8,0.0,card,Pharmacy,0
175.24,88.0,67.48,1.0,1.0,3.54,0.0,upi,Books,0
777.03,296.0,64.14,0.0,0.0,3.62,0.0,wallet,Food & Beverage,0
712.97,183.0,60.73,0.0,1.0,2.84,0.0,upi,Beauty,0
2486.39,55.0,42.79,0.0,1.0,1.89,1.0,upi,Electronics,1
1365.41,74.0,43.7,0.0,1.0,2.26,0.0,wallet,Home & Kitchen,0
545.03,104.0,93.19,0.0,1.0,5.0,0.0,cod,Electronics,0
1898.26,24.0,45.35,0.0,1.0,2.41,0.0,upi,Fashion,0
511.0,166.0,32.02,1.0,1.0,1.76,1.0,card,Food & Beverage,0
1444.76,8.0,80.16,1.0,2.0,4.6,0.0,cod,Food & Beverage,0
2097.14,251.0,89.44,0.0,1.0,4.75,0.0,card,Home & Kitchen,0
847.0,132.0,77.55,0.0,0.0,3.93,0.0,card,Electronics,0
336.03,242.0,78.23,1.0,3.0,3.58,0.0,cod,Food & Beverage,0
163.09,19.0,63.81,0.0,0.0,3.21,0.0,card,Pharmacy,0
870.15,642.0,58.61,0.0,0.0,3.15,0.0,card,Grocery,0
1404.26,22.0,79.8,1.0,0.0,3.68,0.0,cod,Home & Kitchen,0
3887.25,139.0,91.68,0.0,1.0,4.86,0.0,wallet,Beauty,0
1763.31,337.0,91.44,1.0,2.0,4.54,0.0,wallet,Grocery,0
803.11,63.0,70.67,0.0,1.0,3.47,0.0,card,Beauty,0
321.61,177.0,91.95,0.0,2.0,4.32,0.0,card,Beauty,0
707.51,290.0,85.68,0.0,1.0,4.39,0.0,card,Food & Beverage,0
2222.47,160.0,63.98,0.0,1.0,3.4,0.0,upi,Home & Kitchen,0
2791.0,517.0,82.83,0.0,2.0,3.82,0.0,cod,Electronics,0
506.59,57.0,42.92,0.0,3.0,2.3,0.0,upi,Home & Kitchen,0
659.23,16.0,95.05,0.0,0.0,5.0,0.0,upi,Electronics,0
1984.2,174.0,96.78,1.0,4.0,5.0,0.0,upi,Food & Beverage,0
1904.69,121.0,94.97,0.0,3.0,4.82,0.0,cod,Home & Kitchen,1
524.11,348.0,78.92,2.0,0.0,3.85,0.0,upi,Beauty,0
1282.65,214.0,48.75,1.0,1.0,2.36,0.0,upi,Beauty,0
549.43,366.0,53.78,0.0,0.0,2.27,0.0,upi,Food & Beverage,0
1648.75,293.0,74.64,0.0,0.0,3.54,0.0,wallet,Electronics,0
796.72,248.0,79.45,0.0,0.0,3.88,0.0,wallet,Grocery,0
612.88,56.0,64.68,1.0,1.0,2.99,0.0,upi,Books,0
1363.33,29.0,69.29,0.0,0.0,3.51,0.0,cod,Books,0
839.98,65.0,62.8,0.0,2.0,3.59,0.0,upi,Food & Beverage,0
1339.1,305.0,72.66,0.0,0.0,4.13,0.0,card,Electronics,0
354.15,297.0,49.38,0.0,2.0,2.29,1.0,upi,Electronics,0
415.21,583.0,54.0,0.0,2.0,3.23,0.0,cod,Fashion,0
746.14,115.0,80.18,0.0,2.0,4.35,0.0,upi,Food & Beverage,0
450.77,127.0,91.02,0.0,2.0,4.34,0.0,cod,Books,0
576.36,87.0,86.56,0.0,0.0,4.48,0.0,card,Books,0
760.92,599.0,72.27,0.0,3.0,3.61,0.0,cod,Fashion,1
494.1,133.0,85.67,0.0,1.0,3.67,0.0,upi,Electronics,0
2171.81,175.0,25.97,0.0,2.0,1.0,1.0,card,Fashion,1
428.25,39.0,72.33,1.0,0.0,3.83,0.0,card,Food & Beverage,0
729.77,163.0,69.34,2.0,3.0,3.0,0.0,upi,Grocery,0
741.65,36.0,28.03,0.0,1.0,1.94,1.0,upi,Beauty,0
866.63,137.0,27.43,0.0,0.0,1.67,1.0,cod,Grocery,1
612.38,138.0,37.89,0.0,2.0,2.1,0.0,upi,Food & Beverage,0
1444.71,99.0,81.08,0.0,3.0,3.59,0.0,card,Fashion,0
1507.13,209.0,86.85,1.0,1.0,4.66,0.0,wallet,Beauty,0
506.04,567.0,85.68,1.0,2.0,4.57,0.0,upi,Home & Kitchen,0
1588.66,32.0,84.33,1.0,4.0,4.49,0.0,cod,Fashion,1
487.85,90.0,31.3,0.0,0.0,1.85,1.0,card,Food & Beverage,0
732.0,60.0,45.41,2.0,1.0,2.79,0.0,card,Pharmacy,0
794.17,5.0,43.84,0.0,3.0,1.97,1.0,upi,Food & Beverage,1
468.62,206.0,48.98,0.0,0.0,2.39,0.0,wallet,Pharmacy,0
239.61,107.0,94.95,0.0,1.0,4.48,0.0,cod,Food & Beverage,0
863.53,870.0,83.78,0.0,2.0,4.42,0.0,cod,Pharmacy,0
328.27,400.0,85.59,1.0,4.0,4.21,0.0,cod,Grocery,0
2055.92,945.0,78.33,0.0,2.0,3.52,0.0,upi,Food & Beverage,0
554.67,7.0,68.9,0.0,2.0,3.47,0.0,upi,Home & Kitchen,0
1312.99,35.0,44.16,0.0,0.0,1.61,1.0,upi,Pharmacy,0
1255.58,3.0,84.45,1.0,0.0,4.24,0.0,cod,Grocery,0
465.29,436.0,48.69,0.0,2.0,2.47,0.0,wallet,Home & Kitchen,0
566.05,56.0,62.54,0.0,1.0,2.99,0.0,upi,Fashion,0
561.9,45.0,60.47,0.0,2.0,3.33,0.0,card,Fashion,0
948.93,5.0,77.4,1.0,2.0,3.33,0.0,cod,Home & Kitchen,0
3526.21,16.0,71.46,1.0,2.0,3.6,0.0,upi,Books,0
917.68,117.0,22.21,0.0,1.0,1.17,0.0,upi,Pharmacy,0
534.46,146.0,72.37,0.0,2.0,3.61,0.0,wallet,Food & Beverage,0
973.37,68.0,28.2,0.0,1.0,1.78,1.0,upi,Beauty,0
329.56,454.0,75.72,1.0,2.0,3.59,0.0,card,Food & Beverage,0
430.73,16.0,53.89,0.0,1.0,2.67,0.0,card,Pharmacy,0
2077.76,85.0,41.21,0.0,0.0,2.09,1.0,upi,Grocery,0
656.16,771.0,49.08,1.0,1.0,2.34,1.0,card,Pharmacy,0
416.54,224.0,55.84,0.0,3.0,2.32,0.0,cod,Home & Kitchen,0
288.31,187.0,90.18,0.0,2.0,4.96,0.0,cod,Home & Kitchen,0
754.48,269.0,51.99,0.0,3.0,2.36,0.0,cod,Fashion,0
304.26,39.0,61.49,0.0,1.0,2.84,0.0,upi,Grocery,0
1668.51,139.0,70.15,0.0,0.0,2.83,0.0,upi,Books,0
1252.2,219.0,78.63,0.0,0.0,3.95,0.0,upi,Electronics,0
515.03,69.0,93.09,0.0,1.0,4.71,0.0,card,Fashion,0
2384.59,50.0,63.77,1.0,0.0,3.56,0.0,upi,Pharmacy,0
562.35,201.0,27.23,0.0,0.0,1.25,1.0,wallet,Books,0
655.49,820.0,74.63,0.0,2.0,3.81,0.0,cod,Fashion,0
438.08,302.0,53.74,0.0,0.0,2.99,0.0,wallet,Food & Beverage,0
1180.86,584.0,87.36,0.0,2.0,4.78,0.0,upi,Electronics,0
329.39,189.0,72.35,1.0,1.0,3.73,0.0,card,Food & Beverage,0
533.7,434.0,82.27,1.0,1.0,4.01,0.0,wallet,Electronics,0
475.57,134.0,42.92,0.0,2.0,2.51,0.0,upi,Grocery,0
913.9,33.0,34.03,1.0,2.0,2.07,1.0,card,Beauty,1
262.37,73.0,95.61,0.0,2.0,4.26,0.0,upi,Books,0
700.18,137.0,93.5,0.0,1.0,4.78,0.0,wallet,Books,0
1665.22,227.0,66.17,0.0,0.0,3.6,0.0,cod,Fashion,0
297.91,185.0,44.33,0.0,0.0,2.43,0.0,wallet,Grocery,0
1226.81,57.0,32.4,1.0,2.0,1.54,1.0,upi,Grocery,1
1401.11,58.0,49.44,1.0,2.0,2.33,0.0,cod,Electronics,0
675.85,128.0,62.65,1.0,0.0,3.55,0.0,upi,Beauty,0
132.14,239.0,86.35,0.0,4.0,4.39,0.0,upi,Home & Kitchen,0
1193.07,273.0,40.77,0.0,0.0,1.98,1.0,wallet,Food & Beverage,0
1628.87,251.0,73.68,0.0,1.0,3.64,0.0,upi,Grocery,0
2261.26,50.0,90.08,1.0,2.0,4.5,0.0,card,Pharmacy,0
815.32,277.0,90.33,0.0,2.0,4.47,0.0,upi,Books,0
187.99,255.0,47.78,1.0,0.0,2.73,0.0,wallet,Pharmacy,0
1179.33,34.0,50.09,0.0,1.0,2.64,1.0,card,Books,0
213.59,319.0,36.83,0.0,0.0,1.95,1.0,card,Books,1
1061.5,77.0,90.03,0.0,1.0,4.44,0.0,cod,Fashion,0
1319.06,458.0,47.26,0.0,0.0,2.54,0.0,upi,Books,0
1698.92,177.0,50.21,1.0,1.0,2.24,0.0,wallet,Electronics,0
541.47,482.0,85.23,0.0,0.0,4.31,0.0,upi,Food & Beverage,0
367.02,64.0,88.16,0.0,0.0,3.92,0.0,upi,Books,0
824.83,91.0,82.75,0.0,2.0,4.06,0.0,card,Food & Beverage,0
262.04,9.0,71.14,0.0,2.0,3.4,0.0,upi,Food & Beverage,0
586.39,233.0,49.28,3.0,1.0,2.46,0.0,upi,Fashion,0
468.12,56.0,88.52,0.0,0.0,4.3,0.0,cod,Pharmacy,0
1490.13,164.0,55.32,0.0,2.0,2.92,0.0,cod,Home & Kitchen,0
1962.03,413.0,80.62,1.0,2.0,3.83,0.0,cod,Electronics,0
1121.93,214.0,80.36,0.0,3.0,4.28,0.0,upi,Beauty,0
1367.46,728.0,69.55,0.0,2.0,3.94,0.0,cod,Books,0
829.04,444.0,92.56,1.0,2.0,4.3,0.0,card,Home & Kitchen,0
782.64,158.0,89.29,0.0,3.0,4.65,0.0,cod,Home & Kitchen,0
219.18,244.0,90.67,0.0,3.0,4.45,0.0,card,Food & Beverage,0
987.69,125.0,93.04,0.0,3.0,4.93,0.0,cod,Books,0
1305.95,189.0,97.92,0.0,1.0,4.57,0.0,cod,Books,0
637.52,767.0,55.98,1.0,2.0,3.16,0.0,wallet,Books,0
658.83,102.0,53.66,0.0,0.0,2.57,1.0,card,Electronics,0
140.64,241.0,81.23,1.0,3.0,4.0,0.0,upi,Electronics,0
671.43,421.0,90.26,0.0,2.0,4.45,0.0,upi,Food & Beverage,0
1498.58,12.0,72.25,0.0,1.0,3.28,0.0,upi,Food & Beverage,0
952.56,32.0,67.1,0.0,2.0,3.59,0.0,card,Beauty,0
728.2,12.0,61.46,0.0,4.0,2.89,0.0,upi,Pharmacy,0
316.78,96.0,45.52,0.0,0.0,2.42,1.0,upi,Pharmacy,0
530.64,65.0,58.01,1.0,2.0,2.82,0.0,upi,Electronics,0
458.12,58.0,48.0,0.0,1.0,2.34,1.0,cod,Beauty,1
347.6,178.0,79.63,0.0,4.0,4.28,0.0,wallet,Beauty,0
949.58,85.0,61.6,2.0,1.0,2.63,0.0,upi,Pharmacy,0
546.31,295.0,77.93,0.0,1.0,3.21,0.0,upi,Electronics,0
1400.84,138.0,66.44,0.0,0.0,3.11,0.0,card,Pharmacy,0
733.77,148.0,93.99,0.0,0.0,4.67,0.0,cod,Home & Kitchen,0
2447.87,38.0,64.69,1.0,1.0,3.16,0.0,card,Pharmacy,0
538.6,266.0,36.97,0.0,2.0,1.62,0.0,wallet,Electronics,0
1641.34,182.0,20.53,0.0,3.0,1.53,1.0,card,Books,0
1872.45,112.0,38.93,0.0,0.0,2.32,0.0,upi,Home & Kitchen,0
503.76,271.0,59.95,1.0,6.0,2.2,0.0,wallet,Grocery,0
692.01,135.0,65.69,0.0,2.0,3.08,0.0,upi,Fashion,0
578.52,170.0,48.73,1.0,0.0,2.55,0.0,upi,Fashion,0
484.3,392.0,70.62,1.0,2.0,3.63,0.0,upi,Fashion,0
1156.91,261.0,63.54,0.0,1.0,2.93,0.0,upi,Pharmacy,0
1248.61,23.0,52.53,0.0,3.0,3.02,0.0,card,Grocery,0
451.86,22.0,82.34,1.0,0.0,3.84,0.0,upi,Home & Kitchen,0
445.58,193.0,54.23,0.0,1.0,2.7,0.0,cod,Electronics,0
750.03,60.0,64.75,0.0,0.0,3.21,0.0,wallet,Home & Kitchen,0
733.29,27.0,31.02,0.0,1.0,1.62,0.0,wallet,Fashion,0
218.52,510.0,28.74,0.0,2.0,1.26,0.0,card,Home & Kitchen,0
1175.37,198.0,52.87,0.0,1.0,2.79,1.0,cod,Home & Kitchen,0
194.62,57.0,85.49,0.0,1.0,4.02,0.0,upi,Food & Beverage,0
413.48,132.0,81.37,0.0,1.0,4.17,0.0,card,Books,0
850.66,94.0,50.42,1.0,2.0,2.35,0.0,card,Grocery,0
1164.23,15.0,66.55,1.0,1.0,3.75,0.0,wallet,Home & Kitchen,0
394.58,531.0,60.91,0.0,0.0,2.97,0.0,upi,Home & Kitchen,0
676.92,497.0,61.7,0.0,1.0,3.14,0.0,card,Home & Kitchen,0
546.68,351.0,56.51,0.0,2.0,3.15,0.0,upi,Pharmacy,0
84.24,126.0,92.54,1.0,0.0,4.69,0.0,upi,Pharmacy,0
565.38,27.0,84.99,0.0,2.0,4.49,0.0,wallet,Home & Kitchen,0
336.6,214.0,71.19,1.0,0.0,3.2,0.0,wallet,Beauty,0
737.68,257.0,66.48,0.0,2.0,3.49,0.0,upi,Grocery,0
298.59,56.0,80.4,0.0,1.0,3.96,0.0,upi,Electronics,0
534.79,52.0,42.93,0.0,2.0,2.4,0.0,card,Books,0
676.08,206.0,73.17,1.0,1.0,3.8,0.0,upi,Beauty,0
780.48,200.0,92.69,1.0,0.0,4.79,0.0,card,Home & Kitchen,0
627.21,35.0,63.3,0.0,0.0,3.38,0.0,cod,Books,0
1595.36,177.0,41.1,0.0,3.0,2.36,1.0,upi,Books,0
889.69,373.0,62.17,0.0,1.0,2.49,0.0,wallet,Grocery,0
1102.79,41.0,78.65,0.0,0.0,3.7,0.0,upi,Books,0
688.62,62.0,65.68,0.0,0.0,3.28,0.0,upi,Electronics,0
57.32,27.0,83.37,0.0,1.0,3.82,0.0,cod,Electronics,0
277.22,242.0,42.95,1.0,0.0,2.08,0.0,card,Grocery,0
245.21,86.0,71.47,0.0,2.0,3.63,0.0,card,Pharmacy,0
619.15,149.0,80.52,0.0,1.0,4.5,0.0,card,Beauty,0
1825.79,80.0,31.11,0.0,0.0,1.77,1.0,cod,Fashion,1
860.98,73.0,76.47,0.0,0.0,4.04,0.0,upi,Food & Beverage,0
1350.16,39.0,80.28,0.0,1.0,4.03,0.0,upi,Electronics,0
367.19,163.0,51.07,0.0,1.0,2.04,0.0,card,Fashion,0
780.51,104.0,77.22,1.0,1.0,3.64,0.0,card,Beauty,0
1606.28,361.0,76.42,0.0,0.0,3.33,0.0,card,Books,0
1365.84,202.0,66.02,0.0,2.0,3.47,0.0,upi,Beauty,0
476.18,137.0,96.96,0.0,0.0,4.88,0.0,cod,Food & Beverage,0
688.28,103.0,71.6,1.0,2.0,3.64,0.0,upi,Books,0
1427.1,15.0,67.53,1.0,3.0,3.53,0.0,upi,Beauty,0
446.49,172.0,60.93,0.0,2.0,2.91,0.0,upi,Pharmacy,0
656.06,146.0,51.21,1.0,0.0,2.17,0.0,card,Home & Kitchen,0
151.41,462.0,82.28,1.0,1.0,3.98,0.0,cod,Pharmacy,0
1277.13,64.0,86.41,0.0,1.0,4.46,0.0,card,Fashion,0
1224.83,801.0,67.78,0.0,1.0,2.88,0.0,upi,Food & Beverage,0
169.49,69.0,25.58,0.0,1.0,1.34,1.0,upi,Electronics,0
656.32,169.0,85.93,1.0,0.0,3.94,0.0,upi,Grocery,0
1504.57,189.0,39.23,0.0,0.0,2.14,1.0,upi,Grocery,0
311.29,189.0,43.67,0.0,1.0,1.8,1.0,card,Fashion,0
924.4,22.0,96.67,0.0,2.0,5.0,0.0,cod,Electronics,0
538.55,37.0,88.2,0.0,0.0,3.99,0.0,wallet,Beauty,0
1488.01,303.0,75.86,0.0,1.0,3.51,0.0,cod,Beauty,0
145.01,24.0,79.27,0.0,3.0,4.17,0.0,upi,Food & Beverage,0
155.76,183.0,85.67,0.0,2.0,4.23,0.0,upi,Fashion,0
441.27,49.0,92.3,0.0,0.0,4.03,0.0,wallet,Food & Beverage,0
762.55,461.0,62.27,1.0,0.0,3.33,0.0,card,Food & Beverage,0
772.12,95.0,78.41,0.0,2.0,3.29,0.0,upi,Food & Beverage,0
186.77,259.0,50.97,0.0,1.0,2.5,0.0,wallet,Food & Beverage,0
1007.9,48.0,79.28,0.0,3.0,4.59,0.0,upi,Pharmacy,0
1154.8,31.0,96.1,0.0,0.0,4.83,0.0,upi,Grocery,0
775.15,326.0,98.31,1.0,2.0,4.81,0.0,card,Electronics,0
1510.8,140.0,66.23,0.0,0.0,3.29,0.0,upi,Books,0
1059.74,139.0,30.83,0.0,2.0,1.21,1.0,upi,Fashion,1
531.65,154.0,65.62,0.0,1.0,3.33,0.0,upi,Books,0
1830.29,103.0,53.36,0.0,0.0,3.32,0.0,card,Beauty,0
2029.4,180.0,66.82,0.0,1.0,3.21,0.0,wallet,Beauty,0
936.08,82.0,68.96,0.0,3.0,3.2,0.0,wallet,Pharmacy,0
374.26,70.0,50.94,0.0,1.0,2.69,0.0,card,Fashion,0
1473.59,619.0,74.04,0.0,4.0,3.93,0.0,cod,Grocery,0
263.35,5.0,87.66,0.0,1.0,4.41,0.0,upi,Electronics,0
395.39,46.0,70.32,1.0,1.0,3.42,0.0,card,Home & Kitchen,0
1346.64,20.0,32.16,2.0,2.0,1.77,1.0,card,Electronics,1
355.71,94.0,20.48,1.0,0.0,1.0,1.0,card,Books,1
1723.06,726.0,84.32,1.0,2.0,4.07,0.0,upi,Home & Kitchen,0
372.07,49.0,60.94,0.0,1.0,2.35,0.0,cod,Grocery,0
601.09,104.0,69.77,0.0,1.0,3.46,0.0,card,Home & Kitchen,0
558.53,279.0,82.53,0.0,2.0,4.06,0.0,card,Fashion,0
1149.84,143.0,49.76,0.0,0.0,2.8,0.0,upi,Pharmacy,0
1135.11,113.0,40.63,0.0,0.0,1.78,0.0,upi,Beauty,0
546.19,28.0,78.37,0.0,0.0,4.23,0.0,upi,Home & Kitchen,0
1046.21,64.0,66.15,0.0,2.0,3.24,0.0,upi,Books,0
848.62,350.0,86.92,0.0,1.0,4.54,0.0,upi,Pharmacy,0
1205.35,297.0,54.51,0.0,2.0,2.96,1.0,cod,Grocery,1
1094.25,383.0,76.17,0.0,1.0,3.82,0.0,upi,Fashion,0
367.69,685.0,33.46,0.0,1.0,1.76,1.0,upi,Food & Beverage,0
1729.8,11.0,48.18,0.0,3.0,2.24,0.0,cod,Pharmacy,0
168.74,491.0,88.11,0.0,1.0,4.77,0.0,card,Fashion,0
597.76,238.0,89.49,1.0,1.0,5.0,0.0,card,Fashion,0
1048.98,170.0,87.83,1.0,1.0,3.95,0.0,upi,Fashion,0
720.89,176.0,51.11,0.0,0.0,2.58,1.0,card,Beauty,0
668.84,21.0,87.39,0.0,2.0,4.28,0.0,card,Fashion,0
588.26,94.0,63.64,1.0,0.0,3.32,0.0,card,Home & Kitchen,0
534.31,104.0,86.85,0.0,1.0,3.86,0.0,wallet,Books,0
1602.33,80.0,71.21,0.0,1.0,3.24,0.0,upi,Beauty,0
677.14,729.0,70.67,0.0,1.0,4.05,0.0,card,Electronics,0
677.26,282.0,60.92,1.0,0.0,3.49,0.0,upi,Beauty,0
432.36,442.0,21.64,0.0,0.0,1.0,1.0,upi,Grocery,1
1114.28,418.0,81.92,0.0,2.0,4.69,0.0,upi,Beauty,0
251.28,233.0,86.97,0.0,0.0,4.13,0.0,card,Food & Beverage,0
2272.94,44.0,80.19,0.0,0.0,4.26,0.0,cod,Fashion,0
369.85,74.0,86.22,0.0,1.0,4.28,0.0,cod,Food & Beverage,1
669.05,102.0,80.09,0.0,3.0,4.08,0.0,upi,Books,0
962.77,88.0,96.49,0.0,1.0,4.87,0.0,card,Fashion,0
1399.16,204.0,31.82,1.0,1.0,1.88,1.0,card,Fashion,1
572.78,216.0,91.72,0.0,0.0,4.44,0.0,card,Books,0
492.84,1027.0,50.63,1.0,0.0,3.1,0.0,upi,Electronics,0
805.19,8.0,46.78,0.0,4.0,2.68,0.0,cod,Books,1
445.64,29.0,91.13,2.0,1.0,4.46,0.0,card,Home & Kitchen,0
624.06,173.0,91.49,1.0,0.0,4.6,0.0,wallet,Grocery,0
1864.65,1667.0,61.32,2.0,1.0,3.11,0.0,card,Books,0
367.12,790.0,82.59,1.0,3.0,4.02,0.0,card,Electronics,0
122.48,23.0,32.28,0.0,1.0,1.52,0.0,upi,Beauty,0
415.99,59.0,49.1,0.0,0.0,2.71,0.0,upi,Home & Kitchen,0
248.63,22.0,52.92,0.0,1.0,2.83,0.0,wallet,Books,0
1084.42,32.0,78.1,0.0,1.0,3.75,0.0,card,Pharmacy,0
491.9,222.0,84.62,0.0,3.0,4.26,0.0,card,Food & Beverage,0
1500.72,31.0,67.54,1.0,1.0,3.09,0.0,wallet,Grocery,0
613.64,64.0,91.46,0.0,1.0,5.0,0.0,upi,Fashion,0
252.68,273.0,72.42,1.0,1.0,3.86,0.0,cod,Beauty,0
1378.08,74.0,39.4,0.0,3.0,1.95,1.0,upi,Fashion,1
380.75,30.0,88.26,0.0,3.0,4.47,0.0,upi,Food & Beverage,0
121.54,315.0,69.07,1.0,0.0,3.7,0.0,upi,Food & Beverage,0
933.07,223.0,86.38,0.0,2.0,4.16,0.0,cod,Home & Kitchen,0
429.47,116.0,72.57,0.0,2.0,3.63,0.0,card,Fashion,0
983.66,76.0,44.61,1.0,1.0,2.45,0.0,upi,Grocery,0
1244.69,82.0,22.76,1.0,1.0,1.0,1.0,upi,Food & Beverage,1
859.05,446.0,48.91,0.0,2.0,2.61,0.0,cod,Electronics,0
445.97,54.0,40.35,1.0,2.0,2.77,1.0,upi,Food & Beverage,1
1410.18,225.0,86.64,1.0,1.0,3.84,0.0,card,Beauty,0
352.99,280.0,60.89,1.0,3.0,3.32,0.0,upi,Pharmacy,0
984.74,116.0,91.29,0.0,2.0,4.2,0.0,card,Beauty,0
1122.44,109.0,51.15,0.0,0.0,2.14,0.0,card,Home & Kitchen,0
750.0,361.0,51.35,1.0,0.0,2.45,0.0,cod,Electronics,0
1225.77,33.0,69.17,0.0,2.0,3.62,0.0,upi,Books,0
864.08,143.0,47.13,0.0,0.0,2.53,0.0,cod,Beauty,0
947.63,196.0,53.77,0.0,0.0,2.65,1.0,upi,Books,0
1228.71,207.0,74.97,0.0,1.0,3.43,0.0,upi,Fashion,0
832.8,540.0,25.25,1.0,2.0,1.22,1.0,upi,Fashion,1
1324.95,119.0,53.35,0.0,1.0,2.12,1.0,cod,Grocery,0
1676.72,331.0,85.79,0.0,4.0,4.54,0.0,cod,Home & Kitchen,0
1007.76,121.0,86.13,0.0,4.0,4.19,0.0,upi,Beauty,0
1247.35,56.0,88.3,0.0,2.0,4.75,0.0,card,Beauty,0
752.38,145.0,57.33,1.0,3.0,2.57,0.0,upi,Pharmacy,0
1696.1,50.0,79.44,0.0,1.0,4.13,0.0,cod,Food & Beverage,0
909.63,102.0,42.0,0.0,3.0,1.57,1.0,wallet,Fashion,1
1176.55,182.0,65.54,0.0,0.0,3.68,0.0,wallet,Grocery,0
258.32,441.0,77.76,0.0,0.0,4.02,0.0,card,Food & Beverage,0
1111.08,31.0,55.45,0.0,2.0,2.66,0.0,upi,Pharmacy,0
796.42,307.0,85.04,0.0,2.0,4.12,0.0,upi,Grocery,0
1083.52,247.0,95.41,1.0,2.0,4.68,0.0,upi,Pharmacy,0
1157.68,10.0,71.36,1.0,2.0,3.57,0.0,upi,Fashion,0
1234.12,204.0,89.05,0.0,3.0,3.97,0.0,upi,Food & Beverage,0
1120.32,435.0,49.45,0.0,0.0,2.37,0.0,card,Home & Kitchen,0
639.42,477.0,72.81,0.0,2.0,3.55,0.0,upi,Fashion,0
2100.61,370.0,50.36,0.0,2.0,2.82,0.0,cod,Home & Kitchen,0
1502.13,73.0,62.99,0.0,2.0,2.99,0.0,cod,Home & Kitchen,0
685.92,22.0,79.61,0.0,0.0,3.67,0.0,card,Beauty,0
661.61,122.0,67.69,1.0,0.0,3.36,0.0,wallet,Pharmacy,0
68.83,245.0,65.38,0.0,1.0,3.44,0.0,cod,Fashion,0
321.63,6.0,98.93,1.0,1.0,4.97,0.0,upi,Home & Kitchen,0
419.55,142.0,66.09,0.0,1.0,3.32,0.0,cod,Electronics,0
674.64,1.0,70.79,0.0,0.0,3.55,0.0,cod,Books,0
1657.13,82.0,62.2,3.0,2.0,3.06,0.0,upi,Books,0
622.39,391.0,76.27,0.0,3.0,3.65,0.0,card,Electronics,0
317.53,96.0,67.87,1.0,0.0,3.16,0.0,upi,Grocery,0
1070.65,111.0,61.99,0.0,1.0,3.11,0.0,upi,Fashion,0
1123.84,255.0,84.08,0.0,1.0,4.3,0.0,wallet,Grocery,0
626.82,3.0,21.72,0.0,0.0,1.11,1.0,wallet,Home & Kitchen,0
1526.8,142.0,61.28,0.0,3.0,2.52,0.0,card,Beauty,0
1593.74,104.0,65.75,0.0,3.0,3.57,0.0,upi,Beauty,0
179.0,2.0,60.41,2.0,2.0,2.61,0.0,upi,Electronics,0
1129.1,178.0,59.8,0.0,3.0,2.59,0.0,card,Books,0
114.38,165.0,88.16,0.0,1.0,4.09,0.0,upi,Pharmacy,0
679.96,336.0,51.06,0.0,3.0,2.42,0.0,card,Books,0
2758.51,231.0,41.0,0.0,1.0,2.02,0.0,upi,Pharmacy,0
1092.87,544.0,86.76,0.0,3.0,4.63,0.0,wallet,Fashion,0
461.13,114.0,26.86,2.0,3.0,1.64,0.0,upi,Beauty,0
1169.04,217.0,45.63,1.0,0.0,1.76,1.0,upi,Grocery,0
433.12,222.0,94.46,1.0,0.0,4.18,0.0,upi,Fashion,0
914.58,310.0,70.37,0.0,3.0,3.84,0.0,upi,Food & Beverage,0
371.2,134.0,64.88,0.0,1.0,3.19,0.0,upi,Pharmacy,0
562.51,25.0,89.55,0.0,1.0,4.17,0.0,card,Fashion,0
1510.15,121.0,33.4,0.0,1.0,1.85,0.0,cod,Beauty,0
2064.14,5.0,57.37,0.0,2.0,3.21,0.0,cod,Electronics,0
912.2,2.0,77.11,0.0,2.0,3.98,0.0,cod,Fashion,0
1256.73,254.0,79.71,1.0,0.0,3.75,0.0,wallet,Fashion,0
505.61,283.0,58.57,0.0,1.0,2.28,0.0,upi,Grocery,0
334.52,200.0,79.93,1.0,0.0,4.15,0.0,cod,Beauty,0
847.56,62.0,95.89,0.0,1.0,4.76,0.0,upi,Electronics,0
811.12,7.0,68.55,0.0,1.0,3.18,0.0,card,Beauty,0
2849.13,65.0,94.26,1.0,1.0,4.24,0.0,cod,Beauty,0
664.41,200.0,85.33,0.0,1.0,4.33,0.0,card,Fashion,0
643.78,77.0,62.78,0.0,5.0,2.97,0.0,upi,Home & Kitchen,0
1090.04,59.0,48.35,0.0,3.0,2.47,1.0,upi,Fashion,0
495.77,141.0,74.4,2.0,2.0,3.99,0.0,cod,Pharmacy,0
412.98,245.0,62.76,0.0,1.0,2.93,0.0,wallet,Beauty,0
983.17,257.0,46.68,1.0,0.0,2.97,1.0,cod,Grocery,0
230.19,113.0,45.49,0.0,1.0,2.24,0.0,upi,Food & Beverage,0
1048.47,106.0,28.07,0.0,0.0,1.63,1.0,upi,Books,0
542.49,28.0,31.92,0.0,0.0,1.44,0.0,upi,Home & Kitchen,0
1216.22,84.0,70.72,0.0,2.0,3.71,0.0,card,Beauty,0
1721.6,324.0,72.72,0.0,0.0,3.37,0.0,upi,Pharmacy,0
413.25,171.0,49.73,0.0,0.0,2.68,0.0,upi,Electronics,0
633.3,502.0,55.93,0.0,1.0,3.54,0.0,card,Pharmacy,0
1447.43,457.0,80.44,0.0,0.0,3.7,0.0,upi,Electronics,0
911.57,112.0,95.66,0.0,1.0,4.08,0.0,upi,Grocery,0
2091.63,425.0,64.54,0.0,3.0,3.04,0.0,upi,Books,1
935.04,38.0,86.78,1.0,3.0,4.43,0.0,cod,Food & Beverage,0
1666.47,56.0,51.06,1.0,2.0,2.58,0.0,upi,Grocery,1
295.52,160.0,64.03,0.0,0.0,3.08,0.0,card,Grocery,0
402.26,126.0,92.32,0.0,2.0,4.94,0.0,upi,Grocery,0
1919.63,277.0,75.88,0.0,1.0,3.66,0.0,upi,Books,0
395.78,54.0,55.64,1.0,0.0,3.05,0.0,cod,Food & Beverage,0
1933.91,422.0,39.9,0.0,1.0,1.88,0.0,upi,Books,0
444.56,173.0,51.71,1.0,1.0,2.32,0.0,card,Books,0
248.91,78.0,47.32,0.0,1.0,2.4,1.0,upi,Food & Beverage,1
659.55,7.0,74.54,0.0,0.0,3.78,0.0,card,Home & Kitchen,0
295.99,535.0,55.48,0.0,0.0,3.33,0.0,upi,Food & Beverage,0
1145.71,108.0,35.42,1.0,3.0,1.9,1.0,upi,Grocery,1
115.1,73.0,98.39,0.0,0.0,5.0,0.0,card,Electronics,0
2425.57,111.0,82.3,0.0,1.0,4.15,0.0,wallet,Pharmacy,0
809.11,32.0,77.1,0.0,1.0,3.69,0.0,upi,Grocery,0
1187.72,511.0,83.39,0.0,1.0,4.1,0.0,card,Fashion,0
1290.52,230.0,85.16,0.0,0.0,4.1,0.0,upi,Fashion,0
872.72,5.0,86.35,0.0,3.0,4.36,0.0,card,Books,0
1037.25,11.0,73.0,1.0,3.0,3.19,0.0,wallet,Electronics,0
594.2,563.0,53.96,0.0,2.0,2.18,0.0,upi,Books,0
1287.61,83.0,49.58,1.0,1.0,2.25,1.0,wallet,Food & Beverage,0
2148.05,1489.0,73.4,0.0,1.0,3.41,0.0,wallet,Books,0
578.8,30.0,71.9,0.0,1.0,3.68,0.0,cod,Food & Beverage,0
1395.69,603.0,70.13,0.0,3.0,3.33,0.0,upi,Grocery,0
1557.36,95.0,72.44,1.0,0.0,3.78,0.0,cod,Grocery,0
554.55,60.0,83.2,1.0,1.0,3.97,0.0,upi,Books,0
751.05,244.0,90.6,0.0,3.0,5.0,0.0,upi,Home & Kitchen,0
726.75,62.0,90.39,1.0,2.0,4.44,0.0,card,Pharmacy,0
668.08,135.0,25.31,1.0,1.0,1.38,1.0,card,Books,0
453.33,136.0,86.48,0.0,0.0,4.13,0.0,card,Grocery,0
772.03,270.0,66.63,0.0,0.0,3.2,0.0,upi,Fashion,0
646.23,156.0,71.98,2.0,3.0,3.72,0.0,upi,Pharmacy,0
1765.45,118.0,72.43,0.0,2.0,3.62,0.0,upi,Beauty,0
920.89,19.0,91.0,0.0,2.0,4.77,0.0,cod,Books,0
485.96,210.0,83.11,0.0,1.0,4.46,0.0,cod,Home & Kitchen,0
1836.42,123.0,94.57,0.0,3.0,5.0,0.0,upi,Fashion,0
1612.77,141.0,52.21,0.0,3.0,2.83,1.0,upi,Fashion,1
661.45,470.0,86.99,0.0,0.0,4.36,0.0,upi,Pharmacy,0
882.35,66.0,34.96,1.0,2.0,1.62,0.0,card,Electronics,0
1779.48,119.0,91.27,0.0,0.0,4.35,0.0,upi,Fashion,0
1356.59,98.0,75.88,0.0,3.0,3.67,0.0,cod,Home & Kitchen,0
211.47,106.0,89.32,1.0,3.0,4.53,0.0,cod,Pharmacy,0
376.81,164.0,58.46,1.0,0.0,3.27,0.0,card,Grocery,0
522.58,180.0,37.66,1.0,2.0,1.99,1.0,card,Beauty,0
568.07,15.0,69.92,0.0,2.0,3.41,0.0,card,Home & Kitchen,0
738.71,110.0,59.2,1.0,0.0,2.6,0.0,upi,Electronics,0
1011.0,185.0,86.71,1.0,1.0,4.1,0.0,card,Fashion,0
738.27,216.0,39.11,0.0,2.0,2.02,1.0,card,Grocery,1
1578.92,239.0,65.65,0.0,3.0,3.45,0.0,upi,Books,0
576.25,45.0,46.49,1.0,2.0,2.61,0.0,upi,Food & Beverage,0
1579.48,127.0,76.81,0.0,0.0,4.12,0.0,card,Food & Beverage,0
923.5,89.0,48.03,1.0,3.0,2.1,1.0,wallet,Electronics,0
884.76,146.0,70.99,0.0,1.0,3.34,0.0,upi,Home & Kitchen,0
1267.34,190.0,67.07,1.0,1.0,3.61,0.0,upi,Home & Kitchen,0
1139.89,821.0,51.78,0.0,1.0,2.9,0.0,upi,Grocery,0
736.46,417.0,77.6,1.0,1.0,3.88,0.0,upi,Books,0
448.24,68.0,96.13,0.0,0.0,5.0,0.0,card,Grocery,0
1792.86,105.0,88.24,0.0,1.0,4.76,0.0,upi,Food & Beverage,0
847.93,328.0,96.05,0.0,0.0,5.0,0.0,upi,Electronics,0
853.78,6.0,88.52,2.0,2.0,4.53,0.0,cod,Pharmacy,0
3176.76,13.0,95.68,0.0,1.0,4.27,0.0,upi,Books,0
1589.18,111.0,63.57,0.0,1.0,2.9,0.0,upi,Fashion,0
692.38,13.0,72.16,0.0,1.0,3.58,0.0,upi,Fashion,0
800.28,194.0,83.87,1.0,5.0,4.68,0.0,cod,Grocery,0
413.67,12.0,74.64,0.0,0.0,4.13,0.0,wallet,Books,0
313.99,21.0,81.95,0.0,0.0,3.89,0.0,cod,Electronics,0
692.08,17.0,44.12,0.0,2.0,2.5,1.0,card,Food & Beverage,0
1088.41,247.0,71.75,1.0,0.0,3.32,0.0,card,Books,0
436.05,166.0,50.29,0.0,0.0,1.73,1.0,upi,Pharmacy,0
1359.74,16.0,76.16,0.0,1.0,4.39,0.0,wallet,Pharmacy,0
361.73,323.0,82.16,0.0,4.0,3.44,0.0,wallet,Grocery,0
699.39,1.0,89.42,0.0,0.0,3.62,0.0,cod,Home & Kitchen,0
1279.56,411.0,21.8,0.0,3.0,1.16,1.0,cod,Pharmacy,1
2534.74,49.0,79.27,0.0,1.0,3.87,0.0,card,Books,0
1957.63,214.0,42.52,0.0,1.0,2.23,1.0,card,Fashion,0
1686.73,145.0,35.22,0.0,0.0,2.32,0.0,cod,Beauty,0
869.89,144.0,89.88,1.0,0.0,4.78,0.0,upi,Grocery,0
1410.24,55.0,87.98,0.0,3.0,4.56,0.0,card,Home & Kitchen,0
657.37,111.0,50.3,2.0,1.0,2.25,1.0,upi,Beauty,1
1223.58,273.0,77.12,1.0,1.0,3.71,0.0,wallet,Electronics,0
290.75,265.0,74.97,1.0,2.0,3.92,0.0,upi,Books,0
1011.14,38.0,92.49,0.0,0.0,4.49,0.0,card,Grocery,0
289.61,101.0,89.8,0.0,0.0,4.73,0.0,upi,Food & Beverage,0
1616.2,120.0,27.69,0.0,0.0,1.45,1.0,card,Pharmacy,0
1363.76,99.0,60.28,0.0,2.0,2.95,0.0,cod,Food & Beverage,0
2080.94,609.0,81.77,0.0,0.0,4.43,0.0,cod,Grocery,0
324.23,3.0,49.05,1.0,0.0,2.38,0.0,cod,Books,0
3156.61,81.0,84.25,0.0,1.0,3.8,0.0,card,Grocery,0
796.46,234.0,63.13,0.0,1.0,3.53,0.0,card,Books,0
1601.26,429.0,74.99,0.0,0.0,3.75,0.0,upi,Books,0
400.8,729.0,73.27,0.0,1.0,3.6,0.0,wallet,Electronics,0
1067.33,274.0,89.42,0.0,1.0,4.43,0.0,card,Beauty,0
732.48,54.0,55.38,2.0,1.0,2.6,0.0,upi,Pharmacy,0
1363.36,321.0,62.29,0.0,2.0,3.9,0.0,cod,Books,0
182.48,170.0,74.71,0.0,0.0,3.35,0.0,card,Electronics,0
373.62,33.0,96.69,1.0,1.0,4.94,0.0,card,Electronics,0
1715.95,55.0,25.44,0.0,0.0,1.33,1.0,upi,Beauty,0
366.83,70.0,79.08,0.0,0.0,4.19,0.0,upi,Books,0
741.93,90.0,75.25,0.0,1.0,3.66,0.0,card,Beauty,0
667.96,311.0,80.81,0.0,1.0,4.41,0.0,upi,Pharmacy,0
991.16,232.0,51.04,0.0,1.0,2.45,1.0,card,Food & Beverage,0
431.72,232.0,38.66,0.0,2.0,1.79,0.0,card,Fashion,0
1817.01,341.0,61.74,0.0,2.0,3.11,0.0,upi,Home & Kitchen,0
1005.57,315.0,69.73,0.0,3.0,3.59,0.0,upi,Books,0
1946.95,61.0,73.23,0.0,1.0,3.99,0.0,cod,Electronics,0
1354.85,90.0,58.88,0.0,0.0,2.56,0.0,card,Grocery,0
963.95,256.0,81.49,0.0,1.0,4.35,0.0,upi,Grocery,0
93.73,348.0,85.41,0.0,0.0,4.57,0.0,card,Books,0
1215.67,267.0,75.78,0.0,2.0,4.01,0.0,card,Pharmacy,0
1206.89,225.0,57.71,1.0,0.0,2.87,0.0,upi,Pharmacy,0
1922.65,88.0,80.65,1.0,1.0,3.89,0.0,upi,Fashion,0
908.01,124.0,94.39,2.0,1.0,4.87,0.0,upi,Beauty,0
851.26,22.0,76.15,0.0,0.0,3.88,0.0,upi,Home & Kitchen,0
1263.83,219.0,67.41,0.0,2.0,2.93,0.0,upi,Books,0
847.58,41.0,20.52,1.0,1.0,1.3,1.0,wallet,Books,0
585.75,417.0,37.64,0.0,1.0,1.68,1.0,card,Grocery,0
1423.18,13.0,64.27,1.0,1.0,3.02,0.0,upi,Beauty,0
157.87,18.0,79.35,0.0,1.0,4.29,0.0,upi,Beauty,0
837.76,228.0,45.0,0.0,0.0,2.3,0.0,upi,Pharmacy,0
617.75,73.0,91.58,0.0,0.0,4.53,0.0,upi,Beauty,0
364.3,76.0,89.5,1.0,0.0,4.37,0.0,cod,Books,0
980.9,214.0,69.37,0.0,3.0,3.4,0.0,card,Electronics,0
2093.3,166.0,87.49,1.0,1.0,4.37,0.0,wallet,Electronics,0
417.38,82.0,85.46,0.0,2.0,4.77,0.0,upi,Fashion,0
1216.55,107.0,88.97,0.0,0.0,3.87,0.0,upi,Pharmacy,0
1096.53,27.0,41.5,1.0,3.0,2.83,1.0,cod,Electronics,1
317.78,51.0,42.77,0.0,1.0,2.84,0.0,card,Fashion,0
1089.0,167.0,87.93,0.0,3.0,4.29,0.0,card,Electronics,0
641.41,250.0,73.42,3.0,1.0,3.73,0.0,upi,Fashion,0
500.57,226.0,66.74,0.0,0.0,3.39,0.0,upi,Pharmacy,0
492.19,162.0,59.07,0.0,0.0,3.28,0.0,upi,Electronics,0
3312.18,248.0,90.29,0.0,2.0,4.56,0.0,upi,Books,0
208.89,102.0,78.05,0.0,0.0,4.02,0.0,card,Grocery,0
1665.98,367.0,91.61,0.0,0.0,4.94,0.0,cod,Pharmacy,0
701.92,153.0,50.84,0.0,1.0,1.96,0.0,wallet,Grocery,0
391.71,336.0,43.26,0.0,2.0,2.12,0.0,upi,Beauty,0
606.44,248.0,75.85,0.0,1.0,3.86,0.0,upi,Grocery,0
1750.76,352.0,21.79,0.0,1.0,1.0,1.0,cod,Home & Kitchen,1
1803.11,15.0,93.28,1.0,0.0,4.15,0.0,upi,Electronics,0
382.17,23.0,79.24,0.0,2.0,3.98,0.0,upi,Electronics,0
1067.83,348.0,63.46,0.0,0.0,3.01,0.0,upi,Fashion,0
1020.08,195.0,81.7,0.0,1.0,3.96,0.0,upi,Food & Beverage,0
680.15,331.0,29.08,0.0,2.0,1.45,1.0,upi,Fashion,0
1142.95,9.0,52.86,0.0,2.0,2.14,0.0,upi,Books,0
1334.69,131.0,78.41,1.0,0.0,3.83,0.0,cod,Food & Beverage,0
366.14,57.0,30.2,0.0,1.0,1.31,1.0,card,Fashion,1
194.12,17.0,88.92,0.0,2.0,4.06,0.0,upi,Home & Kitchen,0
316.97,185.0,66.82,0.0,2.0,3.49,0.0,upi,Grocery,0
592.54,90.0,65.26,1.0,1.0,2.88,0.0,card,Grocery,0
684.07,411.0,62.5,0.0,0.0,3.29,0.0,card,Pharmacy,0
1423.91,100.0,70.82,1.0,1.0,3.81,0.0,card,Food & Beverage,0
761.91,231.0,74.21,0.0,1.0,3.68,0.0,upi,Pharmacy,0
593.35,17.0,69.34,0.0,1.0,3.8,0.0,card,Pharmacy,0
187.03,56.0,90.83,2.0,2.0,5.0,0.0,card,Electronics,0
1712.51,16.0,18.97,0.0,0.0,1.12,0.0,upi,Pharmacy,0
381.59,188.0,71.68,0.0,1.0,3.49,0.0,wallet,Electronics,0
1808.57,142.0,95.29,0.0,1.0,5.0,0.0,wallet,Books,0
549.34,652.0,51.97,1.0,2.0,2.02,0.0,upi,Fashion,0
333.51,26.0,81.33,0.0,0.0,4.77,0.0,card,Grocery,0
812.23,113.0,85.27,0.0,0.0,4.29,0.0,upi,Fashion,0
426.86,22.0,23.84,0.0,3.0,1.28,0.0,cod,Home & Kitchen,1
649.43,190.0,78.63,0.0,2.0,3.46,0.0,upi,Fashion,0
794.21,132.0,58.85,0.0,0.0,3.22,0.0,upi,Grocery,0
1322.92,108.0,79.33,1.0,0.0,4.0,0.0,cod,Beauty,0
2460.28,77.0,90.04,0.0,3.0,4.46,0.0,upi,Fashion,0
502.92,368.0,86.63,0.0,0.0,4.14,0.0,wallet,Food & Beverage,0
864.22,35.0,56.7,1.0,2.0,2.57,0.0,cod,Home & Kitchen,1
276.07,220.0,80.78,0.0,1.0,3.82,0.0,cod,Beauty,0
1179.59,25.0,64.96,0.0,2.0,2.76,0.0,upi,Electronics,0
911.1,31.0,72.53,0.0,2.0,3.69,0.0,upi,Electronics,0
184.04,40.0,93.56,0.0,1.0,5.0,0.0,cod,Food & Beverage,0
948.22,31.0,95.88,0.0,0.0,4.91,0.0,upi,Electronics,0
413.97,76.0,87.1,0.0,0.0,4.11,0.0,cod,Food & Beverage,0
642.14,65.0,65.19,0.0,0.0,3.36,0.0,card,Books,0
2083.08,99.0,28.29,0.0,1.0,1.0,1.0,cod,Fashion,1
209.6,116.0,78.81,1.0,0.0,4.45,0.0,cod,Grocery,0
1250.46,101.0,63.05,0.0,2.0,2.98,0.0,card,Pharmacy,0
366.88,757.0,23.68,0.0,0.0,1.34,1.0,card,Books,0
315.9,67.0,87.08,0.0,1.0,4.34,0.0,cod,Beauty,0
484.85,46.0,80.95,0.0,0.0,4.22,0.0,card,Home & Kitchen,0
293.3,94.0,86.15,0.0,2.0,5.0,0.0,card,Food & Beverage,0
2849.29,333.0,44.58,0.0,0.0,1.59,0.0,wallet,Grocery,0
194.59,148.0,60.32,0.0,1.0,3.09,0.0,cod,Fashion,0
271.32,50.0,74.49,0.0,2.0,3.81,0.0,cod,Electronics,0
151.44,290.0,47.64,1.0,2.0,2.27,1.0,card,Grocery,1
404.95,128.0,82.56,0.0,1.0,3.91,0.0,upi,Beauty,0
822.78,47.0,76.72,1.0,0.0,4.12,0.0,wallet,Home & Kitchen,0
890.13,117.0,90.59,0.0,1.0,4.52,0.0,upi,Electronics,0
970.63,165.0,51.99,0.0,2.0,2.6,0.0,upi,Fashion,0
1016.49,9.0,73.75,0.0,2.0,3.6,0.0,upi,Books,0
1500.15,284.0,83.13,2.0,0.0,4.11,0.0,cod,Beauty,0
2111.04,255.0,35.35,0.0,1.0,1.95,1.0,card,Grocery,0
1172.02,15.0,76.45,0.0,1.0,3.99,0.0,card,Fashion,0
798.9,18.0,90.08,0.0,1.0,4.27,0.0,cod,Fashion,0
375.13,658.0,55.8,1.0,3.0,2.7,0.0,cod,Food & Beverage,0
861.63,268.0,69.25,0.0,0.0,3.77,0.0,upi,Fashion,0
1142.01,191.0,26.84,1.0,0.0,1.85,0.0,cod,Home & Kitchen,0
624.48,111.0,36.53,0.0,1.0,2.33,1.0,card,Pharmacy,1
1313.62,673.0,38.36,0.0,3.0,2.4,0.0,cod,Grocery,1
1003.32,196.0,54.73,1.0,2.0,2.8,0.0,upi,Books,0
431.11,92.0,65.33,0.0,0.0,3.58,0.0,upi,Electronics,0
488.4,64.0,83.5,0.0,1.0,4.29,0.0,upi,Books,0
1662.37,195.0,34.73,0.0,0.0,1.51,0.0,upi,Beauty,0
149.61,120.0,27.25,0.0,1.0,1.33,0.0,card,Home & Kitchen,1
174.5,89.0,94.53,1.0,3.0,4.67,0.0,cod,Books,1
326.58,93.0,90.27,0.0,2.0,4.79,0.0,card,Pharmacy,0
2976.07,6.0,50.03,1.0,1.0,2.74,0.0,cod,Pharmacy,0
1029.12,557.0,71.59,2.0,1.0,3.55,0.0,card,Books,0
483.49,212.0,97.29,0.0,2.0,4.8,0.0,card,Fashion,0
1040.34,55.0,64.72,0.0,3.0,3.03,0.0,upi,Food & Beverage,0
452.83,290.0,46.87,0.0,0.0,2.25,0.0,wallet,Electronics,0
794.82,153.0,81.39,0.0,1.0,4.04,0.0,card,Electronics,0
527.85,574.0,53.64,1.0,3.0,2.78,1.0,wallet,Home & Kitchen,1
1014.49,282.0,46.65,0.0,2.0,2.37,1.0,upi,Books,0
667.91,457.0,91.46,0.0,1.0,4.33,0.0,card,Pharmacy,0
490.86,386.0,71.59,0.0,0.0,3.43,0.0,cod,Home & Kitchen,0
793.1,63.0,70.89,0.0,0.0,3.51,0.0,cod,Electronics,0
575.38,259.0,85.53,1.0,3.0,4.43,0.0,upi,Home & Kitchen,0
574.92,42.0,53.47,0.0,1.0,2.52,1.0,wallet,Pharmacy,0
234.62,89.0,94.14,1.0,0.0,4.27,0.0,upi,Grocery,0
996.92,29.0,64.74,2.0,1.0,2.9,0.0,upi,Home & Kitchen,0
3621.92,101.0,67.04,0.0,2.0,3.45,0.0,upi,Food & Beverage,0
819.64,289.0,58.19,1.0,0.0,3.05,0.0,card,Grocery,0
602.53,27.0,63.86,1.0,1.0,3.02,0.0,card,Books,0
617.01,236.0,60.74,2.0,2.0,2.74,0.0,cod,Pharmacy,0
1620.03,1000.0,45.03,0.0,1.0,1.83,0.0,upi,Books,0
73.36,134.0,92.44,0.0,1.0,4.22,0.0,cod,Pharmacy,0
837.15,33.0,28.26,0.0,2.0,1.3,1.0,card,Electronics,1
698.47,94.0,84.18,0.0,1.0,3.74,0.0,upi,Food & Beverage,0
666.41,18.0,24.59,0.0,3.0,1.28,1.0,card,Grocery,1
775.84,1059.0,90.39,1.0,1.0,4.67,0.0,upi,Grocery,0
345.49,189.0,56.43,1.0,0.0,2.41,0.0,cod,Electronics,0
355.95,226.0,79.14,1.0,1.0,3.65,0.0,card,Grocery,0
210.63,35.0,50.25,0.0,0.0,2.48,0.0,cod,Fashion,0
1015.88,63.0,87.6,1.0,0.0,4.14,0.0,upi,Grocery,0
96.07,122.0,62.18,0.0,3.0,3.17,0.0,upi,Fashion,0
870.08,150.0,78.21,0.0,1.0,4.21,0.0,card,Books,0
485.09,89.0,84.73,0.0,1.0,4.17,0.0,card,Beauty,0
339.52,326.0,79.63,0.0,1.0,3.47,0.0,upi,Pharmacy,0
799.97,149.0,24.16,0.0,1.0,1.26,0.0,card,Books,0
542.86,312.0,43.86,1.0,0.0,2.09,0.0,upi,Home & Kitchen,0
786.32,66.0,94.07,1.0,1.0,4.86,0.0,card,Fashion,0
361.95,98.0,77.7,0.0,0.0,4.58,0.0,card,Pharmacy,0
935.72,130.0,48.85,0.0,1.0,2.15,0.0,upi,Electronics,0
682.79,307.0,34.96,0.0,2.0,1.53,1.0,card,Books,0
1272.72,35.0,61.86,0.0,0.0,3.18,0.0,upi,Electronics,0
241.89,223.0,47.05,0.0,1.0,2.61,0.0,cod,Books,0
541.08,3.0,70.29,0.0,0.0,4.13,0.0,cod,Beauty,0
491.75,23.0,91.04,0.0,1.0,4.43,0.0,cod,Fashion,0
1097.88,362.0,54.99,0.0,1.0,2.49,0.0,upi,Pharmacy,0
1484.6,78.0,85.5,0.0,2.0,4.04,0.0,cod,Pharmacy,0
832.78,215.0,35.67,0.0,1.0,1.65,1.0,card,Home & Kitchen,0
665.16,547.0,54.63,2.0,0.0,2.66,0.0,wallet,Beauty,0
1273.9,69.0,67.25,1.0,1.0,3.41,0.0,card,Food & Beverage,0
577.61,849.0,64.43,0.0,0.0,3.23,0.0,upi,Pharmacy,0
2097.95,822.0,80.89,0.0,1.0,3.66,0.0,card,Grocery,0
421.83,303.0,21.14,1.0,0.0,1.0,1.0,card,Pharmacy,0
134.5,439.0,40.31,1.0,0.0,1.98,0.0,wallet,Beauty,0
237.57,46.0,83.09,0.0,0.0,3.93,0.0,upi,Home & Kitchen,0
556.02,100.0,24.74,0.0,1.0,1.06,1.0,upi,Beauty,0
2777.83,110.0,42.04,0.0,0.0,2.37,0.0,cod,Fashion,0
355.97,61.0,66.2,0.0,2.0,3.51,0.0,card,Books,0
2080.94,40.0,29.14,0.0,1.0,1.35,1.0,upi,Beauty,1
826.22,209.0,86.87,0.0,2.0,4.65,0.0,cod,Electronics,0
354.65,398.0,65.0,0.0,1.0,3.58,0.0,upi,Home & Kitchen,0
594.15,618.0,75.23,0.0,1.0,4.17,0.0,upi,Fashion,0
1365.67,494.0,29.74,0.0,0.0,1.95,1.0,upi,Electronics,0
647.25,22.0,22.48,0.0,1.0,1.06,1.0,upi,Home & Kitchen,1
362.09,409.0,67.38,0.0,0.0,3.7,0.0,wallet,Fashion,0
562.35,30.0,42.94,0.0,2.0,2.06,0.0,wallet,Beauty,0
1578.29,200.0,66.82,0.0,1.0,3.7,0.0,card,Grocery,0
3332.69,262.0,93.98,0.0,0.0,4.63,0.0,upi,Fashion,0
1317.56,5.0,50.23,1.0,1.0,2.52,1.0,card,Fashion,0
2179.15,170.0,21.09,1.0,0.0,1.0,1.0,wallet,Beauty,0
1293.94,295.0,92.27,0.0,0.0,4.31,0.0,cod,Grocery,0
1286.41,65.0,53.93,0.0,0.0,2.82,0.0,upi,Electronics,0
1095.6,111.0,60.32,0.0,1.0,3.31,0.0,cod,Beauty,0
968.03,1635.0,77.9,0.0,2.0,3.58,0.0,upi,Fashion,0
432.65,32.0,60.11,0.0,1.0,3.4,0.0,card,Grocery,0
770.59,30.0,73.86,0.0,2.0,4.06,0.0,upi,Books,0
1314.96,25.0,54.06,0.0,0.0,2.82,0.0,cod,Food & Beverage,0
971.82,28.0,60.8,0.0,0.0,3.33,0.0,card,Electronics,0
210.11,39.0,74.21,0.0,1.0,3.55,0.0,upi,Electronics,0
1568.33,93.0,84.78,0.0,2.0,3.81,0.0,card,Electronics,0
1138.18,99.0,58.29,0.0,1.0,2.76,0.0,card,Food & Beverage,0
1509.27,505.0,53.12,1.0,3.0,3.01,1.0,wallet,Grocery,1
349.93,172.0,86.59,0.0,0.0,4.71,0.0,card,Books,0
213.38,91.0,84.55,0.0,1.0,3.87,0.0,upi,Pharmacy,0
647.56,296.0,77.77,0.0,1.0,3.53,0.0,cod,Grocery,0
1004.42,347.0,62.76,0.0,1.0,2.87,0.0,cod,Beauty,0
1961.63,4.0,93.8,0.0,0.0,4.11,0.0,card,Pharmacy,0
915.19,44.0,52.95,0.0,0.0,2.46,0.0,cod,Electronics,0
2529.72,87.0,79.32,0.0,1.0,4.11,0.0,upi,Grocery,0
540.11,152.0,74.24,0.0,1.0,2.81,0.0,upi,Home & Kitchen,0
1093.5,294.0,52.9,1.0,1.0,2.62,0.0,cod,Electronics,0
173.66,84.0,43.75,0.0,1.0,2.61,1.0,upi,Electronics,0
1380.43,196.0,36.55,1.0,1.0,2.1,0.0,wallet,Pharmacy,0
1883.22,8.0,92.26,0.0,2.0,4.73,0.0,wallet,Pharmacy,0
961.78,616.0,49.67,0.0,1.0,2.52,1.0,card,Books,1
292.41,407.0,31.07,0.0,0.0,1.89,0.0,cod,Electronics,0
766.06,15.0,33.74,2.0,2.0,1.84,1.0,cod,Grocery,1
528.59,83.0,89.91,1.0,4.0,4.41,0.0,upi,Food & Beverage,0
576.46,606.0,48.13,1.0,0.0,2.69,0.0,card,Pharmacy,0
761.03,28.0,88.38,0.0,0.0,4.01,0.0,wallet,Fashion,0
282.02,231.0,26.45,0.0,0.0,1.56,1.0,card,Home & Kitchen,0
903.1,49.0,83.59,0.0,2.0,4.34,0.0,upi,Home & Kitchen,0
558.43,30.0,35.23,0.0,1.0,1.82,1.0,upi,Pharmacy,1
1035.43,205.0,87.91,1.0,2.0,4.42,0.0,upi,Food & Beverage,0
1036.42,146.0,82.17,1.0,1.0,4.61,0.0,upi,Food & Beverage,0
348.45,34.0,89.0,0.0,0.0,4.77,0.0,card,Beauty,0
621.08,138.0,71.07,1.0,1.0,3.97,0.0,cod,Home & Kitchen,0
603.15,586.0,80.11,0.0,0.0,4.15,0.0,wallet,Home & Kitchen,0
740.19,117.0,78.78,0.0,1.0,4.28,0.0,upi,Books,0
1731.84,171.0,30.67,0.0,1.0,1.67,1.0,cod,Home & Kitchen,0
467.32,130.0,75.68,1.0,0.0,3.74,0.0,card,Beauty,0
617.24,10.0,35.34,0.0,1.0,2.0,1.0,cod,Beauty,0
1044.82,341.0,39.99,0.0,1.0,1.92,1.0,upi,Food & Beverage,0
799.83,375.0,36.07,0.0,0.0,2.16,0.0,card,Electronics,0
1355.99,134.0,64.98,0.0,2.0,2.89,0.0,upi,Grocery,0
1021.68,61.0,38.71,2.0,1.0,1.86,1.0,cod,Fashion,1
613.38,404.0,74.71,1.0,5.0,3.53,0.0,upi,Grocery,0
849.6,150.0,79.12,1.0,3.0,4.66,0.0,upi,Beauty,0
1590.87,544.0,92.99,1.0,1.0,4.46,0.0,card,Books,0
305.08,190.0,72.26,1.0,1.0,3.6,0.0,cod,Electronics,0
330.3,81.0,53.95,0.0,6.0,2.08,0.0,card,Grocery,1
365.97,279.0,98.2,0.0,2.0,5.0,0.0,card,Beauty,0
631.42,90.0,46.44,0.0,7.0,2.08,0.0,upi,Books,1
686.12,299.0,71.47,0.0,3.0,4.03,0.0,upi,Fashion,0
1750.34,88.0,47.34,0.0,1.0,2.06,0.0,upi,Grocery,0
526.08,902.0,86.89,0.0,2.0,4.05,0.0,upi,Pharmacy,0
229.75,17.0,78.18,1.0,1.0,4.16,0.0,upi,Books,0
1587.93,396.0,27.61,0.0,2.0,1.0,1.0,wallet,Grocery,1
509.21,190.0,80.15,0.0,0.0,4.14,0.0,upi,Beauty,0
1218.4,90.0,73.53,0.0,2.0,3.45,0.0,cod,Beauty,0
1420.45,488.0,85.24,1.0,1.0,4.91,0.0,card,Fashion,0
892.87,255.0,91.81,1.0,2.0,5.0,0.0,upi,Food & Beverage,0
739.43,190.0,78.57,0.0,1.0,4.31,0.0,upi,Fashion,0
424.37,140.0,66.4,2.0,3.0,4.02,0.0,upi,Fashion,0
414.68,388.0,92.6,0.0,0.0,4.45,0.0,upi,Home & Kitchen,0
1457.26,243.0,42.46,1.0,1.0,2.36,1.0,cod,Food & Beverage,1
991.42,105.0,34.18,0.0,0.0,1.43,1.0,wallet,Grocery,0
1463.28,224.0,83.9,0.0,2.0,4.46,0.0,wallet,Fashion,0
536.02,97.0,69.07,0.0,2.0,3.56,0.0,upi,Food & Beverage,0
1655.51,78.0,71.46,1.0,2.0,3.21,0.0,upi,Food & Beverage,0
2063.22,6.0,51.2,0.0,2.0,2.54,0.0,cod,Food & Beverage,0
285.11,68.0,57.75,0.0,2.0,2.92,0.0,upi,Food & Beverage,0
299.45,67.0,47.62,0.0,4.0,2.4,0.0,upi,Electronics,0
1271.41,231.0,74.9,0.0,2.0,4.29,0.0,card,Grocery,0
858.8,148.0,67.73,1.0,2.0,3.07,0.0,upi,Electronics,0
658.81,48.0,63.06,0.0,0.0,2.95,0.0,upi,Fashion,0
1402.54,346.0,70.55,1.0,1.0,2.64,0.0,card,Home & Kitchen,0
481.47,126.0,94.84,0.0,0.0,4.94,0.0,card,Books,0
505.04,109.0,34.0,1.0,0.0,1.95,1.0,card,Books,1
316.32,64.0,82.33,0.0,1.0,4.38,0.0,upi,Grocery,0
1525.5,44.0,92.12,1.0,0.0,4.6,0.0,upi,Electronics,0
267.52,597.0,91.25,1.0,1.0,4.34,0.0,upi,Electronics,0
1409.05,109.0,90.44,0.0,2.0,4.16,0.0,upi,Food & Beverage,0
1133.44,10.0,58.04,0.0,2.0,3.07,0.0,cod,Grocery,1
1439.17,132.0,68.64,0.0,0.0,3.18,0.0,upi,Home & Kitchen,0
335.82,502.0,82.03,1.0,2.0,3.6,0.0,upi,Fashion,0
721.74,45.0,42.35,0.0,1.0,2.43,1.0,cod,Food & Beverage,1
425.48,235.0,73.44,2.0,0.0,3.56,0.0,upi,Beauty,0
1940.47,44.0,91.18,0.0,2.0,4.61,0.0,card,Pharmacy,0
817.4,148.0,40.14,0.0,2.0,1.0,1.0,upi,Fashion,1
521.0,149.0,57.49,0.0,3.0,2.86,0.0,upi,Food & Beverage,0
407.23,336.0,60.1,0.0,5.0,2.93,0.0,upi,Books,0
884.95,37.0,63.3,2.0,1.0,3.72,0.0,wallet,Food & Beverage,0
524.61,17.0,78.52,0.0,1.0,3.85,0.0,card,Home & Kitchen,0
569.98,519.0,77.97,0.0,0.0,2.99,0.0,upi,Grocery,0
694.99,322.0,40.21,0.0,1.0,1.94,0.0,cod,Beauty,0
2702.09,58.0,51.07,0.0,2.0,2.56,0.0,wallet,Beauty,0
790.73,163.0,46.49,1.0,2.0,2.72,0.0,upi,Electronics,0
508.5,8.0,73.27,0.0,0.0,3.65,0.0,card,Grocery,0
789.22,154.0,79.67,0.0,1.0,3.85,0.0,upi,Pharmacy,0
444.49,23.0,33.73,0.0,3.0,1.64,0.0,card,Food & Beverage,1
1926.59,313.0,73.38,0.0,0.0,4.55,0.0,upi,Fashion,0
1243.55,39.0,45.47,0.0,1.0,2.43,1.0,upi,Beauty,0
279.4,38.0,72.09,0.0,0.0,3.51,0.0,card,Books,0
1235.97,81.0,47.85,0.0,4.0,2.71,1.0,card,Beauty,1
900.68,45.0,73.91,0.0,1.0,3.34,0.0,card,Food & Beverage,0
1089.25,78.0,47.39,0.0,2.0,2.13,1.0,cod,Food & Beverage,1
1552.58,157.0,84.44,3.0,1.0,4.05,0.0,cod,Grocery,0
359.19,21.0,96.22,0.0,0.0,4.25,0.0,cod,Pharmacy,0
717.48,179.0,43.4,1.0,0.0,2.48,0.0,wallet,Home & Kitchen,0
1050.58,2.0,95.65,1.0,0.0,4.53,0.0,card,Electronics,0
1443.8,101.0,42.38,1.0,1.0,2.16,1.0,cod,Home & Kitchen,1
1178.9,345.0,29.64,0.0,1.0,1.3,1.0,wallet,Electronics,0
700.87,407.0,89.26,0.0,1.0,4.57,0.0,card,Beauty,0
1516.48,4.0,35.05,0.0,1.0,2.36,0.0,upi,Fashion,0
657.94,690.0,87.05,1.0,1.0,4.24,0.0,cod,Food & Beverage,0
577.36,240.0,93.28,1.0,1.0,4.51,0.0,upi,Food & Beverage,0
152.74,228.0,68.18,2.0,5.0,3.01,0.0,upi,Food & Beverage,0
314.09,113.0,75.96,0.0,3.0,3.7,0.0,cod,Pharmacy,0
663.57,4.0,64.94,1.0,0.0,2.64,0.0,upi,Beauty,0
329.73,88.0,77.32,0.0,0.0,4.33,0.0,upi,Pharmacy,0
201.71,90.0,91.51,1.0,0.0,4.37,0.0,cod,Pharmacy,0
374.23,88.0,73.17,0.0,2.0,3.35,0.0,upi,Beauty,0
2057.01,140.0,53.19,0.0,2.0,2.6,0.0,card,Fashion,0
271.24,13.0,97.29,0.0,0.0,5.0,0.0,upi,Food & Beverage,0
295.67,1.0,71.96,0.0,0.0,3.52,0.0,upi,Grocery,0
1393.83,95.0,82.27,1.0,1.0,4.47,0.0,cod,Electronics,0
1035.77,121.0,59.02,0.0,1.0,2.8,0.0,cod,Grocery,0
723.47,55.0,77.45,0.0,0.0,3.62,0.0,card,Fashion,0
1316.98,398.0,69.57,1.0,0.0,3.46,0.0,card,Grocery,0
811.87,144.0,81.09,0.0,2.0,4.0,0.0,card,Fashion,0
53.35,60.0,68.43,0.0,2.0,3.72,0.0,upi,Pharmacy,0
479.17,98.0,24.43,0.0,3.0,1.48,1.0,cod,Fashion,1
3026.78,138.0,24.14,0.0,1.0,1.05,1.0,wallet,Electronics,1
812.43,235.0,78.16,0.0,1.0,3.4,0.0,upi,Fashion,0
1630.52,114.0,74.88,0.0,3.0,3.93,0.0,upi,Pharmacy,0
1711.22,97.0,63.63,0.0,1.0,2.79,0.0,upi,Grocery,0
1162.14,787.0,30.07,0.0,0.0,1.47,1.0,upi,Grocery,0
748.31,287.0,88.33,3.0,1.0,4.58,0.0,card,Books,0
398.02,297.0,90.06,0.0,1.0,5.0,0.0,upi,Food & Beverage,0
273.29,12.0,68.5,0.0,3.0,4.13,0.0,upi,Books,0
1674.58,111.0,59.17,0.0,5.0,3.09,0.0,upi,Pharmacy,1
993.49,256.0,43.28,1.0,1.0,1.52,1.0,card,Books,1
1001.72,17.0,56.81,0.0,1.0,2.48,0.0,upi,Home & Kitchen,0
1157.54,5.0,83.36,0.0,1.0,4.12,0.0,card,Fashion,0
586.64,29.0,88.43,0.0,1.0,4.31,0.0,cod,Food & Beverage,0
1469.82,22.0,51.48,1.0,1.0,2.61,0.0,upi,Books,0
851.92,644.0,76.08,0.0,1.0,3.85,0.0,upi,Pharmacy,0
634.89,154.0,63.86,0.0,1.0,2.81,0.0,card,Books,0
1012.24,318.0,77.56,0.0,0.0,4.07,0.0,upi,Food & Beverage,0
1504.04,200.0,23.48,1.0,0.0,1.0,1.0,wallet,Electronics,0
615.85,180.0,69.27,0.0,1.0,3.51,0.0,upi,Pharmacy,0
3010.1,218.0,41.36,0.0,2.0,2.65,1.0,upi,Fashion,0
264.9,204.0,83.0,0.0,3.0,3.83,0.0,upi,Grocery,0
1106.31,794.0,75.86,3.0,0.0,3.84,0.0,upi,Fashion,0
438.67,185.0,55.05,0.0,2.0,2.62,0.0,upi,Beauty,0
865.65,2.0,83.99,0.0,0.0,3.88,0.0,upi,Grocery,0
1274.75,225.0,81.67,1.0,1.0,4.12,0.0,upi,Beauty,0
6037.52,115.0,91.95,0.0,1.0,4.35,0.0,upi,Home & Kitchen,0
186.08,143.0,86.47,0.0,1.0,4.58,0.0,upi,Food & Beverage,0
345.88,66.0,38.68,1.0,2.0,2.14,0.0,upi,Books,1
1139.22,97.0,87.5,0.0,0.0,4.91,0.0,card,Electronics,0
1527.59,202.0,85.09,1.0,0.0,4.5,0.0,upi,Food & Beverage,0
564.84,36.0,11.22,0.0,1.0,1.0,0.0,card,Electronics,1
327.44,45.0,80.44,0.0,1.0,3.39,0.0,cod,Home & Kitchen,0
1166.7,133.0,59.22,0.0,1.0,3.25,0.0,wallet,Grocery,0
492.31,103.0,81.29,1.0,0.0,4.31,0.0,cod,Beauty,0
1856.61,16.0,51.69,1.0,1.0,2.35,0.0,upi,Home & Kitchen,0
1075.79,80.0,33.81,0.0,0.0,2.25,1.0,upi,Home & Kitchen,0
1145.52,302.0,27.06,1.0,1.0,1.65,1.0,card,Grocery,0
1704.68,73.0,89.95,0.0,2.0,4.57,0.0,cod,Home & Kitchen,0
2574.85,97.0,69.05,0.0,0.0,3.69,0.0,cod,Beauty,0
380.31,421.0,67.98,0.0,1.0,3.55,0.0,card,Grocery,0
651.94,126.0,68.3,0.0,0.0,3.48,0.0,cod,Electronics,0
1855.51,117.0,38.87,0.0,2.0,1.88,1.0,upi,Fashion,1
834.44,214.0,90.73,0.0,1.0,4.92,0.0,upi,Electronics,0
537.98,272.0,52.06,1.0,3.0,2.16,0.0,wallet,Food & Beverage,0
769.38,127.0,89.33,0.0,2.0,4.53,0.0,wallet,Grocery,0
2436.93,63.0,77.84,0.0,1.0,4.35,0.0,cod,Fashion,0
797.11,53.0,67.63,1.0,2.0,3.42,0.0,upi,Home & Kitchen,0
1239.24,125.0,82.11,1.0,4.0,4.35,0.0,upi,Grocery,0
639.37,58.0,72.8,1.0,0.0,3.64,0.0,upi,Electronics,0
229.15,175.0,67.52,0.0,1.0,3.07,0.0,upi,Grocery,0
1496.21,90.0,82.11,1.0,2.0,4.39,0.0,upi,Grocery,0
638.73,348.0,70.01,1.0,1.0,3.96,0.0,upi,Beauty,0
1613.3,101.0,78.68,0.0,3.0,3.76,0.0,upi,Electronics,0
1201.54,182.0,75.33,0.0,0.0,3.94,0.0,cod,Home & Kitchen,0
1008.54,309.0,51.36,0.0,1.0,2.66,1.0,upi,Pharmacy,0
1948.24,194.0,66.78,0.0,2.0,3.22,0.0,upi,Books,0
640.5,222.0,98.98,1.0,0.0,5.0,0.0,upi,Grocery,0
1473.15,386.0,60.83,0.0,2.0,2.97,0.0,cod,Pharmacy,0
802.22,102.0,77.84,0.0,1.0,3.57,0.0,card,Fashion,0
603.51,31.0,32.46,1.0,2.0,1.51,1.0,card,Electronics,1
1122.57,36.0,84.3,1.0,1.0,4.17,0.0,card,Electronics,0
549.93,1.0,71.67,0.0,1.0,3.38,0.0,upi,Grocery,0
661.13,134.0,74.26,0.0,1.0,3.54,0.0,cod,Fashion,0
909.81,11.0,96.97,0.0,2.0,4.49,0.0,upi,Books,0
1879.16,391.0,35.78,0.0,0.0,1.69,1.0,cod,Electronics,0
2012.09,950.0,88.27,0.0,0.0,4.47,0.0,wallet,Fashion,0
337.6,26.0,83.84,0.0,2.0,3.91,0.0,upi,Fashion,0
582.77,279.0,87.95,0.0,0.0,4.06,0.0,upi,Pharmacy,0
1306.1,367.0,78.02,0.0,3.0,3.59,0.0,wallet,Food & Beverage,0
523.32,13.0,87.46,0.0,1.0,4.32,0.0,wallet,Beauty,0
573.04,44.0,80.55,0.0,0.0,3.87,0.0,card,Pharmacy,0
778.62,534.0,97.63,0.0,1.0,4.38,0.0,upi,Fashion,0
1263.45,10.0,53.95,2.0,2.0,2.31,0.0,card,Fashion,1
991.5,5.0,94.15,0.0,3.0,4.67,0.0,card,Fashion,0
2030.29,440.0,89.28,0.0,2.0,4.34,0.0,upi,Pharmacy,0
903.39,556.0,50.63,0.0,2.0,2.49,0.0,cod,Grocery,0
1003.2,711.0,25.36,0.0,2.0,1.73,1.0,upi,Fashion,0
801.08,25.0,30.49,0.0,4.0,1.59,1.0,cod,Home & Kitchen,1
1087.19,151.0,28.19,0.0,3.0,1.0,1.0,card,Home & Kitchen,1
608.7,3.0,72.9,0.0,0.0,3.44,0.0,upi,Pharmacy,0
1127.09,204.0,47.61,0.0,2.0,2.48,1.0,upi,Beauty,0
512.86,18.0,24.08,0.0,0.0,1.0,1.0,card,Grocery,0
1776.01,52.0,34.0,0.0,0.0,1.39,1.0,card,Beauty,0
838.21,438.0,23.21,0.0,2.0,1.42,1.0,card,Beauty,1
2279.35,8.0,91.67,1.0,2.0,4.45,0.0,cod,Home & Kitchen,0
1755.16,178.0,68.52,0.0,1.0,3.15,0.0,card,Grocery,0
1023.33,59.0,79.94,0.0,1.0,3.73,0.0,upi,Fashion,0
1343.52,21.0,22.33,0.0,0.0,1.61,1.0,card,Grocery,0
1143.59,609.0,91.95,0.0,2.0,4.24,0.0,upi,Pharmacy,0
343.58,329.0,36.27,0.0,0.0,1.74,0.0,upi,Home & Kitchen,0
993.4,37.0,55.67,0.0,0.0,2.73,0.0,wallet,Home & Kitchen,0
956.9,2.0,69.99,0.0,0.0,3.7,0.0,card,Pharmacy,0
796.21,126.0,56.35,0.0,0.0,2.56,0.0,upi,Beauty,0
1207.1,464.0,76.14,0.0,0.0,3.54,0.0,upi,Food & Beverage,0
1010.11,224.0,75.6,1.0,1.0,4.01,0.0,upi,Home & Kitchen,0
1059.26,101.0,54.0,0.0,1.0,3.43,0.0,cod,Pharmacy,0
2203.43,204.0,36.4,0.0,0.0,1.64,1.0,cod,Food & Beverage,0
907.73,275.0,33.92,0.0,0.0,1.5,1.0,card,Fashion,0
1489.98,143.0,91.26,0.0,1.0,5.0,0.0,cod,Books,0
833.22,270.0,55.82,0.0,0.0,2.67,0.0,card,Pharmacy,0
2231.21,38.0,59.92,2.0,3.0,2.89,0.0,cod,Books,1
1307.41,97.0,83.97,0.0,1.0,4.25,0.0,cod,Grocery,0
1024.79,599.0,66.22,0.0,0.0,3.43,0.0,card,Grocery,0
556.38,625.0,54.44,2.0,3.0,2.8,1.0,upi,Home & Kitchen,1
2263.34,386.0,49.55,0.0,2.0,2.77,0.0,cod,Home & Kitchen,0
1678.07,80.0,65.91,0.0,0.0,2.88,0.0,cod,Books,0
525.36,138.0,89.49,0.0,2.0,4.41,0.0,card,Fashion,0
270.23,275.0,67.06,0.0,2.0,3.68,0.0,cod,Pharmacy,0
723.66,531.0,25.48,0.0,0.0,1.0,1.0,card,Grocery,0
437.4,325.0,40.41,0.0,1.0,1.63,1.0,upi,Food & Beverage,0
780.24,29.0,68.44,0.0,1.0,3.63,0.0,cod,Food & Beverage,0
1430.03,139.0,96.8,0.0,0.0,4.86,0.0,card,Home & Kitchen,0
1670.8,49.0,72.6,0.0,0.0,3.44,0.0,wallet,Pharmacy,0
249.12,40.0,41.12,1.0,2.0,2.15,1.0,upi,Beauty,1
326.72,568.0,78.09,1.0,1.0,4.04,0.0,cod,Beauty,0
426.98,520.0,61.54,0.0,1.0,2.81,0.0,upi,Books,0
982.88,122.0,59.6,0.0,0.0,2.96,0.0,upi,Books,0
1744.59,58.0,66.91,1.0,1.0,2.99,0.0,upi,Electronics,0
836.22,1041.0,47.35,0.0,2.0,2.71,0.0,upi,Pharmacy,0
243.47,17.0,79.68,0.0,0.0,3.52,0.0,card,Pharmacy,0
1064.79,70.0,53.06,1.0,1.0,2.61,0.0,card,Books,0
635.79,767.0,27.87,0.0,0.0,1.63,1.0,cod,Electronics,0
643.19,23.0,36.67,0.0,0.0,2.43,1.0,cod,Pharmacy,1
976.66,125.0,72.19,0.0,1.0,3.55,0.0,upi,Beauty,0
1240.09,245.0,76.84,0.0,0.0,4.67,0.0,cod,Grocery,0
1623.0,68.0,23.77,0.0,2.0,1.0,1.0,wallet,Electronics,0
1776.08,111.0,39.79,0.0,0.0,2.17,0.0,upi,Grocery,0
1486.99,820.0,70.13,0.0,1.0,3.3,0.0,upi,Fashion,0
1380.15,47.0,50.56,0.0,0.0,3.02,0.0,upi,Books,0
312.5,356.0,79.15,1.0,1.0,3.93,0.0,wallet,Electronics,0
1309.62,70.0,76.33,0.0,1.0,3.51,0.0,wallet,Beauty,0
791.09,37.0,75.47,0.0,0.0,4.15,0.0,cod,Home & Kitchen,0
1759.32,201.0,65.01,0.0,2.0,3.12,0.0,upi,Fashion,0
605.64,122.0,64.15,0.0,0.0,2.82,0.0,card,Fashion,0
747.86,106.0,97.02,1.0,3.0,4.75,0.0,cod,Beauty,0
550.18,21.0,80.44,1.0,2.0,4.32,0.0,upi,Food & Beverage,0
623.44,198.0,61.05,0.0,0.0,3.01,0.0,upi,Home & Kitchen,0
1997.36,37.0,42.38,0.0,1.0,2.0,0.0,upi,Grocery,0
568.58,281.0,76.06,1.0,0.0,3.8,0.0,cod,Fashion,0
921.34,228.0,44.27,0.0,5.0,1.49,0.0,card,Electronics,1
605.72,629.0,68.74,0.0,1.0,4.29,0.0,card,Fashion,0
920.3,464.0,72.76,1.0,0.0,3.62,0.0,upi,Pharmacy,0
1065.34,1.0,71.5,0.0,2.0,3.86,0.0,upi,Beauty,0
1298.12,21.0,77.39,0.0,0.0,4.32,0.0,cod,Books,0
862.06,415.0,24.29,0.0,1.0,1.0,1.0,upi,Pharmacy,0
2116.84,105.0,92.32,1.0,2.0,4.23,0.0,card,Fashion,0
267.13,158.0,80.5,0.0,2.0,4.5,0.0,card,Books,0
552.97,21.0,70.48,0.0,1.0,3.28,0.0,upi,Books,0
535.68,99.0,70.1,0.0,1.0,3.39,0.0,card,Food & Beverage,0
449.23,68.0,64.29,0.0,4.0,2.98,0.0,upi,Grocery,0
1232.44,49.0,58.34,0.0,3.0,2.02,0.0,card,Pharmacy,0
539.16,121.0,93.42,0.0,0.0,4.6,0.0,card,Beauty,0
91.96,13.0,82.18,0.0,3.0,4.08,0.0,upi,Food & Beverage,0
998.58,85.0,45.66,0.0,1.0,2.6,0.0,upi,Home & Kitchen,0
2151.32,249.0,24.56,0.0,3.0,1.09,1.0,upi,Grocery,0
119.59,282.0,34.38,1.0,1.0,1.53,1.0,wallet,Books,1
1192.13,14.0,91.33,0.0,1.0,4.73,0.0,card,Books,0
1569.31,160.0,83.87,0.0,1.0,4.46,0.0,card,Pharmacy,0
588.91,570.0,58.78,0.0,0.0,2.59,0.0,wallet,Books,0
1083.92,149.0,90.19,0.0,1.0,3.91,0.0,card,Electronics,0
944.51,97.0,86.89,0.0,2.0,5.0,0.0,upi,Electronics,0
1281.71,651.0,37.09,0.0,1.0,2.32,1.0,cod,Pharmacy,1
632.89,443.0,64.79,0.0,0.0,3.03,0.0,wallet,Food & Beverage,0
648.68,562.0,50.0,0.0,0.0,2.4,1.0,wallet,Grocery,0
1102.9,83.0,84.73,1.0,2.0,4.22,0.0,upi,Home & Kitchen,0
863.72,65.0,73.0,0.0,1.0,3.39,0.0,card,Pharmacy,0
1696.46,110.0,83.14,0.0,1.0,3.97,0.0,upi,Pharmacy,0
913.02,580.0,61.84,0.0,2.0,3.05,0.0,upi,Fashion,0
1130.29,72.0,81.42,0.0,1.0,3.64,0.0,upi,Fashion,0
658.82,61.0,80.7,1.0,2.0,4.73,0.0,upi,Home & Kitchen,0
656.94,10.0,46.83,0.0,3.0,1.83,1.0,upi,Books,1
1402.4,44.0,82.23,0.0,2.0,3.47,0.0,upi,Beauty,0
1506.63,8.0,52.82,0.0,2.0,2.91,0.0,card,Books,0
304.01,147.0,69.06,0.0,0.0,3.33,0.0,upi,Fashion,0
755.77,27.0,75.65,0.0,0.0,3.9,0.0,card,Food & Beverage,0
1138.09,176.0,92.55,1.0,0.0,4.62,0.0,upi,Home & Kitchen,0
132.82,163.0,86.11,0.0,0.0,4.18,0.0,card,Grocery,0
748.17,2.0,66.46,0.0,1.0,3.29,0.0,wallet,Books,0
2793.3,104.0,29.65,0.0,3.0,1.6,1.0,card,Grocery,1
458.59,124.0,71.68,0.0,1.0,3.92,0.0,upi,Fashion,0
444.89,156.0,68.01,0.0,0.0,3.17,0.0,upi,Beauty,0
826.99,276.0,68.59,0.0,4.0,3.56,0.0,cod,Food & Beverage,0
871.5,152.0,59.53,1.0,1.0,2.83,0.0,upi,Books,0
691.68,20.0,93.49,0.0,0.0,4.56,0.0,card,Fashion,0
1528.3,129.0,90.13,0.0,0.0,4.24,0.0,card,Electronics,0
202.58,259.0,91.64,1.0,1.0,4.49,0.0,upi,Beauty,0
432.66,45.0,20.85,0.0,1.0,1.0,0.0,upi,Electronics,0
751.39,391.0,76.27,0.0,1.0,3.47,0.0,cod,Electronics,0
1744.25,400.0,78.24,0.0,4.0,3.63,0.0,upi,Home & Kitchen,0
558.74,32.0,76.53,0.0,0.0,3.14,0.0,card,Home & Kitchen,0
399.4,376.0,86.95,1.0,0.0,4.06,0.0,upi,Books,0
158.9,212.0,23.78,2.0,0.0,1.03,1.0,card,Fashion,1
365.81,125.0,89.45,0.0,0.0,4.57,0.0,card,Books,0
172.31,395.0,58.99,2.0,1.0,2.52,0.0,card,Food & Beverage,0
530.7,242.0,88.03,0.0,2.0,4.38,0.0,upi,Books,0
1216.36,172.0,75.61,0.0,0.0,3.88,0.0,upi,Grocery,0
1077.31,297.0,79.69,1.0,1.0,3.89,0.0,card,Beauty,0
1257.65,175.0,88.84,1.0,1.0,4.49,0.0,card,Home & Kitchen,0
319.28,400.0,67.62,1.0,2.0,3.43,0.0,card,Books,0
240.3,143.0,73.67,1.0,0.0,3.56,0.0,card,Books,0
1038.38,419.0,70.02,1.0,1.0,3.29,0.0,card,Books,0
1446.43,204.0,69.59,0.0,1.0,3.52,0.0,upi,Pharmacy,0
826.9,343.0,59.6,0.0,1.0,2.64,0.0,upi,Books,0
1093.3,102.0,49.93,1.0,1.0,1.81,0.0,cod,Beauty,1
787.93,92.0,79.31,0.0,1.0,3.73,0.0,card,Home & Kitchen,0
586.83,462.0,29.08,0.0,1.0,1.27,1.0,upi,Food & Beverage,0
660.74,241.0,71.69,0.0,3.0,3.61,0.0,upi,Fashion,0
1430.32,137.0,50.05,0.0,1.0,2.52,0.0,card,Grocery,0
778.47,86.0,78.43,1.0,2.0,3.71,0.0,upi,Food & Beverage,0
1420.19,1.0,42.74,1.0,3.0,2.15,0.0,upi,Pharmacy,0
915.62,17.0,91.01,0.0,2.0,4.81,0.0,upi,Fashion,0
523.92,211.0,66.96,1.0,0.0,3.28,0.0,cod,Electronics,0
1138.89,26.0,63.27,0.0,0.0,2.87,0.0,upi,Fashion,0
798.03,26.0,31.24,0.0,0.0,1.42,0.0,cod,Food & Beverage,0
1645.08,71.0,49.21,1.0,1.0,2.66,0.0,upi,Beauty,0
442.54,80.0,85.29,0.0,1.0,3.82,0.0,cod,Pharmacy,0
174.65,95.0,50.94,1.0,1.0,2.73,0.0,card,Food & Beverage,0
1220.41,532.0,58.82,0.0,2.0,2.76,0.0,upi,Grocery,0
1876.98,164.0,91.54,1.0,1.0,4.89,0.0,wallet,Home & Kitchen,0
1444.33,219.0,22.55,0.0,2.0,1.19,1.0,cod,Food & Beverage,1
1979.29,32.0,78.23,0.0,3.0,4.07,0.0,cod,Grocery,0
2258.67,373.0,43.27,3.0,1.0,2.42,0.0,card,Beauty,1
721.68,9.0,74.31,0.0,2.0,4.02,0.0,upi,Beauty,0
378.28,479.0,60.93,2.0,2.0,3.28,0.0,upi,Beauty,0
91.46,88.0,48.6,0.0,5.0,2.13,0.0,upi,Grocery,1
188.29,229.0,36.78,0.0,2.0,2.04,1.0,cod,Electronics,1
1183.79,127.0,24.46,1.0,3.0,1.0,1.0,card,Electronics,1
199.69,23.0,51.46,0.0,0.0,2.2,0.0,wallet,Home & Kitchen,0
983.23,66.0,30.87,1.0,1.0,1.5,0.0,card,Grocery,0
1239.31,293.0,24.73,0.0,1.0,1.59,1.0,upi,Food & Beverage,1
850.79,27.0,84.39,0.0,1.0,4.17,0.0,upi,Beauty,0
650.92,124.0,79.59,1.0,1.0,3.72,0.0,upi,Food & Beverage,0
424.6,190.0,94.07,2.0,1.0,4.87,0.0,card,Electronics,0
2068.17,163.0,92.55,0.0,1.0,4.47,0.0,wallet,Food & Beverage,0
423.27,23.0,91.29,0.0,0.0,4.68,0.0,wallet,Beauty,0
654.05,423.0,82.38,0.0,4.0,4.14,0.0,cod,Food & Beverage,0
598.48,516.0,73.44,0.0,1.0,3.37,0.0,upi,Pharmacy,0
1293.12,18.0,55.11,1.0,0.0,3.08,0.0,wallet,Electronics,0
914.44,91.0,95.05,0.0,1.0,4.24,0.0,wallet,Home & Kitchen,0
294.17,44.0,74.62,0.0,1.0,3.44,0.0,card,Electronics,0
1385.47,224.0,33.17,0.0,0.0,1.83,1.0,upi,Grocery,0
422.69,536.0,74.04,0.0,2.0,4.55,0.0,upi,Grocery,0
995.18,323.0,79.92,0.0,0.0,3.45,0.0,card,Grocery,0
1950.95,146.0,28.66,1.0,2.0,1.38,1.0,upi,Electronics,1
503.6,358.0,94.82,0.0,3.0,4.02,0.0,card,Home & Kitchen,0
525.11,60.0,78.48,0.0,2.0,3.86,0.0,card,Pharmacy,0
721.93,258.0,67.95,2.0,2.0,3.19,0.0,wallet,Electronics,0
741.07,216.0,60.4,0.0,2.0,3.02,0.0,upi,Beauty,0
939.48,101.0,70.41,1.0,1.0,3.93,0.0,upi,Home & Kitchen,0
1152.45,29.0,42.16,1.0,0.0,2.35,1.0,upi,Pharmacy,0
403.96,486.0,70.64,1.0,1.0,3.41,0.0,upi,Beauty,0
799.11,260.0,25.15,0.0,0.0,1.45,1.0,upi,Electronics,0
353.88,90.0,89.13,1.0,0.0,4.46,0.0,card,Home & Kitchen,0
1256.66,134.0,63.5,0.0,0.0,2.85,0.0,card,Beauty,0
1598.8,266.0,48.89,0.0,1.0,2.41,1.0,cod,Beauty,1
594.98,557.0,25.66,0.0,0.0,1.41,0.0,upi,Home & Kitchen,0
883.93,152.0,52.8,0.0,0.0,3.74,0.0,card,Books,0
1880.81,179.0,85.68,0.0,1.0,4.67,0.0,card,Books,0
1037.83,21.0,41.51,0.0,1.0,2.28,1.0,upi,Pharmacy,0
355.6,302.0,71.18,0.0,4.0,3.01,0.0,card,Grocery,0
228.14,197.0,55.15,0.0,1.0,2.81,0.0,upi,Electronics,0
452.55,88.0,83.11,0.0,2.0,4.58,0.0,upi,Electronics,0
681.3,15.0,44.23,0.0,4.0,2.37,0.0,card,Electronics,0
1357.13,168.0,38.67,0.0,1.0,2.27,1.0,card,Fashion,0
637.83,88.0,92.7,1.0,1.0,4.78,0.0,card,Books,0
334.72,50.0,49.08,0.0,0.0,2.76,0.0,cod,Beauty,0
663.82,212.0,92.05,0.0,2.0,4.08,0.0,upi,Books,0
691.74,143.0,94.94,0.0,1.0,5.0,0.0,upi,Home & Kitchen,0
467.31,13.0,22.28,0.0,0.0,1.36,1.0,card,Home & Kitchen,0
641.28,340.0,70.21,0.0,0.0,3.86,0.0,upi,Beauty,0
891.71,206.0,74.95,0.0,0.0,3.79,0.0,cod,Food & Beverage,0
204.57,10.0,87.61,0.0,1.0,4.54,0.0,upi,Grocery,0
692.99,148.0,72.53,0.0,1.0,3.85,0.0,cod,Pharmacy,0
3119.75,312.0,41.91,0.0,2.0,2.04,1.0,cod,Food & Beverage,1
1013.51,251.0,56.18,0.0,1.0,2.57,0.0,cod,Grocery,0
1370.85,65.0,47.77,0.0,2.0,2.05,1.0,card,Fashion,1
1871.15,260.0,68.08,0.0,0.0,3.36,0.0,upi,Food & Beverage,0
2099.09,389.0,77.25,0.0,3.0,3.6,0.0,upi,Home & Kitchen,0
533.57,271.0,81.37,0.0,3.0,3.85,0.0,cod,Fashion,0
218.76,101.0,57.09,0.0,0.0,3.3,0.0,wallet,Grocery,0
1522.67,138.0,40.69,1.0,3.0,2.52,1.0,upi,Beauty,1
687.98,15.0,58.29,1.0,2.0,2.81,0.0,upi,Pharmacy,0
713.35,77.0,93.87,0.0,2.0,5.0,0.0,upi,Books,0
1142.39,94.0,94.52,0.0,1.0,4.67,0.0,upi,Home & Kitchen,0
808.87,23.0,22.65,0.0,1.0,1.02,1.0,cod,Beauty,1
948.88,43.0,76.16,1.0,3.0,3.92,0.0,wallet,Beauty,1
1002.79,370.0,75.19,0.0,1.0,3.54,0.0,upi,Beauty,0
1535.95,3.0,48.25,0.0,3.0,2.31,0.0,cod,Grocery,0
1073.38,149.0,61.43,0.0,3.0,3.47,0.0,cod,Food & Beverage,0
347.76,71.0,65.98,1.0,4.0,3.4,0.0,card,Grocery,1
342.25,887.0,81.38,0.0,0.0,4.18,0.0,cod,Food & Beverage,0
498.79,146.0,69.52,0.0,0.0,3.41,0.0,upi,Beauty,0
1033.6,365.0,91.22,0.0,1.0,4.47,0.0,cod,Pharmacy,0
370.89,321.0,69.09,0.0,2.0,3.49,0.0,upi,Home & Kitchen,0
370.63,397.0,52.55,0.0,1.0,2.86,0.0,cod,Grocery,0
984.17,192.0,47.96,0.0,1.0,2.5,0.0,wallet,Grocery,0
531.22,305.0,86.12,0.0,2.0,4.49,0.0,upi,Food & Beverage,0
1992.97,64.0,78.4,0.0,1.0,3.38,0.0,card,Home & Kitchen,0
552.3,633.0,45.83,1.0,1.0,1.99,0.0,card,Beauty,0
1284.48,60.0,82.84,0.0,2.0,3.96,0.0,upi,Home & Kitchen,0
728.52,64.0,75.6,0.0,1.0,3.91,0.0,upi,Beauty,0
315.55,465.0,76.05,0.0,0.0,3.91,0.0,cod,Home & Kitchen,0
539.34,23.0,96.39,0.0,4.0,5.0,0.0,cod,Food & Beverage,0
764.63,308.0,91.26,1.0,0.0,4.46,0.0,upi,Books,0
546.52,357.0,66.46,0.0,2.0,3.35,0.0,card,Home & Kitchen,0
1851.47,210.0,83.77,0.0,2.0,4.72,0.0,card,Pharmacy,0
407.55,79.0,95.08,0.0,0.0,4.76,0.0,upi,Grocery,0
595.25,114.0,82.44,0.0,1.0,3.56,0.0,upi,Books,0
1064.76,465.0,89.27,1.0,0.0,4.61,0.0,cod,Fashion,0
2388.25,297.0,89.9,0.0,2.0,4.85,0.0,upi,Grocery,0
1168.26,192.0,35.4,1.0,1.0,2.11,0.0,wallet,Books,0
1020.45,18.0,87.36,0.0,0.0,4.27,0.0,cod,Grocery,0
1399.36,328.0,74.89,0.0,0.0,3.67,0.0,cod,Food & Beverage,0
1650.88,93.0,83.26,1.0,1.0,4.39,0.0,upi,Electronics,0
1876.55,509.0,44.02,1.0,2.0,2.24,1.0,upi,Home & Kitchen,0
1166.53,365.0,74.67,1.0,0.0,3.9,0.0,upi,Books,0
927.5,293.0,76.01,1.0,0.0,3.63,0.0,upi,Food & Beverage,0
418.19,161.0,88.59,1.0,1.0,4.54,0.0,wallet,Grocery,0
974.53,181.0,33.57,1.0,1.0,1.52,0.0,card,Food & Beverage,0
2107.61,806.0,50.6,0.0,1.0,2.47,1.0,upi,Pharmacy,1
123.87,136.0,68.82,0.0,1.0,3.12,0.0,upi,Food & Beverage,0
1751.25,275.0,59.53,0.0,3.0,2.73,0.0,upi,Fashion,0
924.51,115.0,73.95,1.0,1.0,3.27,0.0,upi,Books,0
1497.64,762.0,37.36,0.0,1.0,1.4,1.0,upi,Home & Kitchen,0
1199.83,49.0,84.83,0.0,1.0,3.96,0.0,upi,Books,0
831.94,170.0,94.57,0.0,2.0,4.86,0.0,upi,Food & Beverage,0
923.37,5.0,75.29,0.0,0.0,3.84,0.0,upi,Beauty,0
1265.83,141.0,80.95,0.0,2.0,4.3,0.0,upi,Electronics,0
437.99,570.0,81.56,1.0,0.0,3.94,0.0,upi,Pharmacy,0
837.03,162.0,65.11,0.0,2.0,2.8,0.0,upi,Electronics,0
1153.06,389.0,83.92,1.0,0.0,4.3,0.0,upi,Books,0
1351.0,335.0,45.55,0.0,0.0,2.27,1.0,upi,Home & Kitchen,0
1263.53,2.0,86.65,1.0,1.0,4.29,0.0,cod,Books,0
676.67,323.0,65.5,0.0,0.0,2.95,0.0,upi,Fashion,0
880.06,245.0,71.97,1.0,0.0,3.49,0.0,upi,Home & Kitchen,0
341.5,25.0,86.07,0.0,1.0,4.51,0.0,upi,Home & Kitchen,0
1692.64,326.0,68.01,0.0,2.0,3.04,0.0,upi,Electronics,0
998.31,272.0,62.22,0.0,1.0,2.56,0.0,cod,Books,0
877.43,402.0,36.86,1.0,1.0,1.89,1.0,wallet,Electronics,0
874.55,2.0,78.4,1.0,2.0,3.68,0.0,upi,Food & Beverage,0
738.98,150.0,48.77,1.0,2.0,2.66,1.0,upi,Electronics,1
1366.98,553.0,93.7,0.0,2.0,4.58,0.0,card,Electronics,0
890.51,10.0,86.78,0.0,0.0,4.02,0.0,upi,Grocery,0
412.94,5.0,67.17,1.0,2.0,3.4,0.0,card,Food & Beverage,0
509.44,173.0,52.22,1.0,0.0,2.6,0.0,card,Food & Beverage,0
301.65,216.0,85.3,0.0,0.0,4.25,0.0,cod,Food & Beverage,0
2054.83,128.0,42.85,0.0,2.0,1.82,0.0,upi,Beauty,0
780.62,28.0,28.93,0.0,0.0,1.81,1.0,upi,Electronics,0
2194.08,316.0,73.78,0.0,3.0,3.51,0.0,upi,Home & Kitchen,0
953.28,79.0,46.25,0.0,2.0,2.74,1.0,card,Food & Beverage,0
654.15,213.0,70.48,0.0,1.0,3.01,0.0,wallet,Grocery,0
751.32,315.0,59.77,0.0,1.0,3.25,0.0,upi,Beauty,0
932.87,139.0,46.12,0.0,1.0,2.46,0.0,upi,Home & Kitchen,0
422.12,34.0,72.33,1.0,2.0,3.53,0.0,card,Electronics,0
332.78,450.0,24.44,1.0,3.0,1.0,1.0,upi,Grocery,1
1584.08,75.0,74.36,0.0,1.0,3.73,0.0,upi,Fashion,0
630.81,614.0,86.24,0.0,2.0,3.76,0.0,card,Pharmacy,0
2227.64,131.0,55.47,1.0,2.0,2.63,0.0,card,Fashion,0
1179.63,179.0,40.58,1.0,2.0,2.26,1.0,upi,Books,1
596.41,56.0,64.71,0.0,2.0,3.17,0.0,cod,Fashion,0
2764.22,43.0,67.63,0.0,0.0,3.32,0.0,card,Books,0
1634.04,65.0,77.35,0.0,2.0,4.28,0.0,card,Food & Beverage,0
264.58,65.0,60.28,0.0,3.0,3.05,0.0,wallet,Electronics,0
479.1,95.0,60.03,0.0,2.0,3.51,0.0,card,Fashion,0
702.47,192.0,62.42,0.0,2.0,3.02,0.0,upi,Pharmacy,0
2542.37,309.0,47.17,0.0,2.0,2.66,0.0,upi,Grocery,0
198.28,143.0,52.03,0.0,1.0,2.55,0.0,upi,Fashion,0
1044.65,48.0,72.07,1.0,1.0,3.7,0.0,card,Beauty,0
3163.08,153.0,74.54,0.0,4.0,3.48,0.0,cod,Beauty,0
735.68,106.0,83.45,1.0,3.0,4.25,0.0,upi,Beauty,0
1003.78,275.0,84.13,0.0,1.0,4.3,0.0,cod,Home & Kitchen,0
623.73,103.0,71.72,0.0,0.0,3.62,0.0,card,Grocery,0
468.0,454.0,59.4,1.0,2.0,2.45,0.0,upi,Fashion,0
1338.6,3.0,91.29,0.0,2.0,4.87,0.0,upi,Books,0
1363.33,1.0,95.32,1.0,2.0,4.86,0.0,wallet,Beauty,0
1114.98,175.0,56.73,0.0,1.0,2.97,0.0,upi,Fashion,0
554.37,325.0,66.19,0.0,2.0,3.76,0.0,wallet,Pharmacy,0
1126.6,25.0,45.27,1.0,2.0,2.24,1.0,cod,Home & Kitchen,1
251.76,293.0,66.84,0.0,1.0,3.54,0.0,cod,Pharmacy,0
1204.19,52.0,93.9,0.0,1.0,4.92,0.0,card,Pharmacy,0
445.08,199.0,83.51,0.0,3.0,4.09,0.0,upi,Electronics,0
420.31,151.0,30.69,0.0,2.0,1.53,1.0,upi,Electronics,0
2126.52,49.0,55.3,0.0,3.0,2.53,0.0,upi,Grocery,0
99.53,20.0,91.91,0.0,4.0,3.86,0.0,card,Beauty,0
720.58,65.0,30.8,0.0,2.0,1.31,1.0,cod,Food & Beverage,0
272.37,169.0,72.0,1.0,0.0,3.18,0.0,upi,Beauty,0
913.12,127.0,82.46,0.0,1.0,3.67,0.0,upi,Pharmacy,0
482.18,518.0,41.4,0.0,2.0,1.86,1.0,upi,Pharmacy,0
288.4,75.0,29.25,0.0,4.0,2.17,0.0,card,Home & Kitchen,0
630.13,154.0,54.82,1.0,2.0,2.39,1.0,cod,Food & Beverage,1
395.55,29.0,87.39,0.0,1.0,4.52,0.0,cod,Pharmacy,0
408.67,169.0,77.86,1.0,2.0,3.33,0.0,upi,Fashion,0
1232.65,42.0,64.51,0.0,1.0,3.31,0.0,cod,Books,0
240.8,519.0,88.49,0.0,1.0,4.63,0.0,card,Beauty,0
950.38,114.0,76.0,0.0,0.0,3.46,0.0,wallet,Fashion,0
715.25,120.0,65.25,1.0,1.0,3.07,0.0,cod,Fashion,0
467.1,88.0,94.89,1.0,2.0,4.46,0.0,upi,Home & Kitchen,0
1224.16,37.0,69.94,0.0,1.0,3.64,0.0,upi,Beauty,0
2248.8,70.0,86.08,0.0,3.0,4.39,0.0,card,Beauty,0
787.28,318.0,39.34,1.0,1.0,2.2,0.0,card,Beauty,0
800.31,666.0,20.75,0.0,4.0,1.0,1.0,upi,Pharmacy,1
322.21,200.0,28.08,0.0,1.0,1.0,1.0,upi,Food & Beverage,0
251.48,150.0,89.67,1.0,0.0,4.15,0.0,upi,Home & Kitchen,0
735.62,625.0,95.23,0.0,3.0,4.35,0.0,upi,Books,0
188.45,268.0,76.51,0.0,0.0,3.56,0.0,upi,Pharmacy,0
163.39,403.0,71.57,0.0,1.0,3.4,0.0,upi,Home & Kitchen,0
1055.42,37.0,80.67,0.0,1.0,3.89,0.0,upi,Fashion,0
253.08,107.0,52.41,1.0,0.0,2.57,1.0,upi,Grocery,0
1086.01,199.0,95.32,0.0,1.0,4.2,0.0,upi,Grocery,0
1722.64,4.0,30.59,1.0,1.0,1.77,1.0,upi,Pharmacy,0
1000.33,367.0,25.4,0.0,0.0,1.35,1.0,card,Grocery,1
218.99,12.0,60.14,0.0,0.0,2.89,0.0,card,Grocery,0
2777.67,16.0,31.44,0.0,1.0,1.4,1.0,cod,Grocery,1
838.5,17.0,82.44,0.0,1.0,3.96,0.0,card,Pharmacy,0
787.97,195.0,87.88,1.0,2.0,4.28,0.0,upi,Grocery,0
702.04,267.0,89.84,0.0,3.0,4.62,0.0,upi,Food & Beverage,0
456.26,270.0,45.89,0.0,1.0,2.24,1.0,card,Books,0
343.59,295.0,55.71,1.0,0.0,2.87,0.0,cod,Food & Beverage,0
99.89,427.0,54.62,0.0,0.0,2.75,0.0,upi,Food & Beverage,0
270.41,24.0,73.26,1.0,2.0,3.48,0.0,cod,Beauty,0
652.47,97.0,73.55,1.0,3.0,3.19,0.0,cod,Beauty,0
1046.55,8.0,90.82,0.0,1.0,4.95,0.0,cod,Electronics,0
374.37,588.0,54.12,2.0,1.0,2.89,0.0,card,Fashion,0
957.77,153.0,95.29,1.0,2.0,5.0,0.0,upi,Electronics,0
616.41,186.0,77.83,1.0,0.0,3.74,0.0,card,Pharmacy,0
730.31,126.0,58.76,1.0,1.0,3.04,0.0,upi,Food & Beverage,0
1427.06,686.0,21.6,1.0,1.0,1.0,1.0,wallet,Books,1
962.74,78.0,30.35,0.0,1.0,1.71,1.0,upi,Home & Kitchen,0
1105.69,131.0,88.0,2.0,1.0,4.87,0.0,card,Fashion,0
2965.19,1335.0,50.4,0.0,1.0,2.97,0.0,cod,Grocery,0
377.87,32.0,70.71,1.0,1.0,3.55,0.0,upi,Home & Kitchen,0
1346.64,78.0,99.67,1.0,2.0,5.0,0.0,upi,Beauty,0
1089.29,606.0,70.91,1.0,1.0,3.7,0.0,upi,Food & Beverage,0
1086.21,1.0,51.21,0.0,0.0,2.6,0.0,card,Grocery,0
880.71,19.0,87.44,1.0,0.0,4.5,0.0,upi,Home & Kitchen,0
1016.32,156.0,69.89,0.0,3.0,3.26,0.0,card,Food & Beverage,0
631.69,375.0,65.98,1.0,0.0,2.84,0.0,card,Books,0
797.91,51.0,60.42,0.0,2.0,3.15,0.0,upi,Pharmacy,0
1566.44,128.0,57.15,1.0,2.0,2.53,0.0,card,Electronics,0
497.89,231.0,35.4,0.0,2.0,1.52,1.0,wallet,Beauty,0
541.85,836.0,54.37,0.0,0.0,2.59,0.0,wallet,Books,0
1039.38,383.0,82.95,0.0,3.0,4.6,0.0,upi,Pharmacy,0
974.63,101.0,76.91,1.0,2.0,3.82,0.0,cod,Electronics,0
613.62,65.0,47.52,0.0,1.0,2.11,0.0,cod,Fashion,0
1060.23,30.0,89.92,1.0,0.0,4.13,0.0,wallet,Pharmacy,0
1052.59,10.0,68.17,0.0,1.0,3.36,0.0,upi,Pharmacy,0
2682.57,500.0,45.07,0.0,1.0,2.19,0.0,card,Fashion,0
3247.64,27.0,34.12,0.0,1.0,1.36,1.0,card,Books,1
3592.05,323.0,82.85,0.0,1.0,4.18,0.0,cod,Food & Beverage,0
1044.85,1.0,59.1,0.0,1.0,2.46,0.0,upi,Home & Kitchen,0
1439.29,102.0,46.53,0.0,2.0,2.0,0.0,card,Electronics,0
1027.61,13.0,62.5,0.0,1.0,3.53,0.0,card,Beauty,0
739.64,84.0,81.91,1.0,1.0,3.74,0.0,wallet,Pharmacy,0
1095.33,290.0,82.16,1.0,0.0,4.07,0.0,cod,Grocery,0
729.41,547.0,50.86,0.0,1.0,2.66,0.0,wallet,Beauty,0
832.96,16.0,79.94,0.0,1.0,4.54,0.0,card,Books,0
781.0,44.0,92.79,0.0,2.0,5.0,0.0,upi,Fashion,0
788.83,71.0,36.62,0.0,2.0,2.03,0.0,card,Books,0
504.37,245.0,47.71,0.0,3.0,2.06,1.0,cod,Home & Kitchen,1
1351.9,486.0,37.34,0.0,2.0,1.58,0.0,upi,Food & Beverage,0
1074.22,54.0,33.83,0.0,0.0,1.55,1.0,card,Books,0
490.44,42.0,56.5,1.0,2.0,3.55,0.0,upi,Food & Beverage,0
766.15,12.0,23.64,0.0,0.0,1.33,1.0,upi,Food & Beverage,1
361.56,1.0,81.16,0.0,0.0,4.04,0.0,upi,Books,0
927.07,121.0,61.03,0.0,0.0,3.11,0.0,card,Grocery,0
1558.32,7.0,69.14,1.0,2.0,3.86,0.0,upi,Fashion,0
640.18,13.0,54.7,1.0,2.0,2.55,0.0,upi,Books,0
1332.7,168.0,46.68,0.0,0.0,2.35,1.0,cod,Home & Kitchen,0
792.17,243.0,41.13,0.0,0.0,1.99,1.0,upi,Pharmacy,0
661.11,387.0,49.83,0.0,0.0,2.27,0.0,wallet,Fashion,0
468.03,200.0,36.17,1.0,1.0,1.73,1.0,upi,Fashion,0
710.83,488.0,21.22,0.0,1.0,1.16,1.0,card,Grocery,1
1359.9,544.0,67.46,0.0,1.0,3.46,0.0,card,Books,0
1013.61,82.0,66.97,0.0,1.0,3.77,0.0,upi,Grocery,0
407.4,138.0,29.04,0.0,2.0,1.26,1.0,card,Home & Kitchen,1
1108.13,38.0,50.09,1.0,2.0,2.57,0.0,upi,Electronics,0
902.34,33.0,72.23,0.0,1.0,3.25,0.0,upi,Beauty,0
365.78,52.0,46.04,0.0,2.0,2.28,0.0,card,Beauty,0
292.91,139.0,38.71,0.0,1.0,1.47,1.0,card,Electronics,0
282.71,302.0,50.55,0.0,1.0,2.67,0.0,cod,Fashion,0
1419.99,256.0,58.39,0.0,1.0,3.46,0.0,card,Books,0
370.7,819.0,49.12,0.0,1.0,2.76,0.0,wallet,Home & Kitchen,0
672.01,87.0,26.8,0.0,1.0,1.22,1.0,upi,Fashion,1
1056.18,104.0,77.01,1.0,2.0,4.14,0.0,wallet,Beauty,0
1016.96,444.0,91.34,0.0,1.0,4.12,0.0,upi,Pharmacy,0
1017.06,63.0,61.29,0.0,1.0,3.19,0.0,upi,Grocery,0
336.29,699.0,52.21,0.0,2.0,3.37,0.0,card,Beauty,0
1068.57,56.0,70.94,0.0,0.0,3.67,0.0,card,Beauty,0
651.44,176.0,69.01,0.0,3.0,3.37,0.0,card,Pharmacy,0
847.2,264.0,73.43,0.0,0.0,3.57,0.0,upi,Food & Beverage,0
819.25,74.0,67.91,1.0,2.0,3.48,0.0,card,Grocery,0
735.05,26.0,49.04,1.0,3.0,2.44,0.0,card,Grocery,0
1525.76,5.0,94.32,0.0,0.0,4.57,0.0,upi,Home & Kitchen,0
1393.28,216.0,80.83,0.0,0.0,3.99,0.0,upi,Beauty,0
4017.14,287.0,51.36,0.0,4.0,2.06,0.0,card,Electronics,0
1958.23,169.0,72.06,0.0,2.0,3.82,0.0,card,Fashion,0
220.13,26.0,82.26,0.0,3.0,4.43,0.0,card,Grocery,0
785.45,108.0,78.8,1.0,0.0,4.14,0.0,card,Food & Beverage,0
1856.23,183.0,61.58,0.0,3.0,2.97,0.0,card,Beauty,0
718.92,390.0,97.38,0.0,0.0,4.97,0.0,upi,Food & Beverage,0
615.05,382.0,73.84,0.0,1.0,3.81,0.0,card,Home & Kitchen,0
327.54,71.0,78.39,0.0,1.0,3.82,0.0,cod,Electronics,0
302.11,3.0,80.36,1.0,1.0,4.36,0.0,upi,Home & Kitchen,0
1318.51,181.0,46.3,0.0,1.0,2.56,1.0,cod,Grocery,0
859.53,117.0,43.85,0.0,1.0,2.49,0.0,upi,Home & Kitchen,0
130.37,221.0,27.96,0.0,1.0,1.49,1.0,cod,Food & Beverage,0
1592.7,273.0,23.74,1.0,0.0,1.0,1.0,card,Fashion,0
1737.52,367.0,56.03,0.0,2.0,2.13,0.0,upi,Books,0
680.05,422.0,79.69,1.0,5.0,3.83,0.0,upi,Grocery,0
795.92,168.0,78.25,0.0,2.0,3.65,0.0,upi,Fashion,0
1995.1,77.0,80.98,0.0,0.0,4.02,0.0,upi,Beauty,0
660.03,347.0,86.54,0.0,0.0,3.98,0.0,upi,Fashion,0
187.84,200.0,66.32,0.0,1.0,2.97,0.0,wallet,Books,0
1325.23,49.0,61.15,0.0,1.0,2.44,0.0,wallet,Grocery,0
1697.39,145.0,76.37,0.0,1.0,3.4,0.0,upi,Home & Kitchen,0
888.65,47.0,69.41,0.0,2.0,3.33,0.0,upi,Fashion,0
369.82,89.0,40.8,0.0,3.0,1.86,0.0,card,Fashion,0
1850.57,504.0,30.72,0.0,1.0,1.84,0.0,card,Grocery,0
588.69,11.0,89.48,0.0,0.0,4.37,0.0,upi,Fashion,0
423.06,20.0,82.67,0.0,2.0,3.65,0.0,upi,Grocery,0
878.98,266.0,60.93,0.0,0.0,2.95,0.0,card,Fashion,0
672.45,109.0,85.97,1.0,1.0,4.44,0.0,upi,Food & Beverage,0
1246.85,225.0,74.06,0.0,2.0,2.99,0.0,card,Home & Kitchen,0
2937.15,301.0,79.48,1.0,3.0,4.33,0.0,cod,Fashion,0
403.88,75.0,75.39,2.0,2.0,3.89,0.0,wallet,Grocery,0
1386.35,359.0,69.99,1.0,1.0,3.91,0.0,card,Fashion,0
652.49,218.0,75.02,0.0,1.0,3.89,0.0,upi,Electronics,0
1241.46,282.0,92.88,0.0,0.0,4.51,0.0,cod,Home & Kitchen,0
902.8,58.0,45.24,0.0,2.0,2.24,0.0,wallet,Books,0
567.15,60.0,46.77,0.0,0.0,2.19,0.0,card,Grocery,0
1414.21,176.0,55.93,0.0,0.0,3.04,0.0,cod,Home & Kitchen,0
613.11,252.0,82.84,0.0,1.0,3.9,0.0,upi,Home & Kitchen,0
431.68,46.0,22.39,0.0,0.0,1.22,1.0,card,Grocery,1
1350.16,22.0,94.87,0.0,0.0,5.0,0.0,card,Fashion,0
429.53,71.0,45.23,1.0,3.0,2.33,1.0,upi,Grocery,1
1310.59,248.0,85.49,0.0,0.0,4.29,0.0,upi,Pharmacy,0
834.63,870.0,54.92,0.0,0.0,2.87,1.0,cod,Books,0
872.62,111.0,76.76,0.0,1.0,3.63,0.0,wallet,Grocery,0
390.87,412.0,84.65,0.0,1.0,3.58,0.0,card,Food & Beverage,0
902.4,214.0,90.24,0.0,1.0,4.21,0.0,cod,Beauty,0
582.05,11.0,84.06,0.0,1.0,3.96,0.0,upi,Fashion,0
2054.46,200.0,77.69,0.0,0.0,3.98,0.0,card,Pharmacy,0
296.45,569.0,96.28,0.0,2.0,4.54,0.0,upi,Fashion,0
1629.13,529.0,36.15,1.0,1.0,1.57,0.0,upi,Books,0
1715.94,218.0,92.42,0.0,1.0,4.84,0.0,card,Food & Beverage,0
1097.65,264.0,73.41,1.0,0.0,3.79,0.0,upi,Fashion,0
1983.45,282.0,48.61,0.0,1.0,2.79,0.0,upi,Pharmacy,0
680.4,231.0,68.74,0.0,1.0,3.4,0.0,upi,Books,0
744.3,429.0,84.1,0.0,0.0,3.74,0.0,card,Pharmacy,0
1147.72,55.0,61.34,0.0,0.0,3.71,0.0,card,Pharmacy,0
697.03,148.0,76.46,1.0,1.0,4.0,0.0,card,Fashion,0
147.32,80.0,53.56,0.0,3.0,2.5,0.0,upi,Pharmacy,0
300.54,26.0,55.61,0.0,2.0,3.04,0.0,upi,Food & Beverage,0
324.69,391.0,80.19,0.0,3.0,4.07,0.0,upi,Grocery,0
1363.68,46.0,66.13,0.0,2.0,3.67,0.0,cod,Pharmacy,0
797.45,93.0,51.45,0.0,2.0,2.64,0.0,cod,Electronics,0
1291.88,628.0,62.78,0.0,1.0,3.01,0.0,wallet,Pharmacy,0
1427.89,99.0,91.78,0.0,0.0,4.67,0.0,card,Beauty,0
686.1,151.0,79.4,1.0,1.0,4.26,0.0,cod,Electronics,0
982.67,3.0,77.32,1.0,3.0,3.63,0.0,card,Books,0
291.0,626.0,84.34,0.0,1.0,4.23,0.0,upi,Fashion,0
504.4,379.0,87.22,0.0,2.0,4.0,0.0,cod,Food & Beverage,0
664.36,91.0,56.83,2.0,2.0,2.99,0.0,upi,Fashion,0
815.05,1027.0,88.41,0.0,0.0,4.44,0.0,card,Electronics,0
252.35,136.0,74.57,0.0,0.0,3.92,0.0,wallet,Fashion,0
670.52,140.0,91.91,0.0,2.0,4.9,0.0,upi,Books,0
433.06,20.0,91.97,0.0,3.0,4.4,0.0,upi,Electronics,0
2753.4,11.0,70.43,0.0,0.0,3.58,0.0,upi,Food & Beverage,0
850.37,85.0,35.12,0.0,2.0,1.82,1.0,card,Pharmacy,1
1286.05,34.0,73.29,0.0,1.0,3.47,0.0,card,Home & Kitchen,0
1287.46,255.0,72.72,1.0,1.0,3.34,0.0,card,Pharmacy,0
893.1,354.0,80.99,0.0,0.0,4.51,0.0,upi,Beauty,0
1063.89,118.0,50.7,0.0,1.0,2.41,0.0,upi,Beauty,0
996.15,298.0,88.63,0.0,1.0,4.3,0.0,cod,Pharmacy,0
996.7,154.0,92.69,0.0,1.0,4.56,0.0,wallet,Beauty,0
1863.15,48.0,68.82,1.0,0.0,3.59,0.0,upi,Grocery,0
828.74,62.0,93.59,0.0,1.0,4.54,0.0,card,Books,0
418.51,48.0,44.21,0.0,1.0,1.98,1.0,cod,Books,0
1317.96,261.0,95.93,0.0,2.0,4.84,0.0,card,Grocery,0
352.59,1.0,72.82,0.0,1.0,3.85,0.0,cod,Grocery,0
739.17,65.0,93.47,0.0,1.0,4.81,0.0,card,Pharmacy,0
564.67,665.0,81.37,0.0,0.0,3.88,0.0,upi,Food & Beverage,0
688.54,41.0,79.7,0.0,0.0,3.66,0.0,card,Food & Beverage,0
1120.8,321.0,76.53,0.0,0.0,3.54,0.0,card,Beauty,0
1058.67,87.0,80.21,0.0,2.0,4.11,0.0,upi,Home & Kitchen,0
692.37,16.0,96.77,0.0,0.0,5.0,0.0,upi,Books,0
514.93,89.0,60.94,0.0,0.0,2.9,0.0,cod,Fashion,0
1467.56,58.0,48.78,1.0,1.0,2.28,0.0,cod,Books,0
1166.21,75.0,98.34,0.0,1.0,4.55,0.0,upi,Beauty,0
249.06,378.0,78.15,1.0,2.0,3.89,0.0,cod,Beauty,0
274.84,85.0,76.37,1.0,1.0,4.02,0.0,card,Food & Beverage,0
560.3,133.0,33.85,0.0,2.0,1.49,0.0,upi,Beauty,0
180.56,109.0,47.45,0.0,0.0,2.69,1.0,cod,Food & Beverage,0
308.36,6.0,88.69,0.0,0.0,4.12,0.0,cod,Food & Beverage,0
913.3,2.0,51.46,1.0,0.0,2.33,0.0,cod,Pharmacy,0
1053.3,66.0,95.59,1.0,2.0,4.73,0.0,upi,Fashion,0
723.31,369.0,61.69,0.0,0.0,3.13,0.0,upi,Pharmacy,0
723.52,322.0,69.99,0.0,1.0,3.42,0.0,upi,Books,0
573.57,449.0,32.64,3.0,1.0,1.71,0.0,cod,Books,1
478.36,221.0,67.69,0.0,1.0,3.45,0.0,upi,Food & Beverage,0
1264.52,28.0,58.23,0.0,4.0,3.27,0.0,cod,Beauty,0
1329.56,63.0,36.92,0.0,1.0,1.87,0.0,cod,Books,0
704.91,183.0,74.04,2.0,1.0,3.6,0.0,upi,Fashion,0
315.9,19.0,68.85,0.0,3.0,3.56,0.0,wallet,Pharmacy,0
479.91,227.0,66.95,0.0,2.0,2.81,0.0,card,Electronics,0
755.39,411.0,83.51,0.0,0.0,3.76,0.0,wallet,Fashion,0
703.65,831.0,82.56,0.0,2.0,4.4,0.0,upi,Electronics,0
1183.65,285.0,87.72,1.0,1.0,4.22,0.0,upi,Fashion,0
459.59,471.0,79.4,0.0,0.0,3.73,0.0,card,Fashion,0
1089.75,469.0,89.69,0.0,1.0,4.62,0.0,wallet,Electronics,0
771.61,520.0,51.34,0.0,2.0,2.53,0.0,upi,Grocery,0
2685.07,9.0,86.35,0.0,1.0,4.6,0.0,card,Fashion,0
743.35,16.0,60.06,1.0,4.0,2.88,0.0,upi,Pharmacy,1
498.15,543.0,88.03,1.0,4.0,4.78,0.0,upi,Food & Beverage,0
1807.76,449.0,63.12,0.0,1.0,3.05,0.0,card,Books,0
705.69,53.0,97.68,1.0,0.0,5.0,0.0,upi,Fashion,0
1052.38,169.0,72.04,0.0,3.0,3.63,0.0,upi,Pharmacy,0
201.42,463.0,90.48,0.0,2.0,4.28,0.0,card,Grocery,0
1552.27,21.0,71.81,0.0,1.0,3.57,0.0,cod,Books,0
479.98,9.0,58.96,1.0,1.0,2.98,0.0,upi,Fashion,0
344.2,253.0,51.84,0.0,1.0,2.56,1.0,upi,Books,1
1369.17,85.0,57.74,1.0,1.0,2.65,0.0,card,Home & Kitchen,0
446.01,34.0,49.97,0.0,2.0,2.93,0.0,wallet,Beauty,0
396.88,79.0,69.53,0.0,2.0,3.55,0.0,upi,Beauty,0
306.59,157.0,93.24,0.0,1.0,4.0,0.0,upi,Electronics,0
561.04,147.0,48.54,0.0,1.0,2.49,0.0,upi,Fashion,0
445.79,170.0,88.7,0.0,2.0,4.59,0.0,upi,Electronics,0
1257.17,178.0,15.49,0.0,0.0,1.0,0.0,card,Pharmacy,0
470.39,939.0,65.78,0.0,4.0,3.08,0.0,upi,Fashion,0
534.4,854.0,31.9,1.0,1.0,1.87,0.0,card,Food & Beverage,0
503.81,4.0,44.05,0.0,0.0,2.25,1.0,upi,Electronics,0
1118.27,268.0,97.96,0.0,1.0,4.95,0.0,upi,Beauty,0
1330.8,72.0,62.49,0.0,0.0,2.76,0.0,card,Home & Kitchen,0
764.73,343.0,80.81,0.0,1.0,3.78,0.0,cod,Grocery,0
739.59,7.0,68.22,0.0,0.0,3.0,0.0,wallet,Books,0
835.39,481.0,81.42,0.0,1.0,3.5,0.0,card,Beauty,0
883.53,83.0,94.73,0.0,1.0,3.97,0.0,wallet,Books,0
1184.84,91.0,83.04,1.0,0.0,4.78,0.0,upi,Grocery,0
1136.54,376.0,88.01,0.0,3.0,4.18,0.0,card,Food & Beverage,0
376.11,38.0,22.05,0.0,1.0,1.19,1.0,card,Food & Beverage,0
154.72,264.0,62.09,1.0,2.0,3.44,0.0,card,Beauty,0
926.67,141.0,61.62,0.0,2.0,3.13,0.0,upi,Electronics,0
294.68,255.0,83.94,0.0,1.0,4.17,0.0,upi,Food & Beverage,0
1035.27,209.0,88.7,0.0,1.0,4.54,0.0,upi,Beauty,0
877.0,153.0,30.35,0.0,0.0,2.13,1.0,card,Books,0
738.45,162.0,89.59,0.0,3.0,4.5,0.0,cod,Grocery,0
642.26,235.0,86.89,0.0,0.0,3.91,0.0,card,Food & Beverage,0
1309.15,73.0,63.86,1.0,3.0,2.86,0.0,card,Fashion,0
1086.41,200.0,63.51,0.0,3.0,2.89,0.0,upi,Pharmacy,0
353.32,358.0,85.26,1.0,2.0,4.2,0.0,cod,Home & Kitchen,0
897.91,9.0,94.52,0.0,2.0,4.36,0.0,card,Home & Kitchen,0
815.73,109.0,83.9,0.0,2.0,4.01,0.0,upi,Grocery,0
1579.24,404.0,39.66,0.0,1.0,1.93,0.0,upi,Fashion,0
1725.32,1.0,57.5,0.0,2.0,3.17,0.0,upi,Grocery,0
780.71,401.0,96.56,1.0,0.0,4.56,0.0,upi,Home & Kitchen,0
2563.05,18.0,52.35,0.0,1.0,2.79,0.0,upi,Books,0
446.97,42.0,40.13,1.0,0.0,2.08,1.0,cod,Electronics,1
239.84,72.0,73.71,0.0,0.0,3.89,0.0,upi,Grocery,0
1844.23,245.0,25.86,1.0,1.0,1.0,1.0,upi,Fashion,1
403.76,204.0,96.14,1.0,2.0,4.27,0.0,cod,Fashion,0
249.51,599.0,84.29,0.0,1.0,3.75,0.0,upi,Food & Beverage,0
425.91,233.0,45.3,0.0,3.0,2.67,0.0,upi,Electronics,0
531.91,41.0,64.73,0.0,2.0,3.0,0.0,upi,Pharmacy,0
163.55,352.0,28.95,0.0,2.0,1.09,1.0,upi,Electronics,1
617.37,45.0,94.68,0.0,0.0,4.7,0.0,upi,Fashion,0
495.24,440.0,40.2,0.0,1.0,2.63,1.0,cod,Fashion,0
802.75,121.0,95.34,0.0,0.0,4.56,0.0,card,Beauty,0
107.5,319.0,55.51,0.0,0.0,2.57,0.0,card,Electronics,0
652.98,11.0,76.24,0.0,2.0,4.1,0.0,upi,Fashion,0
2864.35,282.0,72.37,0.0,2.0,3.69,0.0,card,Fashion,0
1418.65,62.0,84.39,0.0,3.0,4.22,0.0,card,Electronics,0
266.52,42.0,84.68,0.0,0.0,4.09,0.0,upi,Beauty,0
449.11,177.0,30.53,0.0,1.0,1.61,0.0,upi,Grocery,0
547.99,25.0,70.8,0.0,2.0,2.73,0.0,upi,Books,0
1803.09,249.0,81.57,0.0,1.0,4.16,0.0,upi,Beauty,0
624.14,380.0,88.31,0.0,2.0,4.03,0.0,card,Books,0
556.33,294.0,45.16,0.0,3.0,2.69,0.0,upi,Pharmacy,1
298.22,76.0,62.24,1.0,1.0,3.42,0.0,upi,Pharmacy,0
559.28,15.0,60.26,1.0,4.0,3.24,0.0,card,Grocery,1
609.53,16.0,89.44,0.0,1.0,5.0,0.0,cod,Food & Beverage,0
851.25,651.0,77.16,0.0,0.0,4.65,0.0,upi,Grocery,0
409.78,96.0,49.34,0.0,1.0,2.46,1.0,upi,Electronics,0
302.13,36.0,87.29,0.0,1.0,4.37,0.0,card,Electronics,0
295.19,124.0,33.85,1.0,0.0,1.9,0.0,upi,Food & Beverage,0
1445.7,76.0,21.41,0.0,1.0,1.25,1.0,upi,Food & Beverage,0
1598.36,282.0,54.14,1.0,1.0,1.99,1.0,upi,Fashion,0
1461.65,62.0,84.34,1.0,1.0,4.13,0.0,cod,Pharmacy,0
563.95,747.0,79.32,1.0,3.0,3.69,0.0,cod,Electronics,0
1410.11,167.0,71.15,1.0,1.0,3.67,0.0,upi,Home & Kitchen,0
1280.66,102.0,83.87,0.0,2.0,4.32,0.0,cod,Home & Kitchen,0
1013.23,344.0,80.32,0.0,1.0,4.01,0.0,upi,Books,0
597.97,121.0,85.36,0.0,1.0,4.05,0.0,card,Grocery,0
1013.65,35.0,84.23,0.0,2.0,4.04,0.0,upi,Beauty,0
271.97,239.0,59.97,0.0,0.0,3.54,0.0,card,Beauty,0
1322.07,269.0,81.64,0.0,0.0,3.35,0.0,upi,Pharmacy,0
133.52,346.0,88.07,0.0,0.0,5.0,0.0,wallet,Home & Kitchen,0
601.55,435.0,90.88,0.0,2.0,5.0,0.0,cod,Beauty,0
684.36,145.0,51.45,0.0,2.0,2.52,0.0,upi,Grocery,0
579.09,315.0,37.58,0.0,1.0,2.07,1.0,upi,Books,0
1339.85,153.0,57.89,0.0,1.0,2.86,0.0,card,Books,0
277.97,148.0,57.26,0.0,2.0,2.81,0.0,upi,Electronics,0
364.27,971.0,73.97,0.0,0.0,3.56,0.0,upi,Electronics,0
806.3,2.0,49.79,1.0,1.0,2.28,0.0,card,Grocery,0
219.1,55.0,78.2,0.0,1.0,4.12,0.0,cod,Pharmacy,0
547.71,323.0,34.43,0.0,2.0,1.46,1.0,cod,Beauty,1
1910.22,19.0,63.2,1.0,2.0,3.17,0.0,card,Beauty,0
1312.78,5.0,83.17,0.0,1.0,4.03,0.0,cod,Pharmacy,0
2130.28,59.0,68.46,1.0,0.0,4.01,0.0,upi,Home & Kitchen,0
750.06,22.0,60.51,0.0,1.0,3.35,0.0,card,Food & Beverage,0
1377.03,227.0,44.46,0.0,2.0,2.0,0.0,upi,Electronics,0
1429.88,392.0,51.95,0.0,0.0,2.98,0.0,upi,Home & Kitchen,0
224.82,42.0,70.06,0.0,3.0,3.62,0.0,upi,Fashion,0
471.16,1.0,47.21,0.0,1.0,2.69,0.0,cod,Electronics,0
578.41,29.0,89.79,1.0,2.0,4.77,0.0,wallet,Fashion,0
1614.79,3.0,95.3,0.0,1.0,4.33,0.0,card,Fashion,0
325.17,404.0,38.1,0.0,1.0,2.07,1.0,upi,Grocery,0
2043.68,1012.0,80.37,0.0,2.0,4.0,0.0,card,Food & Beverage,0
537.75,376.0,59.25,0.0,0.0,3.54,0.0,upi,Grocery,0
1115.88,101.0,49.4,0.0,1.0,2.19,1.0,cod,Fashion,1
605.73,4.0,52.09,0.0,2.0,2.82,1.0,cod,Fashion,0
140.84,281.0,63.16,1.0,3.0,2.79,0.0,upi,Food & Beverage,0
2060.68,13.0,57.73,0.0,0.0,3.54,0.0,upi,Beauty,0
1477.09,179.0,81.01,0.0,2.0,4.22,0.0,cod,Grocery,0
652.29,120.0,98.08,1.0,2.0,4.74,0.0,wallet,Beauty,0
1004.58,226.0,70.92,1.0,1.0,3.98,0.0,upi,Home & Kitchen,0
473.12,365.0,52.17,1.0,1.0,3.14,0.0,cod,Fashion,0
427.11,72.0,94.54,1.0,1.0,4.85,0.0,card,Pharmacy,0
1471.61,249.0,83.14,0.0,0.0,4.1,0.0,upi,Grocery,0
1338.37,277.0,67.33,0.0,3.0,3.01,0.0,upi,Fashion,0
2474.23,259.0,53.34,0.0,0.0,2.36,0.0,upi,Food & Beverage,0
1369.69,349.0,67.61,0.0,3.0,2.99,0.0,upi,Pharmacy,0
983.89,162.0,27.58,0.0,2.0,1.72,1.0,upi,Electronics,1
1395.11,356.0,83.0,1.0,0.0,4.5,0.0,upi,Books,0
1070.89,9.0,73.12,0.0,1.0,3.32,0.0,upi,Food & Beverage,0
1136.91,246.0,70.53,1.0,2.0,3.89,0.0,upi,Grocery,0
1284.47,152.0,84.01,0.0,3.0,4.1,0.0,card,Books,0
1455.95,108.0,41.83,0.0,0.0,1.91,0.0,upi,Grocery,0
726.06,83.0,90.13,0.0,1.0,4.64,0.0,upi,Home & Kitchen,0
123.31,684.0,62.82,0.0,1.0,3.11,0.0,upi,Beauty,0
754.9,328.0,51.04,1.0,1.0,2.0,0.0,card,Fashion,0
365.93,3.0,69.22,0.0,0.0,3.34,0.0,cod,Books,0
1699.4,295.0,68.94,2.0,0.0,3.02,0.0,card,Food & Beverage,0
1952.06,18.0,84.66,0.0,1.0,3.7,0.0,card,Home & Kitchen,0
387.5,102.0,73.88,0.0,0.0,3.49,0.0,upi,Home & Kitchen,0
599.46,75.0,69.97,0.0,1.0,3.46,0.0,card,Home & Kitchen,0
699.97,224.0,23.59,0.0,3.0,1.0,1.0,card,Home & Kitchen,0
410.95,119.0,89.74,0.0,1.0,4.5,0.0,upi,Electronics,0
1068.94,92.0,64.24,0.0,1.0,3.23,0.0,wallet,Pharmacy,0
285.1,86.0,51.41,0.0,0.0,2.77,0.0,upi,Fashion,0
925.92,100.0,85.34,0.0,3.0,4.2,0.0,upi,Food & Beverage,0
1326.39,23.0,52.05,0.0,2.0,2.81,0.0,wallet,Grocery,0
1156.12,627.0,41.85,1.0,2.0,2.33,0.0,cod,Electronics,0
1097.03,70.0,72.59,1.0,2.0,3.16,0.0,upi,Beauty,0
450.96,91.0,92.96,0.0,2.0,5.0,0.0,upi,Fashion,0
1891.7,10.0,74.47,0.0,0.0,4.09,0.0,card,Food & Beverage,0
1592.0,427.0,61.92,2.0,1.0,3.0,0.0,card,Pharmacy,0
588.2,90.0,95.63,0.0,3.0,4.49,0.0,wallet,Food & Beverage,0
1241.63,135.0,87.18,0.0,0.0,4.61,0.0,cod,Food & Beverage,0
521.88,337.0,71.97,0.0,0.0,3.39,0.0,card,Home & Kitchen,0
1257.48,713.0,62.53,0.0,1.0,2.8,0.0,card,Grocery,0
295.97,310.0,49.92,0.0,0.0,2.39,0.0,wallet,Home & Kitchen,0
1517.01,7.0,72.79,0.0,0.0,4.0,0.0,card,Electronics,0
544.72,349.0,55.21,0.0,1.0,3.2,0.0,upi,Pharmacy,0
380.7,818.0,68.82,1.0,2.0,4.0,0.0,cod,Books,0
338.67,286.0,78.31,0.0,1.0,3.84,0.0,card,Books,0
958.16,172.0,77.77,0.0,0.0,3.84,0.0,cod,Pharmacy,0
1160.55,1.0,78.77,0.0,0.0,3.89,0.0,card,Pharmacy,0
678.68,64.0,59.69,0.0,1.0,2.79,0.0,upi,Books,0
1332.65,2.0,47.92,2.0,2.0,2.19,0.0,card,Home & Kitchen,1
150.01,132.0,65.43,0.0,1.0,3.14,0.0,wallet,Grocery,0
832.7,4.0,48.32,0.0,0.0,2.98,0.0,upi,Books,0
667.28,57.0,39.53,0.0,2.0,1.72,0.0,upi,Beauty,0
414.72,199.0,60.71,1.0,1.0,3.1,0.0,upi,Books,0
359.5,410.0,40.99,0.0,0.0,2.23,0.0,upi,Food & Beverage,0
1217.48,487.0,30.13,0.0,0.0,2.14,1.0,card,Pharmacy,0
301.09,209.0,90.94,0.0,0.0,4.64,0.0,upi,Home & Kitchen,0
792.46,208.0,54.05,0.0,1.0,2.62,0.0,wallet,Books,0
237.09,185.0,74.13,0.0,0.0,3.41,0.0,upi,Books,0
196.86,2.0,80.71,0.0,1.0,3.77,0.0,upi,Books,0
753.72,387.0,87.86,0.0,0.0,4.39,0.0,upi,Beauty,0
912.49,270.0,52.63,0.0,2.0,2.54,0.0,card,Beauty,0
418.88,22.0,82.17,1.0,0.0,4.09,0.0,cod,Pharmacy,0
1094.88,63.0,93.32,0.0,2.0,4.84,0.0,card,Fashion,0
1591.51,97.0,47.73,0.0,0.0,2.19,1.0,wallet,Electronics,0
1245.71,13.0,56.2,1.0,1.0,2.92,0.0,upi,Pharmacy,0
755.76,10.0,91.35,1.0,2.0,4.88,0.0,upi,Home & Kitchen,0
1521.34,396.0,89.06,0.0,2.0,3.91,0.0,wallet,Electronics,0
853.84,116.0,81.22,1.0,4.0,4.11,0.0,card,Books,0
374.67,537.0,54.55,0.0,1.0,3.16,1.0,card,Fashion,0
1166.13,93.0,67.94,1.0,0.0,3.52,0.0,card,Beauty,0
1414.08,89.0,85.95,0.0,0.0,4.11,0.0,upi,Home & Kitchen,0
252.69,57.0,87.42,0.0,0.0,4.56,0.0,upi,Home & Kitchen,0
627.04,78.0,44.99,0.0,0.0,2.09,1.0,upi,Food & Beverage,0
376.81,82.0,47.36,0.0,1.0,2.63,0.0,upi,Food & Beverage,0
871.71,62.0,23.47,1.0,3.0,1.32,1.0,upi,Home & Kitchen,1
681.41,116.0,52.35,0.0,1.0,3.19,0.0,card,Beauty,0
364.61,431.0,29.19,0.0,3.0,1.43,0.0,cod,Beauty,0
756.31,71.0,58.32,1.0,1.0,3.05,0.0,wallet,Grocery,0
937.34,17.0,49.58,0.0,2.0,2.38,0.0,upi,Food & Beverage,0
1115.09,41.0,74.23,1.0,1.0,3.74,0.0,cod,Beauty,0
2229.78,101.0,74.22,0.0,1.0,3.46,0.0,upi,Electronics,0
653.59,191.0,82.42,0.0,1.0,4.52,0.0,card,Pharmacy,0
809.07,379.0,37.78,1.0,1.0,1.96,0.0,upi,Pharmacy,0
784.75,24.0,56.88,0.0,1.0,2.85,0.0,upi,Beauty,0
2861.51,143.0,55.21,1.0,0.0,3.03,0.0,cod,Pharmacy,0
543.33,150.0,67.36,1.0,0.0,3.83,0.0,card,Food & Beverage,0
676.51,125.0,42.99,1.0,0.0,2.83,0.0,upi,Beauty,0
713.47,749.0,54.29,2.0,1.0,2.46,0.0,wallet,Grocery,0
296.4,59.0,90.68,1.0,3.0,4.74,0.0,cod,Books,0
1072.07,33.0,65.02,0.0,1.0,3.54,0.0,upi,Home & Kitchen,0
889.18,13.0,74.26,0.0,1.0,3.69,0.0,upi,Beauty,0
522.74,234.0,78.98,0.0,4.0,3.76,0.0,upi,Fashion,0
1108.28,145.0,83.83,0.0,1.0,4.54,0.0,card,Electronics,0
995.89,5.0,93.46,0.0,1.0,4.4,0.0,upi,Books,0
357.02,152.0,46.67,1.0,1.0,2.46,0.0,card,Pharmacy,0
1080.03,121.0,52.94,0.0,2.0,2.44,1.0,wallet,Home & Kitchen,0
183.82,35.0,86.36,0.0,4.0,4.33,0.0,wallet,Home & Kitchen,0
814.87,153.0,63.81,0.0,2.0,2.73,0.0,card,Fashion,0
421.7,68.0,85.75,0.0,0.0,3.98,0.0,cod,Books,0
1926.43,17.0,92.52,0.0,2.0,4.08,0.0,upi,Fashion,0
1524.9,1266.0,86.25,0.0,0.0,5.0,0.0,card,Food & Beverage,0
1940.08,145.0,86.49,0.0,2.0,3.89,0.0,upi,Grocery,0
456.69,23.0,70.54,1.0,2.0,3.79,0.0,upi,Electronics,0
368.29,42.0,62.75,0.0,0.0,2.91,0.0,card,Electronics,0
730.26,47.0,40.94,0.0,2.0,1.33,0.0,cod,Fashion,1
493.37,71.0,65.18,1.0,1.0,3.34,0.0,card,Home & Kitchen,0
420.73,574.0,61.56,0.0,0.0,3.85,0.0,card,Electronics,0
1605.83,3.0,38.87,1.0,2.0,1.71,1.0,upi,Fashion,1
1590.79,103.0,74.13,0.0,1.0,4.26,0.0,wallet,Books,0
1307.12,178.0,46.24,1.0,3.0,2.9,1.0,card,Electronics,0
195.49,59.0,95.32,0.0,1.0,4.44,0.0,cod,Grocery,0
1006.72,48.0,40.35,0.0,0.0,1.5,0.0,cod,Electronics,0
639.52,38.0,56.58,0.0,0.0,2.59,0.0,card,Home & Kitchen,0
1229.4,57.0,47.38,0.0,2.0,2.7,0.0,card,Books,0
1192.18,24.0,89.06,1.0,2.0,3.85,0.0,upi,Electronics,0
926.02,12.0,78.82,0.0,0.0,4.09,0.0,upi,Beauty,0
1615.6,64.0,80.18,0.0,1.0,4.04,0.0,card,Home & Kitchen,0
904.96,97.0,95.01,0.0,1.0,4.55,0.0,upi,Pharmacy,0
170.42,171.0,70.58,0.0,1.0,3.38,0.0,cod,Food & Beverage,0
605.74,276.0,86.66,0.0,2.0,4.28,0.0,upi,Grocery,0
460.52,8.0,85.05,0.0,2.0,4.28,0.0,wallet,Grocery,0
365.07,185.0,67.5,1.0,2.0,3.87,0.0,cod,Food & Beverage,0
384.47,404.0,85.96,0.0,3.0,4.17,0.0,upi,Fashion,0
549.02,105.0,86.17,0.0,0.0,4.28,0.0,upi,Home & Kitchen,0
491.83,46.0,79.78,0.0,0.0,4.17,0.0,upi,Food & Beverage,0
1050.36,91.0,66.26,1.0,1.0,3.02,0.0,upi,Books,0
439.36,865.0,53.84,0.0,3.0,3.17,0.0,upi,Fashion,0
1084.97,107.0,82.16,0.0,2.0,3.86,0.0,upi,Books,0
1386.79,66.0,65.67,0.0,2.0,3.42,0.0,card,Fashion,0
1067.98,28.0,96.57,1.0,1.0,4.75,0.0,card,Beauty,0
828.07,158.0,65.75,0.0,2.0,3.29,0.0,cod,Fashion,0
1143.92,88.0,78.7,0.0,2.0,4.53,0.0,cod,Fashion,0
373.45,380.0,38.75,0.0,1.0,2.02,1.0,upi,Pharmacy,0
191.05,275.0,25.9,0.0,1.0,1.09,1.0,wallet,Food & Beverage,0
1178.09,551.0,61.03,0.0,0.0,2.77,0.0,card,Books,0
898.74,3.0,83.99,1.0,2.0,4.58,0.0,card,Beauty,0
2027.86,1028.0,75.52,0.0,1.0,3.91,0.0,upi,Home & Kitchen,0
1402.88,98.0,39.82,0.0,1.0,1.84,1.0,card,Home & Kitchen,0
607.2,617.0,63.06,0.0,1.0,3.48,0.0,upi,Books,0
662.69,43.0,30.01,1.0,2.0,1.25,1.0,upi,Grocery,1
849.06,51.0,37.91,0.0,1.0,1.63,1.0,upi,Electronics,0
688.5,38.0,34.92,0.0,1.0,1.7,1.0,upi,Pharmacy,1
835.88,98.0,94.52,0.0,2.0,4.64,0.0,upi,Food & Beverage,0
509.11,233.0,22.67,0.0,1.0,1.0,1.0,cod,Fashion,1
1266.86,215.0,60.38,0.0,0.0,2.86,0.0,upi,Fashion,0
1027.76,212.0,53.25,0.0,0.0,2.83,0.0,cod,Fashion,0
726.18,73.0,57.52,0.0,0.0,2.76,0.0,card,Electronics,0
334.81,303.0,70.48,0.0,2.0,3.51,0.0,wallet,Home & Kitchen,0
718.03,130.0,71.47,0.0,3.0,3.27,0.0,upi,Pharmacy,0
938.56,93.0,78.78,0.0,0.0,4.02,0.0,wallet,Home & Kitchen,0
688.84,115.0,44.28,0.0,0.0,2.36,0.0,upi,Fashion,0
585.2,11.0,69.33,0.0,2.0,3.89,0.0,upi,Home & Kitchen,0
146.17,324.0,34.88,1.0,1.0,1.65,0.0,upi,Electronics,0
2926.13,433.0,56.79,0.0,1.0,2.76,0.0,cod,Home & Kitchen,0
413.38,236.0,61.89,0.0,2.0,3.28,0.0,cod,Home & Kitchen,0
973.34,45.0,56.58,0.0,2.0,2.78,0.0,upi,Home & Kitchen,0
365.22,27.0,85.22,1.0,1.0,4.45,0.0,upi,Electronics,0
917.53,320.0,60.27,0.0,1.0,3.23,0.0,cod,Fashion,0
977.51,1.0,79.74,0.0,1.0,3.67,0.0,cod,Beauty,0
622.34,134.0,41.21,0.0,3.0,1.73,0.0,upi,Food & Beverage,0
686.2,573.0,71.39,0.0,0.0,3.39,0.0,upi,Books,0
481.1,390.0,70.1,0.0,1.0,2.99,0.0,wallet,Electronics,0
2926.42,48.0,50.09,0.0,1.0,3.06,0.0,upi,Grocery,0
1321.74,47.0,51.79,0.0,1.0,2.21,1.0,upi,Fashion,0
831.11,158.0,67.23,2.0,1.0,3.71,0.0,wallet,Fashion,0
518.67,54.0,68.7,0.0,1.0,3.13,0.0,cod,Home & Kitchen,0
1237.12,9.0,70.79,0.0,1.0,3.86,0.0,upi,Beauty,0
1245.63,60.0,74.02,1.0,0.0,4.06,0.0,card,Fashion,0
370.6,8.0,48.45,0.0,1.0,1.9,0.0,upi,Home & Kitchen,0
233.85,71.0,30.54,0.0,1.0,1.49,1.0,upi,Grocery,0
514.08,259.0,80.68,0.0,3.0,4.55,0.0,card,Beauty,0
497.4,75.0,65.44,0.0,1.0,3.3,0.0,upi,Home & Kitchen,0
252.13,389.0,98.94,0.0,1.0,5.0,0.0,upi,Grocery,0
410.81,140.0,43.87,0.0,0.0,2.27,1.0,card,Books,0
337.74,168.0,72.34,0.0,1.0,3.88,0.0,card,Beauty,0
1631.07,5.0,76.48,1.0,1.0,4.2,0.0,upi,Electronics,0
939.51,1.0,93.0,0.0,1.0,4.59,0.0,cod,Pharmacy,0
1020.23,9.0,81.69,0.0,1.0,4.09,0.0,card,Food & Beverage,0
1291.89,397.0,72.36,0.0,4.0,3.52,0.0,wallet,Beauty,0
359.51,435.0,58.77,0.0,1.0,2.57,0.0,upi,Home & Kitchen,0
1032.95,672.0,86.39,0.0,2.0,4.53,0.0,wallet,Grocery,0
577.96,1042.0,44.44,0.0,0.0,2.25,1.0,upi,Food & Beverage,0
1628.87,157.0,71.5,1.0,4.0,3.95,0.0,wallet,Grocery,0
1480.99,58.0,95.89,0.0,0.0,5.0,0.0,cod,Home & Kitchen,0
1840.48,314.0,32.39,1.0,3.0,1.46,1.0,upi,Pharmacy,1
388.64,98.0,93.69,1.0,0.0,4.56,0.0,upi,Electronics,0
694.21,56.0,91.32,0.0,0.0,4.38,0.0,cod,Electronics,0
490.72,6.0,65.8,0.0,0.0,3.72,0.0,upi,Pharmacy,0
461.87,39.0,72.36,1.0,0.0,3.21,0.0,card,Fashion,0
508.16,131.0,51.07,1.0,3.0,2.66,0.0,upi,Electronics,0
1179.41,80.0,74.29,0.0,1.0,3.27,0.0,upi,Home & Kitchen,0
474.44,354.0,94.02,0.0,0.0,5.0,0.0,upi,Books,0
412.09,246.0,82.64,0.0,0.0,4.35,0.0,wallet,Home & Kitchen,0
465.49,54.0,70.88,0.0,1.0,3.35,0.0,upi,Electronics,0
266.88,187.0,45.56,0.0,2.0,2.82,1.0,card,Grocery,0
479.47,145.0,49.07,0.0,0.0,2.21,0.0,card,Beauty,0
1513.48,194.0,81.38,0.0,2.0,4.11,0.0,cod,Home & Kitchen,0
2473.49,55.0,78.44,0.0,1.0,3.26,0.0,upi,Electronics,0
585.55,35.0,32.87,1.0,2.0,1.83,1.0,cod,Home & Kitchen,1
1568.69,232.0,57.29,0.0,2.0,2.76,0.0,upi,Pharmacy,0
2060.69,125.0,49.44,0.0,1.0,2.4,0.0,cod,Fashion,0
1461.7,60.0,59.87,0.0,0.0,2.7,0.0,wallet,Grocery,0
182.62,223.0,58.82,0.0,1.0,2.61,0.0,wallet,Beauty,0
577.77,288.0,35.76,0.0,5.0,1.62,0.0,upi,Fashion,1
1775.95,295.0,27.07,0.0,0.0,1.74,1.0,card,Pharmacy,0
1217.29,242.0,55.94,1.0,0.0,2.92,0.0,cod,Books,0
1388.45,58.0,93.41,0.0,0.0,4.41,0.0,cod,Books,0
771.95,41.0,36.99,0.0,0.0,1.18,1.0,cod,Books,1
953.34,547.0,49.7,1.0,3.0,3.07,1.0,cod,Books,1
630.17,42.0,86.71,0.0,3.0,3.59,0.0,cod,Grocery,0
1554.27,162.0,25.65,0.0,2.0,1.62,1.0,upi,Pharmacy,1
636.21,37.0,49.94,0.0,2.0,2.65,0.0,upi,Home & Kitchen,0
857.53,250.0,85.58,0.0,0.0,4.22,0.0,cod,Electronics,0
511.49,757.0,81.75,0.0,2.0,3.92,0.0,cod,Books,0
417.05,93.0,54.99,0.0,0.0,2.98,0.0,upi,Food & Beverage,0
1639.01,13.0,23.07,0.0,2.0,1.48,1.0,cod,Books,1
1532.69,367.0,51.99,0.0,0.0,2.93,0.0,upi,Fashion,0
467.32,105.0,67.15,1.0,1.0,3.69,0.0,card,Grocery,0
971.45,388.0,41.27,0.0,0.0,1.61,1.0,card,Electronics,0
1526.74,236.0,54.54,0.0,1.0,2.52,0.0,cod,Electronics,0
2756.2,367.0,97.01,0.0,4.0,4.66,0.0,upi,Fashion,0
1026.35,18.0,74.38,0.0,1.0,3.74,0.0,upi,Food & Beverage,0
1480.46,71.0,59.06,0.0,1.0,3.04,0.0,cod,Grocery,0
1465.89,234.0,63.53,2.0,5.0,3.5,0.0,wallet,Fashion,1
1339.25,567.0,71.5,0.0,2.0,3.57,0.0,card,Home & Kitchen,0
210.98,243.0,64.66,1.0,4.0,3.47,0.0,cod,Grocery,0
944.91,490.0,29.71,0.0,0.0,1.38,1.0,upi,Food & Beverage,0
642.75,81.0,60.12,1.0,1.0,3.62,0.0,card,Fashion,0
404.8,218.0,55.36,0.0,0.0,2.58,0.0,upi,Grocery,0
367.66,304.0,77.96,0.0,0.0,3.7,0.0,cod,Electronics,0
513.36,7.0,34.0,0.0,1.0,1.78,1.0,upi,Grocery,0
1751.22,97.0,54.33,0.0,3.0,3.06,0.0,upi,Grocery,0
357.13,50.0,58.76,0.0,2.0,2.71,0.0,card,Electronics,0
1348.71,109.0,50.24,0.0,3.0,2.42,0.0,card,Beauty,0
2001.5,136.0,82.94,0.0,1.0,4.04,0.0,card,Electronics,0
511.74,92.0,56.56,0.0,1.0,2.52,0.0,cod,Electronics,0
1901.15,148.0,55.32,0.0,1.0,2.6,0.0,wallet,Pharmacy,0
1568.18,147.0,86.8,0.0,3.0,4.14,0.0,cod,Fashion,0
628.59,404.0,72.24,1.0,0.0,4.01,0.0,upi,Electronics,0
882.09,461.0,75.22,0.0,0.0,3.81,0.0,wallet,Books,0
450.92,83.0,80.22,0.0,4.0,3.86,0.0,card,Home & Kitchen,0
743.46,34.0,31.66,0.0,2.0,2.15,0.0,cod,Beauty,1
3675.19,393.0,91.23,1.0,2.0,5.0,0.0,upi,Pharmacy,0
846.74,19.0,90.16,0.0,1.0,5.0,0.0,upi,Grocery,0
550.35,175.0,86.37,0.0,1.0,4.19,0.0,card,Electronics,0
215.95,110.0,71.99,0.0,0.0,3.91,0.0,upi,Food & Beverage,0
1026.46,347.0,63.75,0.0,1.0,3.83,0.0,cod,Electronics,0
398.23,159.0,85.05,0.0,2.0,4.14,0.0,card,Electronics,0
308.83,206.0,77.67,0.0,1.0,3.82,0.0,upi,Books,0
1011.07,138.0,66.81,2.0,0.0,3.21,0.0,upi,Electronics,0
440.65,78.0,84.31,0.0,3.0,4.28,0.0,upi,Electronics,0
1379.94,44.0,66.8,0.0,2.0,3.89,0.0,upi,Books,0
200.23,138.0,68.91,0.0,1.0,3.47,0.0,upi,Books,0
1161.94,313.0,93.98,1.0,1.0,4.53,0.0,upi,Fashion,0
2219.76,359.0,79.61,0.0,1.0,3.95,0.0,card,Books,0
1079.1,770.0,55.21,0.0,0.0,3.12,0.0,upi,Pharmacy,0
1433.93,74.0,50.6,0.0,1.0,1.68,0.0,card,Books,0
484.29,170.0,86.2,0.0,1.0,4.43,0.0,card,Electronics,0
1472.68,55.0,53.93,0.0,2.0,2.63,0.0,upi,Home & Kitchen,0
1068.25,151.0,88.43,1.0,2.0,4.23,0.0,wallet,Fashion,0
899.42,895.0,65.66,0.0,1.0,2.76,0.0,card,Pharmacy,0
1764.97,114.0,43.87,0.0,2.0,2.38,1.0,cod,Pharmacy,0
1215.31,24.0,78.39,0.0,1.0,3.83,0.0,upi,Electronics,0
415.63,296.0,74.81,0.0,1.0,3.88,0.0,upi,Food & Beverage,0
618.65,605.0,69.59,0.0,1.0,3.14,0.0,upi,Grocery,0
2030.44,35.0,86.48,0.0,0.0,3.75,0.0,upi,Electronics,0
382.77,369.0,32.08,0.0,0.0,1.24,0.0,upi,Beauty,0
382.78,113.0,38.44,0.0,1.0,1.85,1.0,upi,Fashion,0
1372.07,101.0,80.86,0.0,2.0,3.5,0.0,upi,Grocery,0
601.98,107.0,75.21,1.0,3.0,3.8,0.0,upi,Beauty,0
2253.62,75.0,74.3,0.0,3.0,4.22,0.0,cod,Food & Beverage,0
1235.02,51.0,65.57,0.0,2.0,2.53,0.0,upi,Food & Beverage,0
640.53,157.0,26.42,0.0,1.0,1.11,1.0,cod,Beauty,1
1071.57,3.0,50.25,0.0,3.0,2.46,0.0,wallet,Home & Kitchen,0
487.22,85.0,86.45,0.0,3.0,4.26,0.0,wallet,Grocery,0
2485.34,84.0,62.55,1.0,1.0,3.52,0.0,card,Books,1
923.16,29.0,51.67,1.0,3.0,2.46,0.0,upi,Pharmacy,0
683.72,173.0,51.74,0.0,1.0,2.5,1.0,wallet,Fashion,0
546.52,59.0,54.94,0.0,3.0,2.64,0.0,wallet,Home & Kitchen,0
407.37,326.0,57.32,0.0,0.0,3.01,0.0,cod,Beauty,0
450.59,61.0,63.25,0.0,0.0,3.66,0.0,card,Home & Kitchen,0
513.03,60.0,85.55,0.0,3.0,4.28,0.0,upi,Fashion,0
263.35,20.0,41.88,1.0,3.0,2.55,0.0,card,Beauty,0
638.33,148.0,95.36,0.0,1.0,4.8,0.0,upi,Electronics,0
725.12,175.0,70.52,1.0,0.0,3.15,0.0,upi,Food & Beverage,0
1086.86,291.0,85.54,0.0,0.0,4.61,0.0,upi,Books,0
464.4,59.0,73.21,1.0,3.0,3.65,0.0,upi,Electronics,0
438.24,269.0,39.96,0.0,1.0,2.43,1.0,card,Grocery,0
775.77,234.0,83.49,0.0,2.0,4.42,0.0,upi,Grocery,0
687.55,11.0,63.37,0.0,1.0,3.45,0.0,upi,Home & Kitchen,0
1028.87,142.0,69.68,0.0,0.0,3.26,0.0,card,Electronics,0
207.83,11.0,93.92,0.0,0.0,4.41,0.0,upi,Beauty,0
1076.46,21.0,74.7,1.0,1.0,3.72,0.0,card,Fashion,0
767.49,23.0,73.89,2.0,3.0,3.29,0.0,upi,Books,0
140.37,25.0,72.19,0.0,0.0,3.29,0.0,upi,Food & Beverage,0
648.49,120.0,23.69,0.0,2.0,1.0,1.0,cod,Home & Kitchen,1
1322.09,23.0,63.13,1.0,1.0,2.79,0.0,cod,Beauty,0
835.58,15.0,95.38,0.0,2.0,4.74,0.0,cod,Beauty,0
698.82,14.0,63.15,0.0,2.0,3.16,0.0,card,Grocery,0
477.87,69.0,79.81,0.0,0.0,3.83,0.0,cod,Beauty,0
205.85,250.0,95.44,0.0,2.0,4.4,0.0,card,Food & Beverage,0
801.86,41.0,54.09,0.0,0.0,2.46,0.0,upi,Grocery,0
1530.58,586.0,84.72,0.0,2.0,4.3,0.0,card,Grocery,0
2030.11,116.0,75.68,0.0,0.0,3.71,0.0,card,Electronics,0
370.91,261.0,68.74,0.0,1.0,3.47,0.0,cod,Electronics,0
854.17,126.0,65.02,0.0,1.0,2.98,0.0,card,Home & Kitchen,0
887.06,32.0,58.99,0.0,0.0,3.07,0.0,upi,Books,0
579.91,34.0,31.73,0.0,0.0,1.82,1.0,card,Beauty,0
1548.17,35.0,55.28,0.0,2.0,2.37,0.0,upi,Fashion,0
912.14,187.0,51.09,0.0,1.0,2.42,0.0,card,Pharmacy,0
293.84,342.0,68.68,0.0,1.0,2.94,0.0,upi,Fashion,0
708.39,196.0,40.55,0.0,1.0,2.27,0.0,upi,Food & Beverage,0
1380.42,305.0,73.39,0.0,0.0,4.34,0.0,wallet,Electronics,0
322.68,263.0,83.39,1.0,0.0,4.44,0.0,card,Home & Kitchen,0
768.87,102.0,54.72,1.0,1.0,2.69,1.0,cod,Electronics,0
811.28,328.0,58.2,0.0,0.0,2.96,0.0,wallet,Books,0
913.22,289.0,97.62,1.0,1.0,5.0,0.0,cod,Grocery,0
1250.95,436.0,88.3,0.0,0.0,4.04,0.0,upi,Electronics,0
522.4,25.0,57.63,0.0,4.0,2.9,0.0,upi,Food & Beverage,1
2261.37,202.0,66.76,0.0,0.0,3.33,0.0,cod,Electronics,0
991.8,243.0,46.46,1.0,2.0,2.26,0.0,card,Pharmacy,0
2714.14,191.0,87.95,1.0,3.0,4.27,0.0,upi,Home & Kitchen,0
585.44,29.0,93.6,1.0,2.0,4.71,0.0,cod,Home & Kitchen,0
1127.45,153.0,82.67,0.0,0.0,3.83,0.0,card,Grocery,0
75.3,245.0,71.92,2.0,1.0,3.37,0.0,cod,Food & Beverage,0
2387.38,60.0,43.16,0.0,0.0,2.24,0.0,card,Pharmacy,0
1024.78,36.0,46.16,0.0,1.0,2.29,1.0,card,Fashion,0
583.82,34.0,81.04,0.0,0.0,4.06,0.0,upi,Home & Kitchen,0
249.28,62.0,26.83,0.0,1.0,1.63,1.0,upi,Fashion,0
1039.91,479.0,39.12,0.0,0.0,1.92,0.0,cod,Fashion,0
535.33,33.0,42.61,0.0,0.0,2.07,0.0,upi,Books,0
1498.14,263.0,90.67,0.0,0.0,4.73,0.0,upi,Pharmacy,0
2210.75,35.0,78.41,1.0,0.0,4.45,0.0,upi,Electronics,0
926.52,936.0,45.83,2.0,0.0,2.15,1.0,cod,Food & Beverage,1
1358.38,20.0,69.17,2.0,2.0,3.59,0.0,cod,Food & Beverage,0
653.04,171.0,71.16,0.0,2.0,3.48,0.0,upi,Electronics,0
121.38,350.0,62.89,0.0,2.0,2.86,0.0,card,Electronics,0
1091.37,71.0,49.59,0.0,1.0,2.47,0.0,upi,Books,0
1284.26,409.0,71.37,1.0,2.0,3.75,0.0,upi,Books,0
661.68,39.0,79.71,0.0,0.0,3.73,0.0,upi,Grocery,0
223.88,52.0,41.27,1.0,2.0,2.4,0.0,upi,Electronics,0
531.96,30.0,35.4,0.0,0.0,1.65,0.0,upi,Beauty,0
1052.33,52.0,86.88,0.0,2.0,4.21,0.0,upi,Fashion,0
643.9,189.0,72.23,0.0,0.0,3.84,0.0,upi,Electronics,0
708.36,96.0,66.81,0.0,0.0,3.42,0.0,card,Beauty,0
2004.76,430.0,82.65,1.0,3.0,3.91,0.0,cod,Home & Kitchen,0
1016.51,12.0,81.74,1.0,3.0,3.69,0.0,upi,Electronics,0
2605.51,304.0,58.74,0.0,2.0,3.45,0.0,upi,Fashion,0
278.25,255.0,57.49,0.0,2.0,2.93,0.0,card,Grocery,0
231.62,2.0,80.23,0.0,1.0,4.57,0.0,cod,Books,0
1217.61,160.0,83.29,1.0,3.0,4.02,0.0,card,Fashion,0
1619.3,270.0,75.58,1.0,1.0,3.88,0.0,cod,Pharmacy,0
1182.31,1.0,41.77,3.0,0.0,1.72,1.0,upi,Home & Kitchen,1
3013.16,82.0,40.61,0.0,0.0,1.73,0.0,upi,Books,0
2063.01,61.0,82.69,0.0,2.0,4.01,0.0,card,Grocery,0
1715.53,62.0,52.55,0.0,0.0,3.13,1.0,upi,Grocery,0
468.78,70.0,77.7,0.0,2.0,3.95,0.0,upi,Food & Beverage,0
433.48,138.0,37.83,0.0,0.0,2.22,0.0,wallet,Home & Kitchen,0
1762.04,93.0,70.89,0.0,2.0,4.15,0.0,upi,Fashion,0
703.07,641.0,57.75,0.0,1.0,3.17,0.0,cod,Fashion,0
1458.25,12.0,92.64,1.0,1.0,4.9,0.0,wallet,Electronics,0
703.05,37.0,61.77,0.0,0.0,3.13,0.0,upi,Food & Beverage,0
198.58,506.0,70.75,0.0,2.0,3.97,0.0,wallet,Pharmacy,0
1856.79,492.0,88.6,1.0,1.0,4.54,0.0,cod,Pharmacy,0
1248.88,35.0,39.53,0.0,3.0,2.32,0.0,cod,Books,1
541.66,227.0,51.89,0.0,3.0,2.5,0.0,upi,Electronics,0
134.72,68.0,94.03,0.0,1.0,4.91,0.0,upi,Home & Kitchen,0
2527.93,239.0,50.74,0.0,0.0,2.67,1.0,card,Beauty,0
1446.12,317.0,87.06,0.0,2.0,4.26,0.0,upi,Home & Kitchen,0
1302.29,42.0,63.72,0.0,1.0,2.76,0.0,cod,Fashion,0
1503.04,36.0,57.42,1.0,1.0,2.97,0.0,wallet,Home & Kitchen,0
311.49,103.0,61.11,0.0,0.0,3.19,0.0,wallet,Food & Beverage,0
2064.7,98.0,66.81,0.0,2.0,3.04,0.0,upi,Electronics,0
452.83,4.0,21.32,0.0,3.0,1.11,1.0,card,Food & Beverage,1
516.71,389.0,83.31,0.0,4.0,4.26,0.0,upi,Fashion,0
500.85,120.0,41.51,0.0,0.0,2.41,0.0,upi,Grocery,0
762.18,136.0,38.56,0.0,0.0,2.02,0.0,upi,Home & Kitchen,0
1385.43,96.0,58.53,0.0,0.0,3.14,0.0,card,Beauty,0
310.98,151.0,41.07,0.0,1.0,2.01,1.0,upi,Books,0
238.34,146.0,98.26,0.0,2.0,4.82,0.0,upi,Food & Beverage,0
1577.72,325.0,86.47,0.0,2.0,4.28,0.0,upi,Home & Kitchen,0
624.95,427.0,47.42,0.0,2.0,2.24,1.0,upi,Grocery,0
482.94,183.0,71.12,0.0,2.0,3.48,0.0,upi,Grocery,0
2245.95,282.0,95.84,0.0,2.0,4.95,0.0,card,Food & Beverage,0
1468.53,8.0,95.4,0.0,1.0,4.93,0.0,card,Fashion,0
454.39,142.0,79.9,0.0,1.0,4.13,0.0,wallet,Beauty,0
113.95,67.0,45.61,0.0,1.0,2.37,0.0,upi,Books,0
939.3,13.0,42.23,0.0,2.0,2.51,1.0,upi,Fashion,1
465.17,290.0,79.95,0.0,1.0,4.39,0.0,cod,Food & Beverage,0
1439.21,17.0,64.5,0.0,2.0,3.27,0.0,card,Fashion,0
1510.62,30.0,73.2,0.0,1.0,4.13,0.0,wallet,Beauty,0
747.05,239.0,53.65,0.0,2.0,3.11,0.0,card,Grocery,0
541.93,155.0,94.16,1.0,0.0,4.75,0.0,cod,Beauty,0
769.58,604.0,76.42,1.0,1.0,3.64,0.0,upi,Pharmacy,0
678.11,108.0,31.55,0.0,1.0,1.47,1.0,wallet,Pharmacy,1
1129.95,1.0,27.58,0.0,2.0,1.41,1.0,upi,Books,1
796.8,1516.0,70.97,0.0,0.0,3.46,0.0,cod,Books,0
1149.0,10.0,68.8,0.0,2.0,3.15,0.0,upi,Beauty,0
713.8,3.0,44.08,3.0,0.0,1.89,1.0,upi,Home & Kitchen,1
458.6,188.0,53.09,0.0,5.0,2.53,1.0,card,Grocery,1
914.61,78.0,83.11,1.0,0.0,3.98,0.0,upi,Food & Beverage,0
518.63,353.0,49.82,0.0,3.0,1.92,0.0,card,Electronics,0
1904.92,266.0,48.84,0.0,0.0,2.69,0.0,upi,Books,0
1078.82,166.0,83.42,0.0,0.0,4.48,0.0,card,Pharmacy,0
491.81,240.0,96.58,1.0,2.0,5.0,0.0,cod,Electronics,0
1124.21,103.0,27.17,0.0,2.0,1.0,1.0,card,Fashion,1
1131.87,67.0,87.89,0.0,1.0,4.34,0.0,cod,Home & Kitchen,0
985.13,53.0,80.79,0.0,1.0,4.18,0.0,upi,Home & Kitchen,0
533.98,936.0,55.4,0.0,3.0,3.14,0.0,cod,Pharmacy,0
1461.58,76.0,73.02,0.0,3.0,4.3,0.0,card,Fashion,0
1469.7,60.0,44.68,0.0,1.0,2.24,1.0,card,Electronics,0
440.2,39.0,90.56,0.0,0.0,4.58,0.0,card,Home & Kitchen,0
325.81,151.0,60.73,1.0,1.0,3.18,0.0,card,Fashion,0
582.1,279.0,86.48,0.0,2.0,4.15,0.0,upi,Fashion,0
1219.0,409.0,72.05,0.0,1.0,3.37,0.0,upi,Fashion,0
570.44,151.0,34.67,0.0,1.0,2.0,0.0,card,Food & Beverage,0
1134.85,632.0,69.4,0.0,2.0,3.67,0.0,upi,Books,0
1459.99,545.0,57.45,0.0,3.0,2.81,0.0,upi,Grocery,0
267.04,133.0,79.87,0.0,0.0,3.52,0.0,upi,Pharmacy,0
1416.1,38.0,73.9,0.0,1.0,3.05,0.0,cod,Fashion,0
751.79,289.0,83.52,0.0,0.0,4.15,0.0,cod,Beauty,0
2670.1,44.0,22.61,0.0,1.0,1.12,1.0,wallet,Home & Kitchen,1
731.51,129.0,37.1,0.0,0.0,1.78,1.0,upi,Home & Kitchen,0
507.51,59.0,81.75,0.0,1.0,4.36,0.0,upi,Home & Kitchen,0
1052.02,49.0,92.27,0.0,0.0,4.68,0.0,wallet,Pharmacy,0
1094.15,661.0,27.33,0.0,1.0,1.0,1.0,card,Food & Beverage,0
3024.92,170.0,47.29,0.0,0.0,2.96,1.0,wallet,Books,0
647.58,18.0,35.9,0.0,2.0,1.04,0.0,upi,Food & Beverage,0
724.82,63.0,78.77,1.0,1.0,3.77,0.0,cod,Electronics,0
569.12,148.0,86.18,2.0,0.0,4.01,0.0,cod,Books,0
942.67,204.0,65.28,0.0,2.0,3.41,0.0,card,Pharmacy,0
723.09,526.0,93.16,0.0,0.0,4.27,0.0,upi,Home & Kitchen,0
730.55,123.0,32.89,1.0,2.0,1.84,1.0,cod,Electronics,1
2165.28,501.0,63.92,0.0,1.0,3.1,0.0,card,Pharmacy,0
554.95,7.0,90.77,2.0,3.0,4.76,0.0,cod,Food & Beverage,0
1058.64,190.0,79.54,0.0,0.0,3.26,0.0,card,Home & Kitchen,0
2069.58,435.0,63.79,0.0,0.0,3.13,0.0,upi,Pharmacy,0
650.39,121.0,79.47,1.0,0.0,4.18,0.0,upi,Pharmacy,0
737.51,395.0,76.13,0.0,1.0,3.47,0.0,upi,Pharmacy,0
773.66,11.0,80.94,1.0,2.0,4.14,0.0,wallet,Fashion,0
349.65,202.0,91.5,2.0,0.0,4.66,0.0,cod,Fashion,0
689.13,304.0,74.1,1.0,2.0,3.78,0.0,upi,Home & Kitchen,0
332.77,360.0,77.35,0.0,3.0,3.76,0.0,card,Books,0
2592.09,379.0,77.95,0.0,1.0,4.12,0.0,upi,Grocery,0
602.65,578.0,71.84,0.0,1.0,3.7,0.0,card,Fashion,0
1469.43,42.0,77.16,0.0,1.0,3.95,0.0,upi,Books,0
922.21,327.0,82.33,0.0,1.0,3.94,0.0,upi,Books,0
442.83,269.0,42.17,0.0,0.0,1.81,0.0,cod,Electronics,0
677.27,130.0,82.75,0.0,0.0,4.28,0.0,wallet,Electronics,0
532.98,288.0,61.64,0.0,2.0,2.87,0.0,upi,Electronics,0
479.33,711.0,23.15,0.0,1.0,1.59,1.0,upi,Home & Kitchen,0
551.46,129.0,34.41,0.0,2.0,2.33,1.0,card,Grocery,1
1032.41,85.0,91.09,1.0,1.0,4.34,0.0,cod,Grocery,0
1095.31,90.0,87.11,0.0,1.0,4.11,0.0,wallet,Beauty,0
1070.43,463.0,52.66,1.0,2.0,2.77,0.0,upi,Grocery,0
1030.27,220.0,69.88,0.0,2.0,3.59,0.0,card,Home & Kitchen,0
1088.19,25.0,58.14,1.0,3.0,2.9,0.0,cod,Home & Kitchen,0
547.45,426.0,53.72,1.0,1.0,2.86,0.0,upi,Beauty,0
1229.16,33.0,97.68,1.0,1.0,5.0,0.0,upi,Food & Beverage,0
454.95,196.0,83.9,0.0,1.0,3.96,0.0,cod,Fashion,0
576.69,55.0,37.26,0.0,1.0,1.61,1.0,upi,Pharmacy,1
202.43,520.0,54.07,0.0,2.0,2.14,0.0,wallet,Pharmacy,0
417.68,150.0,78.56,1.0,1.0,3.42,0.0,upi,Beauty,0
1082.47,144.0,82.99,0.0,0.0,3.86,0.0,card,Home & Kitchen,0
1158.66,61.0,39.96,0.0,3.0,1.9,1.0,wallet,Grocery,1
1671.96,60.0,64.58,0.0,1.0,3.47,0.0,upi,Electronics,0
431.68,426.0,81.68,0.0,5.0,4.27,0.0,upi,Food & Beverage,0
463.53,251.0,85.46,0.0,1.0,4.41,0.0,upi,Home & Kitchen,0
362.04,346.0,57.72,0.0,0.0,2.83,0.0,card,Fashion,0
1102.47,363.0,77.54,0.0,0.0,4.55,0.0,upi,Books,0
396.49,42.0,69.0,0.0,0.0,3.09,0.0,card,Beauty,0
1641.43,162.0,33.11,0.0,1.0,1.58,1.0,card,Books,1
555.12,190.0,91.15,0.0,1.0,4.66,0.0,upi,Food & Beverage,0
789.4,51.0,59.08,0.0,0.0,2.63,0.0,card,Electronics,0
916.89,307.0,92.94,1.0,2.0,4.56,0.0,upi,Grocery,0
1645.71,173.0,51.34,1.0,2.0,2.13,0.0,upi,Grocery,0
2166.25,223.0,95.76,0.0,0.0,4.69,0.0,upi,Fashion,0
1001.14,83.0,65.49,0.0,0.0,3.72,0.0,cod,Food & Beverage,0
1257.39,193.0,67.32,0.0,0.0,3.42,0.0,upi,Books,0
418.57,859.0,71.27,0.0,2.0,4.14,0.0,upi,Books,0
2033.46,107.0,90.0,0.0,2.0,4.93,0.0,card,Grocery,0
1295.48,58.0,39.44,0.0,0.0,1.53,1.0,upi,Pharmacy,0
3482.2,96.0,60.86,1.0,1.0,2.7,0.0,card,Fashion,0
824.98,25.0,26.41,0.0,0.0,1.75,1.0,upi,Grocery,0
461.21,339.0,85.05,0.0,3.0,4.22,0.0,upi,Books,0
647.9,221.0,82.01,2.0,1.0,3.66,0.0,wallet,Home & Kitchen,0
1619.38,268.0,76.68,1.0,0.0,4.12,0.0,upi,Grocery,0
2049.04,39.0,67.11,0.0,1.0,3.82,0.0,upi,Home & Kitchen,0
2596.93,23.0,46.79,0.0,0.0,2.79,0.0,card,Pharmacy,0
485.41,90.0,52.71,0.0,0.0,2.79,1.0,card,Beauty,0
293.07,348.0,47.92,2.0,0.0,2.75,0.0,card,Pharmacy,0
756.8,378.0,49.16,0.0,1.0,2.61,1.0,card,Home & Kitchen,0
416.36,213.0,59.16,1.0,1.0,2.67,0.0,cod,Electronics,0
1474.74,233.0,37.21,1.0,1.0,2.2,1.0,upi,Beauty,1
725.59,767.0,49.15,0.0,0.0,2.39,0.0,upi,Electronics,0
669.68,210.0,22.5,0.0,0.0,1.68,1.0,upi,Home & Kitchen,0
672.16,21.0,90.82,0.0,0.0,4.44,0.0,card,Food & Beverage,0
624.49,179.0,75.51,1.0,1.0,3.71,0.0,cod,Electronics,0
291.28,220.0,43.48,0.0,1.0,1.85,0.0,upi,Electronics,0
439.68,254.0,79.9,0.0,0.0,4.21,0.0,card,Fashion,0
1282.44,91.0,54.99,0.0,0.0,3.32,0.0,upi,Food & Beverage,0
378.58,347.0,78.53,0.0,2.0,4.17,0.0,upi,Grocery,0
1250.72,22.0,63.08,0.0,1.0,3.18,0.0,card,Books,0
894.69,76.0,83.49,1.0,0.0,4.04,0.0,upi,Beauty,0
1625.07,748.0,59.91,1.0,2.0,2.8,0.0,upi,Grocery,0
831.47,132.0,44.61,0.0,2.0,2.6,0.0,cod,Books,0
462.44,360.0,58.72,0.0,1.0,2.75,0.0,cod,Fashion,0
448.81,116.0,68.43,0.0,1.0,2.8,0.0,upi,Grocery,0
227.77,1106.0,69.68,2.0,2.0,4.39,0.0,card,Pharmacy,0
488.57,401.0,74.07,2.0,1.0,3.79,0.0,card,Beauty,0
707.19,88.0,88.06,0.0,1.0,4.29,0.0,card,Beauty,0
1748.56,49.0,74.79,0.0,2.0,3.54,0.0,cod,Fashion,0
1287.43,64.0,40.42,0.0,1.0,2.19,1.0,card,Beauty,0
652.53,8.0,80.11,1.0,1.0,3.66,0.0,cod,Beauty,0
395.38,743.0,70.68,1.0,1.0,3.35,0.0,card,Home & Kitchen,0
1124.08,115.0,51.42,1.0,0.0,2.7,0.0,upi,Fashion,0
516.46,51.0,39.04,0.0,1.0,1.69,0.0,upi,Books,0
400.27,7.0,33.97,0.0,0.0,1.35,1.0,card,Home & Kitchen,0
1130.93,94.0,37.97,0.0,0.0,1.74,1.0,upi,Food & Beverage,0
440.02,442.0,50.81,0.0,3.0,2.46,1.0,card,Fashion,1
1420.42,64.0,47.97,0.0,3.0,2.33,1.0,cod,Beauty,1
236.8,214.0,88.5,0.0,1.0,4.34,0.0,card,Home & Kitchen,0
436.83,25.0,70.85,0.0,0.0,3.63,0.0,cod,Fashion,0
419.47,431.0,50.61,1.0,0.0,2.32,1.0,upi,Books,0
1341.03,139.0,41.51,0.0,1.0,2.17,0.0,wallet,Grocery,0
804.11,9.0,71.42,0.0,1.0,3.4,0.0,upi,Home & Kitchen,0
1318.59,179.0,66.06,0.0,2.0,3.27,0.0,cod,Pharmacy,0
360.42,109.0,76.75,0.0,1.0,3.65,0.0,upi,Electronics,0
1289.9,398.0,68.99,0.0,0.0,2.91,0.0,upi,Electronics,0
1211.75,652.0,96.2,1.0,3.0,4.9,0.0,card,Home & Kitchen,0
442.59,81.0,81.93,1.0,2.0,4.42,0.0,upi,Electronics,0
469.48,188.0,78.96,0.0,3.0,4.03,0.0,upi,Electronics,0
475.49,19.0,23.73,0.0,0.0,1.0,1.0,upi,Grocery,0
2286.16,47.0,44.28,0.0,0.0,1.82,0.0,upi,Books,0
764.73,429.0,81.68,0.0,1.0,4.34,0.0,upi,Books,0
327.24,119.0,27.31,0.0,1.0,1.49,1.0,wallet,Beauty,0
458.14,167.0,82.57,0.0,0.0,4.18,0.0,upi,Beauty,0
3138.17,217.0,78.41,0.0,2.0,4.18,0.0,cod,Fashion,0
891.73,429.0,65.05,0.0,0.0,3.45,0.0,upi,Food & Beverage,0
702.64,173.0,37.86,0.0,1.0,1.93,1.0,cod,Fashion,0
233.52,34.0,72.59,0.0,0.0,4.05,0.0,wallet,Grocery,0
413.6,341.0,72.15,0.0,1.0,4.12,0.0,card,Electronics,0
1656.3,88.0,73.68,0.0,3.0,4.07,0.0,card,Home & Kitchen,0
916.92,267.0,69.16,0.0,2.0,3.69,0.0,card,Pharmacy,0
424.49,301.0,57.96,2.0,0.0,2.93,0.0,wallet,Beauty,0
2990.57,260.0,35.96,2.0,2.0,1.81,1.0,upi,Home & Kitchen,1
900.89,717.0,69.75,1.0,1.0,3.71,0.0,card,Books,0
3442.74,97.0,70.39,0.0,0.0,3.35,0.0,card,Fashion,0
362.33,16.0,68.46,0.0,0.0,3.4,0.0,cod,Beauty,0
288.11,6.0,91.76,0.0,0.0,4.41,0.0,upi,Grocery,0
757.93,556.0,89.09,0.0,1.0,4.43,0.0,card,Electronics,0
236.68,91.0,85.18,0.0,0.0,4.01,0.0,upi,Books,0
599.14,152.0,71.85,0.0,0.0,3.53,0.0,cod,Pharmacy,0
1165.81,41.0,83.55,0.0,3.0,4.06,0.0,upi,Pharmacy,0
1074.6,253.0,73.24,0.0,3.0,3.98,0.0,cod,Fashion,0
887.81,223.0,85.76,0.0,0.0,4.64,0.0,upi,Pharmacy,0
430.77,11.0,84.96,0.0,0.0,4.42,0.0,cod,Electronics,0
1441.33,208.0,69.53,0.0,2.0,3.03,0.0,card,Pharmacy,0
698.16,95.0,61.24,0.0,1.0,3.24,0.0,wallet,Food & Beverage,0
131.5,185.0,38.73,0.0,5.0,2.2,1.0,upi,Food & Beverage,1
381.34,146.0,80.29,1.0,1.0,3.92,0.0,wallet,Beauty,0
385.94,165.0,85.85,0.0,1.0,4.52,0.0,card,Fashion,0
1604.52,110.0,49.02,0.0,1.0,2.73,1.0,upi,Home & Kitchen,0
381.46,639.0,58.49,1.0,3.0,2.44,0.0,wallet,Books,0
1043.57,174.0,75.19,1.0,1.0,4.05,0.0,upi,Food & Beverage,0
182.96,533.0,33.66,0.0,0.0,1.62,1.0,upi,Grocery,0
1145.06,167.0,75.48,0.0,1.0,3.36,0.0,upi,Books,0
229.35,79.0,46.07,0.0,3.0,2.35,0.0,card,Books,0
1567.15,52.0,91.2,1.0,2.0,4.44,0.0,card,Pharmacy,0
699.79,52.0,68.33,0.0,1.0,3.67,0.0,upi,Beauty,0
1312.86,323.0,98.46,1.0,3.0,5.0,0.0,card,Food & Beverage,0
670.76,330.0,70.4,0.0,1.0,3.68,0.0,cod,Fashion,0
484.13,485.0,48.45,0.0,3.0,2.19,0.0,card,Home & Kitchen,0
218.28,273.0,84.34,1.0,1.0,4.1,0.0,wallet,Fashion,0
164.98,12.0,53.88,0.0,0.0,2.6,0.0,upi,Books,0
475.16,20.0,64.6,0.0,2.0,3.42,0.0,cod,Beauty,0
778.63,303.0,67.48,1.0,0.0,3.79,0.0,cod,Pharmacy,0
303.54,154.0,61.47,0.0,2.0,3.24,0.0,card,Grocery,0
2519.69,106.0,69.33,0.0,0.0,3.22,0.0,upi,Books,0
1816.31,31.0,86.33,0.0,1.0,4.19,0.0,card,Beauty,0
694.18,174.0,71.8,0.0,2.0,3.71,0.0,upi,Food & Beverage,0
1973.53,49.0,89.22,0.0,1.0,4.81,0.0,upi,Grocery,0
708.63,60.0,41.65,0.0,0.0,2.05,0.0,card,Fashion,0
308.13,318.0,86.71,0.0,3.0,4.54,0.0,card,Beauty,0
628.67,301.0,59.14,1.0,4.0,2.49,0.0,cod,Books,1
1215.95,572.0,46.05,0.0,2.0,2.14,0.0,upi,Books,0
432.43,97.0,74.61,0.0,1.0,3.95,0.0,wallet,Beauty,0
2179.71,207.0,72.99,0.0,1.0,2.93,0.0,card,Home & Kitchen,0
531.96,37.0,64.31,0.0,0.0,3.54,0.0,card,Food & Beverage,0
1326.15,6.0,26.17,0.0,1.0,1.42,0.0,upi,Pharmacy,0
664.35,482.0,98.17,0.0,1.0,4.93,0.0,cod,Pharmacy,0
401.33,359.0,59.73,0.0,1.0,2.38,0.0,card,Grocery,0
279.96,664.0,76.8,0.0,1.0,4.12,0.0,upi,Books,0
1424.46,29.0,78.79,0.0,2.0,4.53,0.0,card,Grocery,0
970.7,271.0,58.74,1.0,2.0,2.86,0.0,upi,Pharmacy,0
454.22,204.0,70.76,0.0,1.0,3.39,0.0,wallet,Pharmacy,0
1441.8,152.0,89.56,0.0,1.0,4.39,0.0,wallet,Pharmacy,0
469.77,97.0,72.09,1.0,0.0,3.83,0.0,card,Books,0
936.9,20.0,97.77,0.0,1.0,5.0,0.0,upi,Books,0
1045.02,54.0,39.39,0.0,2.0,2.14,1.0,card,Electronics,0
2769.27,275.0,78.53,1.0,1.0,3.85,0.0,upi,Food & Beverage,0
2666.19,429.0,37.0,0.0,2.0,2.18,1.0,cod,Beauty,1
475.44,84.0,83.84,0.0,0.0,3.85,0.0,card,Beauty,0
397.16,151.0,23.68,1.0,2.0,1.54,1.0,card,Books,1
877.57,27.0,52.2,0.0,0.0,3.01,1.0,upi,Food & Beverage,0
1562.48,125.0,52.44,0.0,0.0,2.5,0.0,upi,Books,0
157.07,219.0,66.43,1.0,0.0,3.85,0.0,upi,Fashion,0
2264.26,602.0,94.54,0.0,1.0,5.0,0.0,upi,Food & Beverage,0
559.98,114.0,64.53,1.0,0.0,3.23,0.0,upi,Beauty,0
1519.98,817.0,50.95,0.0,1.0,2.45,1.0,cod,Electronics,0
565.7,244.0,79.94,0.0,2.0,4.23,0.0,cod,Books,0
2119.89,489.0,53.67,0.0,2.0,2.49,1.0,card,Fashion,0
558.42,97.0,65.37,0.0,3.0,3.7,0.0,upi,Electronics,0
1251.0,207.0,50.72,0.0,0.0,2.37,1.0,card,Beauty,0
790.49,39.0,32.56,0.0,2.0,2.37,1.0,wallet,Books,1
295.73,62.0,75.63,0.0,2.0,3.87,0.0,card,Home & Kitchen,0
538.84,128.0,71.55,2.0,0.0,3.18,0.0,card,Pharmacy,0
137.1,149.0,76.57,0.0,1.0,4.22,0.0,upi,Books,0
482.68,389.0,72.85,0.0,3.0,3.53,0.0,upi,Fashion,0
1018.04,404.0,76.13,0.0,1.0,3.25,0.0,card,Grocery,0
2050.25,399.0,82.71,0.0,2.0,4.7,0.0,cod,Books,0
759.9,140.0,59.01,0.0,2.0,3.77,0.0,cod,Pharmacy,0
3355.48,266.0,52.94,0.0,2.0,2.81,0.0,cod,Home & Kitchen,0
1671.42,464.0,85.59,1.0,3.0,4.47,0.0,cod,Food & Beverage,0
413.54,23.0,73.53,0.0,2.0,3.82,0.0,card,Home & Kitchen,0
801.54,31.0,21.34,1.0,2.0,1.25,1.0,card,Books,1
1164.73,187.0,83.93,0.0,2.0,4.11,0.0,upi,Home & Kitchen,0
573.11,633.0,44.51,0.0,1.0,2.22,0.0,cod,Fashion,0
1010.0,177.0,50.45,1.0,1.0,2.47,0.0,upi,Electronics,0
502.43,666.0,84.17,0.0,0.0,4.21,0.0,card,Electronics,0
784.21,69.0,67.64,0.0,1.0,3.02,0.0,wallet,Pharmacy,0
1882.55,900.0,85.26,0.0,1.0,4.55,0.0,upi,Electronics,0
536.27,350.0,28.01,0.0,1.0,1.43,0.0,upi,Beauty,0
227.87,92.0,52.04,0.0,1.0,2.82,1.0,upi,Grocery,0
2733.73,13.0,76.57,0.0,1.0,3.98,0.0,upi,Books,0
1451.31,146.0,81.75,1.0,1.0,3.41,0.0,cod,Grocery,0
1124.69,16.0,87.57,0.0,1.0,4.52,0.0,upi,Food & Beverage,0
2217.35,102.0,62.8,0.0,2.0,3.39,0.0,cod,Home & Kitchen,0
1515.04,299.0,40.29,0.0,0.0,1.76,1.0,card,Home & Kitchen,0
568.24,49.0,73.56,0.0,1.0,3.68,0.0,card,Grocery,0
2710.82,85.0,66.44,0.0,2.0,3.22,0.0,wallet,Books,0
1014.52,581.0,87.2,0.0,2.0,4.48,0.0,card,Books,0
1351.76,85.0,72.51,1.0,0.0,3.58,0.0,upi,Books,0
171.69,1.0,59.16,1.0,1.0,2.44,0.0,card,Books,0
339.68,42.0,95.82,1.0,4.0,4.5,0.0,card,Beauty,0
280.88,212.0,43.61,1.0,1.0,2.37,0.0,card,Books,0
265.01,6.0,56.76,1.0,2.0,2.97,0.0,cod,Books,0
1194.96,19.0,83.84,0.0,0.0,4.91,0.0,cod,Pharmacy,0
401.11,45.0,86.31,0.0,1.0,4.33,0.0,upi,Beauty,0
979.25,566.0,80.11,0.0,3.0,3.49,0.0,upi,Electronics,0
1484.59,75.0,69.57,0.0,1.0,3.92,0.0,upi,Electronics,0
473.99,58.0,69.74,1.0,0.0,3.8,0.0,upi,Home & Kitchen,0
393.86,181.0,75.54,0.0,3.0,3.55,0.0,wallet,Beauty,1
180.56,2.0,83.7,3.0,1.0,4.44,0.0,upi,Beauty,0
1795.33,184.0,94.69,1.0,1.0,4.83,0.0,wallet,Home & Kitchen,0
490.71,495.0,77.03,1.0,1.0,3.6,0.0,card,Food & Beverage,0
2302.99,355.0,52.55,0.0,1.0,2.72,0.0,card,Beauty,0
1109.98,135.0,80.68,0.0,1.0,3.87,0.0,cod,Pharmacy,0
1991.59,11.0,63.11,0.0,1.0,2.73,0.0,upi,Electronics,0
245.38,107.0,54.58,0.0,0.0,2.68,0.0,upi,Pharmacy,0
1309.89,354.0,94.4,0.0,0.0,4.93,0.0,upi,Electronics,0
1338.65,238.0,93.58,0.0,0.0,4.67,0.0,cod,Beauty,0
1723.34,403.0,56.88,0.0,0.0,2.66,0.0,card,Home & Kitchen,0
413.16,31.0,84.61,0.0,1.0,4.4,0.0,card,Electronics,0
510.52,144.0,38.04,0.0,1.0,1.85,1.0,cod,Food & Beverage,1
1757.22,53.0,75.32,0.0,0.0,3.5,0.0,card,Food & Beverage,0
204.16,55.0,68.21,0.0,1.0,3.49,0.0,card,Electronics,0
370.88,1.0,79.93,1.0,1.0,3.94,0.0,wallet,Pharmacy,0
1285.6,33.0,70.01,0.0,0.0,4.06,0.0,card,Grocery,0
566.48,386.0,72.21,0.0,0.0,3.89,0.0,card,Home & Kitchen,0
645.65,17.0,85.56,1.0,1.0,4.53,0.0,card,Fashion,0
96.24,15.0,71.99,1.0,2.0,3.08,0.0,upi,Grocery,0
2182.04,99.0,95.57,0.0,1.0,5.0,0.0,wallet,Home & Kitchen,0
602.32,205.0,48.71,1.0,0.0,2.71,0.0,upi,Food & Beverage,0
1226.69,9.0,71.59,1.0,1.0,3.1,0.0,upi,Grocery,0
1793.08,460.0,93.81,0.0,2.0,4.44,0.0,upi,Beauty,0
632.79,54.0,74.78,0.0,4.0,3.52,0.0,wallet,Home & Kitchen,0
1237.9,62.0,61.58,0.0,1.0,3.4,0.0,card,Electronics,0
2221.14,186.0,72.38,1.0,2.0,3.99,0.0,upi,Beauty,0
1417.64,23.0,50.82,0.0,3.0,2.32,1.0,upi,Pharmacy,0
1070.63,48.0,56.75,1.0,2.0,2.49,0.0,upi,Food & Beverage,0
1410.02,539.0,64.15,0.0,1.0,2.57,0.0,upi,Home & Kitchen,0
1554.01,172.0,25.67,0.0,0.0,1.0,1.0,upi,Home & Kitchen,0
753.67,168.0,81.25,1.0,1.0,3.85,0.0,card,Home & Kitchen,0
2256.63,539.0,51.03,1.0,0.0,2.36,0.0,upi,Pharmacy,0
925.1,398.0,73.95,0.0,2.0,3.7,0.0,wallet,Fashion,0
1624.5,144.0,65.15,1.0,1.0,3.44,0.0,upi,Pharmacy,0
348.14,249.0,40.06,0.0,0.0,2.07,1.0,cod,Food & Beverage,1
783.67,230.0,45.6,0.0,0.0,2.08,1.0,cod,Beauty,0
430.06,309.0,95.87,0.0,1.0,4.76,0.0,upi,Fashion,0
1138.5,137.0,67.17,0.0,2.0,3.11,0.0,upi,Beauty,0
323.46,199.0,59.17,1.0,3.0,2.83,0.0,cod,Home & Kitchen,0
1419.31,120.0,80.8,0.0,2.0,3.96,0.0,wallet,Fashion,0
1210.2,45.0,58.27,0.0,2.0,3.14,0.0,card,Books,0
704.24,73.0,68.06,0.0,1.0,3.68,0.0,upi,Electronics,0
1511.27,387.0,73.27,0.0,0.0,3.41,0.0,upi,Home & Kitchen,0
349.71,24.0,63.48,1.0,2.0,3.18,0.0,cod,Beauty,0
1412.8,36.0,89.47,1.0,0.0,4.69,0.0,upi,Pharmacy,0
383.66,26.0,53.34,1.0,0.0,2.63,0.0,upi,Fashion,0
489.58,389.0,24.44,1.0,0.0,1.11,1.0,upi,Food & Beverage,0
1796.32,30.0,76.89,0.0,1.0,4.15,0.0,card,Fashion,0
1820.0,25.0,47.74,1.0,1.0,2.58,1.0,upi,Books,1
1132.76,564.0,68.3,0.0,0.0,3.4,0.0,cod,Pharmacy,0
3306.41,78.0,81.2,1.0,3.0,3.78,0.0,upi,Fashion,0
2402.03,314.0,54.56,0.0,1.0,2.25,1.0,card,Pharmacy,0
698.77,105.0,93.39,0.0,1.0,4.73,0.0,cod,Grocery,0
376.39,434.0,55.73,2.0,0.0,2.97,0.0,cod,Electronics,0
1417.33,49.0,60.82,0.0,2.0,2.73,0.0,upi,Grocery,0
954.85,452.0,73.94,0.0,1.0,3.99,0.0,card,Electronics,0
1245.47,110.0,72.46,1.0,1.0,3.52,0.0,wallet,Food & Beverage,0
1325.97,391.0,87.87,0.0,1.0,3.87,0.0,cod,Food & Beverage,0
450.23,91.0,75.47,0.0,0.0,3.92,0.0,cod,Pharmacy,0
353.16,83.0,23.8,0.0,0.0,1.16,1.0,wallet,Home & Kitchen,0
1263.45,704.0,62.35,0.0,2.0,3.07,0.0,upi,Home & Kitchen,0
1235.32,381.0,81.64,0.0,2.0,4.33,0.0,upi,Electronics,0
266.39,457.0,96.23,0.0,1.0,5.0,0.0,cod,Home & Kitchen,0
488.58,53.0,80.48,0.0,0.0,4.2,0.0,cod,Beauty,0
354.62,233.0,49.04,1.0,0.0,2.33,1.0,upi,Food & Beverage,0
867.48,375.0,86.35,1.0,3.0,3.8,0.0,cod,Books,0
780.99,245.0,30.29,0.0,2.0,1.7,0.0,upi,Home & Kitchen,0
167.14,240.0,71.85,0.0,1.0,3.61,0.0,wallet,Beauty,0
872.99,10.0,71.92,0.0,0.0,3.36,0.0,upi,Grocery,0
1018.6,115.0,81.49,0.0,2.0,3.92,0.0,card,Beauty,0
1057.25,95.0,78.35,0.0,0.0,4.37,0.0,wallet,Grocery,0
356.12,230.0,96.92,1.0,1.0,5.0,0.0,card,Books,0
800.38,93.0,65.18,0.0,3.0,3.6,0.0,upi,Electronics,0
1968.38,94.0,63.46,0.0,2.0,3.49,0.0,upi,Electronics,0
493.98,60.0,82.79,0.0,1.0,4.22,0.0,card,Electronics,0
1895.11,134.0,63.93,0.0,5.0,2.89,0.0,cod,Beauty,1
576.47,71.0,49.24,0.0,2.0,2.49,0.0,cod,Pharmacy,0
1648.3,57.0,21.77,0.0,1.0,1.29,1.0,card,Electronics,0
1225.61,81.0,33.27,1.0,1.0,1.63,1.0,upi,Food & Beverage,1
843.45,35.0,54.94,0.0,0.0,2.83,0.0,upi,Pharmacy,0
1089.62,468.0,36.44,0.0,2.0,1.99,1.0,card,Pharmacy,0
1530.72,290.0,66.18,0.0,1.0,3.6,0.0,card,Beauty,0
308.93,155.0,64.76,0.0,1.0,3.52,0.0,upi,Books,0
2089.35,195.0,44.97,1.0,2.0,2.14,1.0,wallet,Food & Beverage,1
1114.06,158.0,69.98,0.0,0.0,3.1,0.0,card,Food & Beverage,0
358.51,170.0,62.64,0.0,1.0,3.59,0.0,cod,Beauty,0
1532.24,112.0,46.47,0.0,3.0,2.42,0.0,card,Beauty,0
893.92,108.0,70.66,0.0,1.0,3.45,0.0,upi,Beauty,0
1294.81,363.0,74.13,1.0,2.0,3.15,0.0,wallet,Books,0
771.63,215.0,89.01,0.0,2.0,4.67,0.0,card,Home & Kitchen,0
1406.88,675.0,62.21,0.0,0.0,3.26,0.0,card,Pharmacy,0
509.26,56.0,70.66,0.0,0.0,3.45,0.0,card,Grocery,0
635.47,71.0,86.89,0.0,0.0,4.46,0.0,cod,Food & Beverage,0
1217.56,70.0,60.95,0.0,0.0,3.47,0.0,wallet,Home & Kitchen,0
2108.91,283.0,57.09,0.0,1.0,2.47,0.0,upi,Books,0
839.8,118.0,56.98,1.0,0.0,3.19,0.0,cod,Grocery,0
1451.17,59.0,59.08,0.0,2.0,2.67,0.0,upi,Books,0
1366.37,221.0,79.47,0.0,1.0,3.62,0.0,upi,Beauty,0
2015.13,121.0,52.96,0.0,2.0,2.57,0.0,cod,Electronics,0
400.83,261.0,22.79,0.0,2.0,1.55,1.0,card,Electronics,1
1070.43,67.0,68.27,0.0,2.0,3.18,0.0,upi,Electronics,0
1000.83,131.0,69.78,0.0,0.0,3.45,0.0,upi,Grocery,0
1070.72,30.0,24.75,0.0,0.0,1.0,1.0,cod,Grocery,1
564.84,470.0,33.14,0.0,1.0,1.81,1.0,upi,Food & Beverage,0
856.88,216.0,95.91,1.0,0.0,4.54,0.0,upi,Electronics,0
1640.49,126.0,83.73,0.0,0.0,4.05,0.0,cod,Fashion,0
418.27,18.0,84.61,0.0,0.0,4.5,0.0,upi,Home & Kitchen,0
1212.03,154.0,51.3,1.0,1.0,2.36,0.0,upi,Pharmacy,0
725.37,18.0,25.16,1.0,1.0,1.39,1.0,card,Food & Beverage,1
1026.67,137.0,65.47,0.0,2.0,3.37,0.0,card,Pharmacy,0
702.06,122.0,70.98,0.0,1.0,3.62,0.0,upi,Food & Beverage,0
1639.47,260.0,84.18,0.0,1.0,3.9,0.0,card,Home & Kitchen,0
363.99,21.0,79.44,0.0,2.0,4.03,0.0,upi,Home & Kitchen,0
1034.07,165.0,59.89,0.0,1.0,2.94,0.0,wallet,Grocery,0
1732.77,71.0,85.97,0.0,0.0,4.22,0.0,cod,Beauty,0
1080.88,59.0,84.91,0.0,0.0,4.46,0.0,cod,Food & Beverage,0
475.27,87.0,23.11,0.0,2.0,1.0,1.0,cod,Pharmacy,1
462.22,122.0,46.68,1.0,1.0,2.14,1.0,upi,Fashion,1
1021.05,111.0,30.05,2.0,1.0,1.5,0.0,upi,Pharmacy,0
215.13,486.0,68.04,0.0,0.0,3.86,0.0,upi,Fashion,0
1246.23,170.0,47.58,0.0,0.0,1.84,0.0,card,Grocery,0
274.06,137.0,92.48,1.0,1.0,4.68,0.0,wallet,Pharmacy,0
369.3,184.0,69.65,0.0,0.0,3.43,0.0,upi,Beauty,0
2354.37,203.0,96.25,0.0,0.0,5.0,0.0,wallet,Food & Beverage,0
2079.26,6.0,43.89,0.0,2.0,1.98,0.0,upi,Pharmacy,0
642.28,68.0,54.13,0.0,4.0,2.64,1.0,upi,Food & Beverage,1
1813.81,43.0,87.62,0.0,0.0,4.11,0.0,upi,Food & Beverage,0
478.01,106.0,65.89,0.0,1.0,3.17,0.0,upi,Food & Beverage,0
1254.14,212.0,70.54,3.0,0.0,3.72,0.0,cod,Books,0
1904.48,415.0,88.91,0.0,0.0,4.57,0.0,upi,Electronics,0
536.88,134.0,79.03,0.0,0.0,3.87,0.0,cod,Beauty,0
271.52,9.0,44.03,0.0,1.0,2.47,0.0,cod,Food & Beverage,0
945.27,137.0,81.27,0.0,2.0,4.79,0.0,card,Home & Kitchen,0
518.23,142.0,70.85,0.0,3.0,3.3,0.0,upi,Electronics,0
547.04,60.0,52.05,0.0,1.0,2.76,0.0,upi,Books,0
367.53,276.0,70.73,0.0,0.0,3.55,0.0,cod,Fashion,0
90.13,70.0,90.72,0.0,2.0,4.86,0.0,wallet,Home & Kitchen,0
584.31,246.0,85.76,0.0,1.0,4.12,0.0,upi,Fashion,0
630.04,282.0,72.26,0.0,1.0,3.91,0.0,wallet,Grocery,0
476.64,295.0,85.01,1.0,0.0,4.22,0.0,wallet,Electronics,0
357.37,211.0,56.82,0.0,0.0,2.77,0.0,card,Home & Kitchen,0
1548.63,7.0,50.09,1.0,0.0,2.55,0.0,card,Beauty,0
1085.72,251.0,89.51,0.0,1.0,4.52,0.0,cod,Books,0
288.36,49.0,37.78,1.0,2.0,1.62,0.0,wallet,Beauty,1
982.07,257.0,75.89,1.0,0.0,3.8,0.0,card,Fashion,0
434.88,321.0,95.04,0.0,3.0,5.0,0.0,upi,Pharmacy,0
1461.79,15.0,60.12,0.0,0.0,2.66,0.0,cod,Food & Beverage,0
482.65,77.0,54.85,1.0,2.0,2.88,0.0,upi,Electronics,1
1649.92,46.0,81.02,1.0,1.0,4.36,0.0,card,Food & Beverage,0
1574.83,406.0,82.97,1.0,0.0,4.14,0.0,card,Home & Kitchen,0
1169.87,294.0,52.09,0.0,1.0,2.53,0.0,upi,Food & Beverage,0
473.83,8.0,32.76,0.0,1.0,1.64,1.0,upi,Beauty,0
701.34,26.0,83.38,0.0,1.0,3.89,0.0,card,Grocery,0
765.1,131.0,84.53,0.0,0.0,4.16,0.0,card,Fashion,0
913.21,634.0,46.9,0.0,2.0,2.86,0.0,wallet,Grocery,0
1739.92,260.0,54.01,0.0,4.0,2.66,1.0,upi,Electronics,1
646.45,161.0,52.16,3.0,1.0,2.61,0.0,cod,Grocery,1
1441.98,207.0,79.29,0.0,0.0,3.68,0.0,card,Grocery,0
331.63,180.0,55.18,1.0,3.0,2.88,0.0,upi,Home & Kitchen,0
512.5,5.0,68.98,0.0,0.0,3.13,0.0,upi,Fashion,0
441.97,116.0,62.8,0.0,0.0,3.08,0.0,upi,Pharmacy,0
1457.27,5.0,85.1,0.0,1.0,3.44,0.0,card,Beauty,0
1953.21,77.0,53.44,0.0,2.0,2.68,0.0,wallet,Books,0
568.54,124.0,60.21,0.0,0.0,3.06,0.0,cod,Electronics,0
461.84,6.0,77.5,0.0,3.0,3.65,0.0,upi,Fashion,0
717.68,193.0,49.3,0.0,2.0,2.3,1.0,upi,Books,0
420.27,47.0,81.41,0.0,0.0,3.87,0.0,upi,Books,0
582.96,31.0,73.71,2.0,0.0,3.89,0.0,upi,Pharmacy,0
718.65,71.0,49.26,0.0,1.0,2.3,0.0,upi,Books,0
723.7,329.0,71.27,1.0,4.0,3.98,0.0,cod,Grocery,0
233.93,41.0,82.5,0.0,2.0,4.55,0.0,card,Books,0
562.19,381.0,94.47,2.0,0.0,4.74,0.0,upi,Electronics,0
2268.7,360.0,41.07,0.0,0.0,2.52,1.0,upi,Books,0
267.86,92.0,64.58,0.0,3.0,3.66,0.0,cod,Grocery,0
904.99,31.0,77.8,1.0,0.0,4.01,0.0,upi,Books,0
845.69,65.0,58.71,0.0,1.0,2.67,0.0,upi,Food & Beverage,0
2700.53,77.0,95.62,0.0,0.0,4.89,0.0,upi,Home & Kitchen,0
878.29,53.0,74.88,0.0,1.0,3.81,0.0,cod,Electronics,0
2148.41,30.0,53.78,0.0,1.0,2.53,0.0,cod,Grocery,0
861.33,219.0,73.06,0.0,0.0,4.26,0.0,upi,Books,0
547.92,274.0,71.33,1.0,3.0,3.76,0.0,card,Books,0
895.19,255.0,45.05,1.0,1.0,1.9,0.0,cod,Books,0
322.27,3.0,86.92,0.0,7.0,4.47,0.0,card,Food & Beverage,0
948.23,19.0,24.95,0.0,0.0,1.26,1.0,card,Electronics,0
586.6,234.0,77.86,1.0,1.0,4.03,0.0,cod,Food & Beverage,0
550.47,286.0,97.54,0.0,2.0,4.83,0.0,cod,Books,0
1536.72,287.0,44.55,1.0,0.0,1.85,1.0,card,Food & Beverage,0
667.37,228.0,86.38,0.0,0.0,4.64,0.0,upi,Fashion,0
178.73,81.0,62.29,0.0,0.0,3.66,0.0,upi,Beauty,0
1116.92,775.0,38.27,0.0,2.0,1.79,1.0,upi,Fashion,0
1278.62,902.0,66.23,1.0,0.0,3.27,0.0,card,Pharmacy,0
2938.82,240.0,21.96,0.0,0.0,1.44,1.0,card,Books,0
944.79,143.0,85.05,0.0,1.0,4.11,0.0,card,Grocery,0
629.13,249.0,28.49,1.0,0.0,1.68,0.0,upi,Beauty,0
1128.68,883.0,86.8,0.0,2.0,4.32,0.0,card,Fashion,0
339.49,4.0,71.95,1.0,1.0,3.36,0.0,card,Pharmacy,0
549.12,47.0,65.29,1.0,1.0,3.09,0.0,cod,Home & Kitchen,0
1207.47,89.0,52.33,0.0,1.0,2.6,0.0,upi,Home & Kitchen,0
701.47,197.0,49.35,1.0,2.0,2.48,0.0,upi,Electronics,0
211.52,116.0,20.06,2.0,1.0,1.0,1.0,wallet,Beauty,1
663.67,88.0,45.84,0.0,2.0,2.35,1.0,upi,Beauty,0
886.02,46.0,68.39,0.0,2.0,2.76,0.0,card,Food & Beverage,0
681.89,205.0,69.5,0.0,0.0,3.68,0.0,wallet,Fashion,0
234.13,679.0,93.13,0.0,1.0,4.89,0.0,card,Electronics,0
113.87,32.0,93.12,1.0,1.0,4.43,0.0,card,Electronics,0
1356.82,7.0,73.45,0.0,1.0,3.69,0.0,upi,Books,0
1261.26,99.0,34.02,0.0,1.0,1.57,1.0,cod,Beauty,1
506.62,209.0,38.44,1.0,2.0,1.8,0.0,wallet,Food & Beverage,0
491.56,964.0,76.0,1.0,0.0,3.72,0.0,card,Beauty,0
636.27,98.0,64.89,0.0,0.0,3.2,0.0,cod,Fashion,0
1403.43,850.0,64.92,2.0,2.0,3.09,0.0,upi,Home & Kitchen,0
893.13,77.0,43.16,0.0,1.0,2.23,1.0,cod,Pharmacy,0
1850.77,197.0,52.24,0.0,0.0,3.07,1.0,wallet,Food & Beverage,0
877.82,122.0,52.55,0.0,1.0,2.77,0.0,cod,Grocery,0
434.86,543.0,58.11,0.0,1.0,2.85,0.0,upi,Pharmacy,0
521.24,114.0,49.6,0.0,1.0,2.85,0.0,card,Food & Beverage,0
1144.91,166.0,66.79,1.0,0.0,3.68,0.0,upi,Food & Beverage,0
2143.35,876.0,37.81,0.0,2.0,2.16,0.0,upi,Food & Beverage,0
922.41,231.0,29.08,0.0,1.0,1.58,1.0,upi,Home & Kitchen,0
1563.88,161.0,42.82,0.0,2.0,2.27,0.0,upi,Electronics,0
1060.63,349.0,96.07,0.0,2.0,5.0,0.0,card,Pharmacy,0
990.02,138.0,81.71,0.0,1.0,4.44,0.0,cod,Fashion,0
2300.06,49.0,30.91,0.0,0.0,1.34,0.0,upi,Grocery,0
372.41,96.0,88.02,1.0,4.0,4.36,0.0,upi,Pharmacy,0
643.73,919.0,94.5,0.0,4.0,5.0,0.0,upi,Grocery,0
564.99,57.0,67.42,0.0,1.0,3.4,0.0,upi,Pharmacy,0
797.97,246.0,66.53,2.0,1.0,3.35,0.0,upi,Fashion,0
262.24,49.0,84.79,1.0,1.0,4.5,0.0,card,Grocery,0
772.77,280.0,58.68,2.0,1.0,2.65,0.0,wallet,Books,0
493.47,45.0,94.33,0.0,0.0,5.0,0.0,upi,Home & Kitchen,0
518.33,58.0,95.4,1.0,0.0,4.5,0.0,card,Grocery,0
1657.7,262.0,80.98,0.0,3.0,3.94,0.0,cod,Home & Kitchen,0
452.85,1.0,88.34,0.0,1.0,3.95,0.0,upi,Fashion,0
2716.23,782.0,53.67,0.0,2.0,2.55,0.0,upi,Pharmacy,0
897.89,254.0,81.4,0.0,2.0,4.24,0.0,upi,Food & Beverage,0
138.66,14.0,81.36,0.0,0.0,4.13,0.0,cod,Fashion,0
1565.74,21.0,43.25,0.0,4.0,2.09,1.0,upi,Home & Kitchen,1
111.29,174.0,61.38,0.0,2.0,3.2,0.0,card,Fashion,0
315.37,147.0,44.92,1.0,2.0,2.38,0.0,upi,Electronics,0
1036.63,250.0,88.14,1.0,3.0,4.09,0.0,card,Electronics,0
679.87,220.0,63.93,1.0,0.0,3.52,0.0,card,Beauty,0
1255.77,65.0,88.75,0.0,0.0,4.61,0.0,cod,Books,0
521.95,158.0,56.77,0.0,2.0,2.4,0.0,upi,Food & Beverage,0
518.48,172.0,74.25,1.0,1.0,4.2,0.0,wallet,Grocery,0
586.07,117.0,78.16,0.0,2.0,3.82,0.0,card,Pharmacy,0
1077.93,59.0,28.08,0.0,0.0,1.09,0.0,card,Home & Kitchen,0
1278.97,52.0,89.08,0.0,0.0,4.07,0.0,cod,Fashion,0
329.56,44.0,54.02,0.0,2.0,2.23,0.0,upi,Electronics,0
1708.38,188.0,82.96,0.0,0.0,4.0,0.0,upi,Fashion,0
2624.21,321.0,55.75,0.0,2.0,2.56,0.0,upi,Grocery,0
780.03,512.0,76.23,0.0,3.0,3.48,0.0,upi,Home & Kitchen,0
953.2,246.0,96.68,0.0,1.0,4.74,0.0,upi,Pharmacy,0
494.16,728.0,21.92,2.0,2.0,1.55,1.0,wallet,Home & Kitchen,1
1520.77,216.0,85.64,0.0,3.0,4.07,0.0,upi,Electronics,0
114.97,36.0,37.4,1.0,2.0,1.77,0.0,upi,Home & Kitchen,1
2047.85,521.0,71.84,0.0,0.0,3.76,0.0,cod,Beauty,0
1900.8,528.0,23.53,0.0,2.0,1.72,1.0,upi,Beauty,1
308.83,2.0,67.2,1.0,1.0,3.42,0.0,upi,Beauty,0
444.15,108.0,53.43,0.0,1.0,2.81,0.0,wallet,Electronics,0
699.54,332.0,49.98,0.0,3.0,2.75,0.0,cod,Books,0
1409.57,28.0,77.11,0.0,0.0,4.0,0.0,card,Pharmacy,0
240.79,21.0,59.25,0.0,1.0,2.46,0.0,card,Home & Kitchen,0
538.64,29.0,29.62,1.0,1.0,1.25,0.0,upi,Food & Beverage,0
1164.44,174.0,52.65,0.0,1.0,2.84,1.0,card,Grocery,0
287.43,131.0,89.34,1.0,2.0,4.31,0.0,upi,Fashion,0
736.17,186.0,83.75,0.0,1.0,3.8,0.0,card,Home & Kitchen,0
839.15,11.0,96.14,0.0,0.0,4.73,0.0,upi,Books,0
364.07,265.0,80.96,0.0,0.0,4.21,0.0,card,Electronics,0
809.92,84.0,32.01,1.0,1.0,1.75,0.0,card,Pharmacy,0
860.48,240.0,76.89,0.0,1.0,3.86,0.0,upi,Beauty,0
489.28,110.0,68.78,1.0,2.0,2.89,0.0,upi,Home & Kitchen,1
217.63,26.0,22.57,0.0,1.0,1.19,1.0,card,Home & Kitchen,1
201.74,349.0,75.18,1.0,0.0,3.37,0.0,wallet,Beauty,0
1109.68,123.0,76.7,0.0,1.0,4.0,0.0,wallet,Home & Kitchen,0
1107.5,19.0,53.19,1.0,1.0,2.77,0.0,card,Beauty,0
609.33,135.0,51.05,1.0,1.0,2.39,0.0,card,Food & Beverage,0
691.57,58.0,51.01,0.0,1.0,2.15,0.0,card,Beauty,0
546.07,81.0,84.2,2.0,0.0,4.55,0.0,upi,Fashion,0
1753.24,97.0,57.58,0.0,1.0,2.97,0.0,card,Fashion,0
554.14,228.0,74.49,0.0,0.0,3.44,0.0,card,Food & Beverage,0
2353.63,181.0,85.53,1.0,2.0,4.72,0.0,cod,Grocery,0
420.0,9.0,91.12,0.0,3.0,4.57,0.0,upi,Food & Beverage,0
1530.19,237.0,69.88,1.0,1.0,3.3,0.0,upi,Electronics,0
288.1,430.0,63.63,0.0,0.0,3.5,0.0,upi,Fashion,0
993.66,95.0,75.62,1.0,0.0,4.02,0.0,upi,Books,0
259.73,18.0,98.86,1.0,1.0,5.0,0.0,card,Fashion,0
493.42,141.0,66.12,1.0,0.0,3.38,0.0,wallet,Fashion,0
1507.87,653.0,86.71,0.0,2.0,4.0,0.0,upi,Grocery,0
268.67,252.0,64.91,0.0,1.0,2.93,0.0,upi,Books,0
1974.56,66.0,63.5,0.0,1.0,3.05,0.0,upi,Food & Beverage,0
1341.22,226.0,77.1,0.0,1.0,3.26,0.0,card,Fashion,0
1333.68,347.0,80.34,0.0,0.0,4.1,0.0,wallet,Pharmacy,0
1331.11,137.0,96.08,0.0,2.0,4.78,0.0,card,Food & Beverage,0
2069.68,136.0,78.08,0.0,1.0,3.92,0.0,cod,Electronics,0
996.12,32.0,92.67,0.0,1.0,5.0,0.0,card,Grocery,0
492.09,320.0,70.47,0.0,3.0,3.18,0.0,wallet,Electronics,0
1166.85,156.0,57.75,0.0,0.0,2.93,0.0,card,Home & Kitchen,0
741.7,1.0,73.75,0.0,0.0,3.35,0.0,card,Food & Beverage,0
1817.92,590.0,77.28,0.0,2.0,4.25,0.0,wallet,Home & Kitchen,0
775.76,44.0,54.92,0.0,1.0,2.44,1.0,card,Electronics,0
1394.13,199.0,67.53,0.0,2.0,3.94,0.0,upi,Electronics,0
369.79,51.0,34.04,0.0,3.0,1.41,0.0,wallet,Food & Beverage,0
726.46,194.0,63.48,1.0,3.0,3.27,0.0,card,Food & Beverage,0
743.72,9.0,84.67,0.0,1.0,4.39,0.0,cod,Electronics,0
1824.25,107.0,90.78,0.0,0.0,4.8,0.0,upi,Electronics,0
1320.95,5.0,52.93,0.0,1.0,2.32,0.0,wallet,Home & Kitchen,0
373.12,7.0,81.75,1.0,3.0,3.73,0.0,cod,Grocery,0
798.56,55.0,79.96,1.0,3.0,3.86,0.0,card,Electronics,0
605.32,162.0,61.96,0.0,2.0,3.31,0.0,cod,Pharmacy,0
1340.39,167.0,59.87,0.0,2.0,3.0,0.0,cod,Fashion,0
1439.88,291.0,62.62,0.0,3.0,3.46,0.0,cod,Food & Beverage,0
1707.57,68.0,51.39,0.0,1.0,2.32,0.0,card,Beauty,0
1427.16,340.0,43.25,0.0,1.0,2.09,0.0,cod,Fashion,0
424.9,274.0,65.48,0.0,0.0,3.25,0.0,wallet,Food & Beverage,0
743.58,95.0,78.6,0.0,3.0,3.89,0.0,card,Home & Kitchen,0
1520.79,370.0,78.35,0.0,0.0,4.09,0.0,upi,Beauty,0
1900.8,381.0,68.23,1.0,1.0,3.78,0.0,upi,Beauty,0
276.68,67.0,79.12,0.0,0.0,3.78,0.0,cod,Electronics,0
1145.36,110.0,44.64,1.0,0.0,2.09,1.0,upi,Fashion,0
763.76,158.0,67.12,0.0,2.0,3.45,0.0,card,Beauty,0
948.59,266.0,80.99,1.0,1.0,4.15,0.0,cod,Grocery,0
1321.38,17.0,69.15,0.0,2.0,3.78,0.0,card,Electronics,0
818.24,222.0,74.11,0.0,1.0,3.73,0.0,upi,Grocery,0
889.38,92.0,72.47,0.0,2.0,3.56,0.0,wallet,Beauty,0
349.01,273.0,86.61,0.0,2.0,4.86,0.0,card,Fashion,0
743.39,76.0,91.22,0.0,1.0,4.66,0.0,upi,Electronics,0
711.48,768.0,90.35,0.0,2.0,4.73,0.0,upi,Books,0
686.02,157.0,85.76,0.0,3.0,3.81,0.0,cod,Food & Beverage,0
674.82,15.0,64.5,0.0,0.0,3.18,0.0,card,Beauty,0
2234.15,10.0,25.78,1.0,1.0,1.63,1.0,card,Food & Beverage,1
1307.24,149.0,68.95,0.0,0.0,3.48,0.0,upi,Grocery,0
307.61,139.0,29.63,0.0,1.0,1.46,1.0,upi,Beauty,1
175.15,22.0,74.37,0.0,0.0,3.15,0.0,card,Books,0
721.53,122.0,84.87,2.0,1.0,4.2,0.0,upi,Home & Kitchen,0
1627.43,87.0,47.77,0.0,0.0,2.76,0.0,wallet,Books,0
379.99,290.0,86.13,0.0,1.0,4.31,0.0,upi,Food & Beverage,0
1457.15,26.0,71.82,0.0,0.0,3.73,0.0,upi,Food & Beverage,0
436.35,72.0,89.07,0.0,0.0,4.36,0.0,upi,Fashion,0
604.73,202.0,61.65,0.0,0.0,2.98,0.0,upi,Home & Kitchen,0
696.53,155.0,70.9,0.0,1.0,3.56,0.0,upi,Fashion,0
817.87,639.0,83.51,0.0,1.0,4.33,0.0,card,Pharmacy,0
251.2,20.0,71.66,0.0,5.0,3.82,0.0,cod,Grocery,0
300.64,29.0,54.62,0.0,2.0,2.95,0.0,upi,Pharmacy,1
594.54,460.0,69.97,0.0,0.0,3.4,0.0,upi,Food & Beverage,0
206.83,164.0,79.98,0.0,2.0,4.06,0.0,upi,Pharmacy,0
553.68,186.0,84.23,0.0,1.0,3.83,0.0,upi,Electronics,0
954.39,655.0,85.82,0.0,1.0,4.37,0.0,upi,Grocery,0
359.26,41.0,57.33,1.0,4.0,2.27,0.0,upi,Books,0
539.62,45.0,90.87,0.0,1.0,4.09,0.0,upi,Fashion,0
865.93,444.0,71.25,0.0,0.0,3.62,0.0,upi,Pharmacy,0
274.84,38.0,23.24,1.0,4.0,1.32,1.0,wallet,Pharmacy,1
960.62,60.0,85.13,0.0,0.0,3.89,0.0,upi,Food & Beverage,0
749.19,27.0,62.16,0.0,0.0,3.28,0.0,cod,Electronics,0
419.51,68.0,88.88,0.0,3.0,4.4,0.0,upi,Home & Kitchen,0
1737.12,152.0,81.45,0.0,1.0,4.41,0.0,card,Home & Kitchen,0
342.26,28.0,90.7,0.0,0.0,4.97,0.0,upi,Fashion,0
1005.37,22.0,81.08,0.0,3.0,3.38,0.0,upi,Books,0
1029.54,132.0,89.87,1.0,2.0,5.0,0.0,upi,Home & Kitchen,0
346.02,109.0,55.69,0.0,2.0,3.06,0.0,cod,Food & Beverage,0
434.79,544.0,81.03,0.0,3.0,4.23,0.0,wallet,Food & Beverage,0
1131.38,330.0,90.45,0.0,4.0,4.42,0.0,card,Fashion,0
1384.5,6.0,55.75,0.0,0.0,2.94,0.0,card,Home & Kitchen,0
970.46,415.0,88.55,0.0,0.0,4.54,0.0,card,Home & Kitchen,0
1127.73,784.0,56.04,0.0,2.0,3.06,0.0,wallet,Fashion,0
554.07,207.0,55.63,0.0,2.0,2.89,0.0,card,Grocery,0
1583.48,146.0,88.66,0.0,0.0,4.6,0.0,upi,Beauty,0
216.67,631.0,47.65,0.0,0.0,2.61,1.0,cod,Electronics,0
909.98,158.0,80.26,0.0,0.0,3.44,0.0,cod,Grocery,0
1548.25,28.0,22.96,2.0,0.0,1.07,0.0,cod,Fashion,0
1428.74,13.0,91.42,0.0,0.0,4.58,0.0,cod,Pharmacy,0
91.8,73.0,96.65,1.0,2.0,4.72,0.0,upi,Fashion,0
1331.98,306.0,58.8,0.0,1.0,3.28,0.0,card,Pharmacy,0
545.67,53.0,59.17,1.0,1.0,3.45,0.0,upi,Books,0
535.47,311.0,82.45,0.0,3.0,4.17,0.0,wallet,Electronics,0
935.73,206.0,86.23,1.0,1.0,4.36,0.0,upi,Books,0
335.25,188.0,66.03,0.0,2.0,3.34,0.0,card,Electronics,0
1031.0,206.0,86.03,0.0,1.0,3.84,0.0,cod,Pharmacy,0
1497.39,28.0,82.55,1.0,1.0,3.87,0.0,upi,Food & Beverage,0
1901.31,53.0,78.51,0.0,2.0,3.67,0.0,cod,Electronics,0
2466.11,109.0,91.87,0.0,2.0,4.84,0.0,cod,Fashion,0
956.59,1.0,86.66,0.0,0.0,4.22,0.0,upi,Home & Kitchen,0
491.11,255.0,52.77,0.0,2.0,2.62,0.0,card,Beauty,0
389.21,15.0,83.98,1.0,3.0,4.15,0.0,card,Pharmacy,0
2760.84,157.0,72.13,1.0,1.0,3.53,0.0,upi,Beauty,0
625.17,504.0,53.71,2.0,1.0,3.32,0.0,wallet,Grocery,0
116.4,114.0,71.7,0.0,1.0,3.62,0.0,card,Beauty,0
421.23,231.0,40.88,0.0,2.0,2.47,0.0,card,Grocery,0
515.34,39.0,36.66,0.0,1.0,1.62,1.0,card,Grocery,0
1346.29,654.0,80.49,0.0,3.0,3.69,0.0,upi,Pharmacy,0
1982.79,367.0,45.55,1.0,0.0,2.55,1.0,card,Home & Kitchen,1
1443.45,237.0,69.19,2.0,3.0,3.51,0.0,upi,Fashion,0
1164.36,458.0,62.0,0.0,1.0,3.29,0.0,cod,Food & Beverage,0
2016.47,363.0,72.05,0.0,3.0,4.15,0.0,cod,Fashion,0
1413.32,53.0,65.43,0.0,1.0,3.33,0.0,cod,Pharmacy,0
1731.39,44.0,29.98,0.0,1.0,1.62,1.0,upi,Fashion,0
513.92,1134.0,77.72,0.0,2.0,3.79,0.0,card,Home & Kitchen,0
